stratum,weight,vehicle_id,vehicle,event_id,type,published,title,applies_to,text,source_url,human_label,labeller
"reached","1.0000","chevy-silverado","2022 Chevrolet Silverado 1500 LT Trail Boss Crew Cab","nhtsa-cmpl-11760853","complaint","2026-08-31","Owner complaint 11760853: CHEVROLET SILVERADO 1500 2021","CHEVROLET SILVERADO 1500 2021","Number 2 cylinder lifter failure. Metal found in oil. Need to replace the engine","https://www.nhtsa.gov/recalls?nhtsaId=11760853","",""
"reached","1.0000","ford-f150","2022 Ford F-150 Lariat SuperCrew","nhtsa-mc-11036595","manufacturer_communication","2026-09-01","Service bulletin TSB 26-2395","FORD EXPLORER 2020/2021/2022/2023; FORD F-150 2021/2022/2023; LINCOLN AVIATOR 2020/2021/2022/2023","This article supersedes 26-2287. Reason for update: update the labor operation numbers to add MT to operations C, F, G, H, J, K, L and M, and correct the part number LIMZ-4A015-B to L1MZ-4A015-B. Some of the vehicles listed in the Model statement above may exhibit at least one of the following conditions: Harsh engagement Delayed engagement Harsh shift Delayed shift Illuminated malfunction indicator lamp (MIL) with diagnostic trouble codes (DTC)s P0751, P0752, P0756, P0757, P0761, P0762, P0766, P0767, P0771, P0772, P2700, P2701, P2702, P2703, P2704, P2705, P2707, P2708, P0729, P0731, P0732, P0733, P0734, P0735, P0736, P076F, P07D9, P07F6 and/or P07F7 stored in the powertrain control module (PCM) or transmission control module (TCM). This may be due to axial movement of the CDF clutch cylinder sleeve causing hydraulic circuit leaks. NOTE: If internal transmission service is required to address a concern detected with the CDF clutch cylinder following this article, technicians should carefully inspect and replace other transmission components and flush transmission fluid cooler only as ne","https://www.nhtsa.gov/recalls?nhtsaId=11036595","",""
"reached","1.0000","ford-f150","2022 Ford F-150 Lariat SuperCrew","nhtsa-rcl-26E063000","recall","2026-09-09","Recall 26E063000: ELECTRICAL SYSTEM:PROPULSION SYSTEM:TRACTION BATTERY:MANAGEMENT SYSTEM/ENERGY CONTROL MODULE (BMS/BECM):SOFTWARE","FORD BATTERY ENERGY CONTROL MODULE ","Ford Motor Company (Ford) is recalling certain Battery Energy Control Modules (BECM) with part numbers PZ98-10B687-K* and PZ98-14C197-K*. The battery energy control module software may cause an incorrect state of charge to display in the vehicle, or lead to an increased risk of a high voltage battery fire after repeated DC Fast Charging cycles.","https://www.nhtsa.gov/recalls?nhtsaId=26E063000","",""
"reached","1.0000","subaru-outback","2020 Subaru Outback Premium","nhtsa-mc-11036809","manufacturer_communication","2026-09-03","Service bulletin 16-154-25R","SUBARU ASCENT 2019/2020/2021/2022/2023/2024/2025; SUBARU CROSSTREK 2018/2019/2020/2021/2022/2023/2024/2025/2026; SUBARU FORESTER 2019/2020/2021/2022/2023/2024/2025/2026; SUBARU IMPREZA 2017/2018/2019/2020/2021/2022/2023/2024/2025/2026; SUBARU LEGACY 2018/2019/2020/2021/2022/2023/2024/2025; SUBARU OUTBACK 2018/2019/2020/2021/2022/2023/2024/2025/2026; SUBARU WRX 2022/2023/2024/2025","This Service Information Bulletin announces the release of a new diagnostic assistance application for TR690 and TR580 CVT-equipped vehicles. This is an revised version of the original bulletin.","https://www.nhtsa.gov/recalls?nhtsaId=11036809","",""
"reached","1.0000","ford-f150","2022 Ford F-150 Lariat SuperCrew","nhtsa-mc-11037297","manufacturer_communication","2026-09-12","Service bulletin TSB 26-2391","FORD F-150 2021/2022/2023","This bulletin updates 26-2206. Reason for update: update the Service Procedure to revise Steps 19-21, adding Step 22, and adding Figure 15-16 to clarify connector C316 location. Some of the vehicles listed in the Model statement above may exhibit diagnostic trouble codes (DTCs) C1001:31, U3000:89, and/or U3000:49 stored in the image processing module A (IPMA) and at least one of the following conditions: ""Front Camera Fault Service Required"" message Pre-collision assist inoperative Adaptive cruise control inoperative Front windshield camera alignment routine fails to complete This may be due to the coaxial cable between the IPMA camera and the IPMA.","https://www.nhtsa.gov/recalls?nhtsaId=11037297","",""
"reached","1.0000","ford-f150","2022 Ford F-150 Lariat SuperCrew","nhtsa-cmpl-11765728","complaint","2026-09-20","Owner complaint 11765728: FORD F-150 2022","FORD F-150 2022","The passenger side daytime running light has now failed leaving the vehicle less visible during low visibility times like fog or dawn and dusk. Problem can be reproduced but has not been inspected yet. No warning lamps or symptoms prior to failure. Problem occured 9-19-2026","https://www.nhtsa.gov/recalls?nhtsaId=11765728","",""
"reached","1.0000","ford-mach-e","2023 Ford Mustang Mach-E GT, extended range","nhtsa-rcl-26V582000","recall","2026-09-09","Recall 26V582000: ELECTRICAL SYSTEM:PROPULSION SYSTEM:TRACTION BATTERY:MANAGEMENT SYSTEM/ENERGY CONTROL MODULE (BMS/BECM):SOFTWARE","FORD MUSTANG MACH E 2023/2024/2025","Ford Motor Company (Ford) is recalling certain 2023-2025 Mustang Mache E vehicles that received a new Battery Energy Control Module (BECM) during a prior repair. The battery energy control module software may cause an incorrect state of charge to display in the vehicle, or lead to an increased risk of a high voltage battery fire after repeated DC Fast Charging cycles.","https://www.nhtsa.gov/recalls?nhtsaId=26V582000","",""
"reached","1.0000","chevy-silverado","2022 Chevrolet Silverado 1500 LT Trail Boss Crew Cab","nhtsa-mc-11036648","manufacturer_communication","2026-09-02","Emissions communication N262558690-01","BUICK ENCLAVE 2022; CHEVROLET BLAZER 2022; CHEVROLET CAMARO 2022; CHEVROLET COLORADO 2023; CHEVROLET EQUINOX 2022; CHEVROLET SILVERADO 1500 2022/2023; CHEVROLET SUBURBAN 2022; CHEVROLET TAHOE 2022; CHEVROLET TRAVERSE 2022; GMC CANYON 2023; GMC SIERRA 1500 2022/2023; GMC TERRAIN 2023","Emission Recall. General Motors has decided to conduct a Voluntary Emission Recall. Certain vehicles listed above may have a condition which can cause the fuel pump power control module to fail. If this were to occur, fuel flow to the engine could be interrupted. Dealers will replace the fuel pump power control module.","https://www.nhtsa.gov/recalls?nhtsaId=11036648","",""
"reached","1.0000","subaru-outback","2020 Subaru Outback Premium","nhtsa-mc-11036807","manufacturer_communication","2026-09-03","Service bulletin 15-308-23R","SEAT COVER UNLIMITED SEAT COVER UNLIMITED ; SUBARU 64669AC260MU ; SUBARU 64669AC360MU ; SUBARU 64669AC370MU ; SUBARU 64669AC380MU ; SUBARU 64669AC390MU ; SUBARU ASCENT 2019/2020/2021/2022/2023/2024/2025/2026; SUBARU B9 TRIBECA 2006/2007/2008/2009/2010/2011/2012; SUBARU BAJA 2003/2004/2005/2006; SUBARU BRZ 2013/2014/2015/2016/2017/2018/2019/2020/2021/2022/2023/2024/2025/2026; SUBARU CROSSTREK 2012/2013/2014/2015/2016/2017/2018/2019/2020/2021/2022/2023/2024/2025/2026; SUBARU CROSSTREK HYBRID 2016/2017/2018/2019/2020/2021/2022/2023/2026","This Service Information Bulletin outlines a systematic procedure for diagnosing parasitic draw (dark/standby current) in vehicles experiencing battery drain when the ignition is off, leading to no-start conditions or frequent jump-starts.This is an revised version of the original bulletin.","https://www.nhtsa.gov/recalls?nhtsaId=11036807","",""
"reached","1.0000","honda-crv","2023 Honda CR-V Sport Touring Hybrid","nhtsa-mc-11036424","manufacturer_communication","2026-08-27","Manufacturer communication AEBM08262026901","HONDA ACCORD 2018/2019/2020/2021/2022/2023/2024/2025/2026; HONDA ACCORD HYBRID 2018/2019/2020/2021/2022/2023/2024/2025/2026; HONDA CIVIC 2016/2017/2018/2019/2020/2021/2022/2023/2024/2025/2026; HONDA CIVIC HYBRID 2025/2026; HONDA CR-V 2017/2018/2019/2020/2021/2022/2023/2024/2025/2026; HONDA CR-V HYBRID 2020/2021/2022/2023/2024/2025/2026","Dealer Message - Under certain conditions, the cylinder head gasket effectiveness may be reduced which may cause vehicles to experience overheating, coolant loss, misfire, and/or DTCs P0300 through P0304 stored.","https://www.nhtsa.gov/recalls?nhtsaId=11036424","",""
"reached","1.0000","jeep-wrangler","2022 Jeep Wrangler Unlimited Rubicon 4xe","nhtsa-cmpl-11765832","complaint","2026-09-21","Owner complaint 11765832: JEEP WRANGLER 2022","JEEP WRANGLER 2022","The vehicle experiences a severe, violent, and sudden side-to-side shaking of the front suspension and steering wheel (commonly known as ""death wobble""). This dangerous oscillation typically occurs at highway speeds (approx. 55–70 mph) immediately after the vehicle strikes a normal highway bump, expansion joint, or pothole. Note: As a 4xe plug-in hybrid model, the vehicle carries substantially more curb weight than a standard internal combustion engine Wrangler due to the heavy battery pack and electric drivetrain components. This increased mass significantly magnifies the physical forces and wear placed on the front suspension and steering linkage during impact. Despite having less than 30,000 original miles and no history of accidents, the vehicle exhibits rapid component failure. Front-end steering and suspension components—including the inner drag link and tie rod ends—were previously replaced and aligned on March 17, 2026. However, the exact same dangerous steering instability and component wear reoccurred by September 17, 2026, indicating a persistent, underlying design or durability defect that standard parts replacement fails to resolve. When this failure occurs, vehicle co","https://www.nhtsa.gov/recalls?nhtsaId=11765832","",""
"reached","1.0000","subaru-outback","2020 Subaru Outback Premium","nhtsa-mc-11036804","manufacturer_communication","2026-09-03","Manufacturer communication SubaruNet Announcement (C","SUBARU ASCENT 2019/2020/2021/2022/2023/2024/2025/2026; SUBARU CROSSTREK 2018/2019/2020/2021/2022/2023/2024/2025/2026; SUBARU FORESTER 2019/2020/2021/2022/2023/2024/2025/2026; SUBARU IMPREZA 2017/2018/2019/2020/2021/2022/2023/2024/2025/2026; SUBARU LEGACY 2017/2018/2019/2020/2021/2022/2023/2024/2025; SUBARU OUTBACK 2017/2018/2019/2020/2021/2022/2023/2024/2025/2026; SUBARU WRX 2022/2023/2024/2025/2026","This Announcement provides diagnostic assistance for CVT issues.","https://www.nhtsa.gov/recalls?nhtsaId=11036804","",""
"reached","1.0000","chevy-silverado","2022 Chevrolet Silverado 1500 LT Trail Boss Crew Cab","nhtsa-mc-11036713","manufacturer_communication","2026-09-02","Service bulletin PIP6127A","CHEVROLET COLORADO 2023/2024/2025/2026; CHEVROLET SILVERADO 1500 2019/2020/2021/2022; CHEVROLET SILVERADO 2500 2019/2020/2021/2022; CHEVROLET SILVERADO 3500 2019/2020/2021/2022; GMC CANYON 2023/2024/2025/2026; GMC SIERRA 1500 2019/2020/2021/2022; GMC SIERRA 2500 2019/2020/2021/2022; GMC SIERRA 3500 2019/2020/2021/2022","This document assists GM dealer technicians with diagnosing torque converter concerns to ensure torque converter replacement is necessary. The torque converter part number will be placed on order restriction, and the technician will be asked to follow 25-NA-148 before requesting a part through PQC.","https://www.nhtsa.gov/recalls?nhtsaId=11036713","",""
"reached","1.0000","subaru-outback","2020 Subaru Outback Premium","nhtsa-mc-11036806","manufacturer_communication","2026-09-03","Service bulletin 16-132-20R","SUBARU ASCENT 2019/2020/2021/2022/2023; SUBARU CROSSTREK 2018/2019/2020/2021/2022/2023; SUBARU FORESTER 2019/2020/2021/2022/2023; SUBARU IMPREZA 2017/2018/2019/2020/2021/2022/2023; SUBARU LEGACY 2018/2019/2020/2021/2022/2023; SUBARU OUTBACK 2018/2019/2020/2021/2022/2023","This Bulletin provides updated diagnostic procedures to follow and a brief questionnaire to complete when diagnosing an alleged Chain Slip condition on the TR580 and TR690 model CVT transmissions used in the models listed. This is an revised version of the original bulletin.","https://www.nhtsa.gov/recalls?nhtsaId=11036806","",""
"reached","1.0000","ram-2500","2019 Ram 2500 Laramie Crew Cab","nhtsa-mc-11036754","manufacturer_communication","2026-09-03","Service bulletin 114254","RAM 2500 2019/2020/2021/2022/2023/2024/2025/2026; RAM 3500 2019/2020/2021/2022/2023/2024/2025/2026; RAM 4500 2019/2020/2021/2022/2023/2024/2025/2026; RAM 5500 2019/2020/2021/2022/2023/2024/2025/2026","RADIATOR - ENGINE COOLING","https://www.nhtsa.gov/recalls?nhtsaId=11036754","",""
"reached","1.0000","subaru-outback","2020 Subaru Outback Premium","nhtsa-mc-11036796","manufacturer_communication","2026-09-03","Service bulletin 15-304-22R","SEAT COVER UNLIMITED SEAT COVER UNLIMITED ; SUBARU 64669AC260MU ; SUBARU 64669AC360MU ; SUBARU 64669AC370MU ; SUBARU 64669AC380MU ; SUBARU 64669AC390MU ; SUBARU ASCENT 2019/2020/2021/2022/2023/2024/2025/2026; SUBARU B9 TRIBECA 2006/2007/2008/2009/2010/2011/2012; SUBARU BAJA 2003/2004/2005/2006; SUBARU BRZ 2013/2014/2015/2016/2017/2018/2019/2020/2021/2022/2023/2024/2025/2026; SUBARU CROSSTREK 2012/2013/2014/2015/2016/2017/2018/2019/2020/2021/2022/2023/2024/2025/2026; SUBARU CROSSTREK HYBRID 2016/2017/2018/2019/2020/2021/2022/2023/2026","This Bulletin has been developed to outline the steps for gathering basic but essential information during diagnosis of Infotainment concerns. (This is an revised version of the original bulletin.)","https://www.nhtsa.gov/recalls?nhtsaId=11036796","",""
"reached","1.0000","honda-crv","2023 Honda CR-V Sport Touring Hybrid","nhtsa-cmpl-11760450","complaint","2026-08-28","Owner complaint 11760450: HONDA CR-V HYBRID 2023","HONDA CR-V HYBRID 2023","The contact owns a 2023 Honda CR-V. The contact stated that while driving at various speeds, the message ""Engine Overheating Do Not Drive"" displayed, and a red Check Engine warning light illuminated. The contact smelled smoke and observed smoke coming from the interior vents. On each occasion, the contact pulled over safely, turned off the vehicle for nearly an hour, and then restarted the vehicle. The vehicle was taken to a dealer, where it was diagnosed that the head gasket had failed with potential engine damage, and the head gasket and engine needed to be replaced. The vehicle was not repaired. The contact associated the failure with an unknown recall. The manufacturer was notified of the failure. The failure mileage was 193,000.","https://www.nhtsa.gov/recalls?nhtsaId=11760450","",""
"reached","1.0000","ford-bronco","2023 Ford Bronco Badlands 4-Door","nhtsa-cmpl-11761412","complaint","2026-09-01","Owner complaint 11761412: FORD BRONCO 2023","FORD BRONCO 2023","When making a right turn with the turn signal on, as you complete the turn and straighten the steering wheel the left turn signal turns on as the right turn signal turns off. This is intermittent and occurs when turning from a complete stop or a turn while moving. This is very unsafe as it looks like your making a quick left after completing your right turn to the driver behind you. This has happened many times over the last couple of months so I don’t have a date of incident but it happened 6 times while running errands on 8/29. Lafontaine Ford has had my vehicle in service all day today, 9/1, without resolution.","https://www.nhtsa.gov/recalls?nhtsaId=11761412","",""
"reached","1.0000","chevy-silverado","2022 Chevrolet Silverado 1500 LT Trail Boss Crew Cab","nhtsa-mc-11037460","manufacturer_communication","2026-09-23","Service campaign N262558690-02","BUICK ENCLAVE 2022; CADILLAC ESCALADE 2022; CADILLAC ESCALADE ESV 2022; CHEVROLET BLAZER 2022; CHEVROLET CAMARO 2022; CHEVROLET COLORADO 2023; CHEVROLET EQUINOX 2023; CHEVROLET SILVERADO 1500 2022/2023; CHEVROLET SUBURBAN 2022; CHEVROLET SUBURBAN 1500 2022; CHEVROLET TAHOE 2022; CHEVROLET TRAVERSE 2022","General Motors has decided to conduct a Voluntary Emission Recall. Certain vehicles may have a condition which can cause the fuel pump power control module to fail. If this were to occur, fuel flow to the engine could be interrupted. Dealers will replace the fuel pump power control module.","https://www.nhtsa.gov/recalls?nhtsaId=11037460","",""
"reached","1.0000","chevy-silverado","2022 Chevrolet Silverado 1500 LT Trail Boss Crew Cab","nhtsa-cmpl-11762504","complaint","2026-09-07","Owner complaint 11762504: CHEVROLET SILVERADO 1500 2022","CHEVROLET SILVERADO 1500 2022","The vehicle has blown 3 motors in 3 years. I took felivery 3/17/23. The first engine blew at 8,000 miles on 10/27/24. The second one blew 8/29/25 The 3rd one blew 4/12/26 at 52,000 miles on the vehicle.","https://www.nhtsa.gov/recalls?nhtsaId=11762504","",""
"reached","1.0000","rivian-r1s","2023 Rivian R1S Adventure, Quad-Motor, Large pack","nhtsa-rcl-26V597000","recall","2026-09-16","Recall 26V597000: BACK OVER PREVENTION:SOFTWARE","RIVIAN R1S 2022/2023/2024/2025/2026/2027; RIVIAN R1T 2022/2023/2024/2025/2026; RIVIAN R2 2027","Rivian Automotive, LLC (Rivian) is recalling certain 2022-2027 R1S, 2022-2026 R1T, and 2027 R2 vehicles. The rearview camera image may be obstructed by a notification when in reverse. As such, these vehicles fail to comply with the requirements of Federal Motor Vehicle Safety Standard (FMVSS) number 111, ""Rear Visibility.""","https://www.nhtsa.gov/recalls?nhtsaId=26V597000","",""
"reached","1.0000","ford-mach-e","2023 Ford Mustang Mach-E GT, extended range","nhtsa-rcl-26E063000","recall","2026-09-09","Recall 26E063000: ELECTRICAL SYSTEM:PROPULSION SYSTEM:TRACTION BATTERY:MANAGEMENT SYSTEM/ENERGY CONTROL MODULE (BMS/BECM):SOFTWARE","FORD BATTERY ENERGY CONTROL MODULE ","Ford Motor Company (Ford) is recalling certain Battery Energy Control Modules (BECM) with part numbers PZ98-10B687-K* and PZ98-14C197-K*. The battery energy control module software may cause an incorrect state of charge to display in the vehicle, or lead to an increased risk of a high voltage battery fire after repeated DC Fast Charging cycles.","https://www.nhtsa.gov/recalls?nhtsaId=26E063000","",""
"reached","1.0000","ram-2500","2019 Ram 2500 Laramie Crew Cab","nhtsa-mc-11037033","manufacturer_communication","2026-09-04","Service bulletin TSB170054","CUMMINS B6.7 ; CUMMINS ISB6.7 ; CUMMINS ISL9 ; CUMMINS ISX12 ; CUMMINS ISX15 ; CUMMINS L9 ; CUMMINS X12 ; CUMMINS X15 ","This Technical Service Bulletin describes the verification and resolution of fault codes caused by an aftertreatment diesel exhaust fluid (DEF) tank heater coolant control valve that is not closing completely. This is an update to a previously submitted communication.","https://www.nhtsa.gov/recalls?nhtsaId=11037033","",""
"reached","1.0000","honda-crv","2023 Honda CR-V Sport Touring Hybrid","nhtsa-mc-11036414","manufacturer_communication","2026-08-27","Service bulletin A26-017","HONDA CR-V 2023/2024/2025/2026","Service Bulletin - Under certain conditions, the cylinder head gasket effectiveness may be reduced which may cause vehicles to experience overheating, coolant loss, misfire and/or DTCs P0300 thru P0304 stored.","https://www.nhtsa.gov/recalls?nhtsaId=11036414","",""
"reached","1.0000","jeep-wrangler","2022 Jeep Wrangler Unlimited Rubicon 4xe","nhtsa-cmpl-11765312","complaint","2026-09-18","Owner complaint 11765312: JEEP WRANGLER 2022","JEEP WRANGLER 2022","My 2022 Jeep Wrangler 4xe has an intermittent loss of acceleration when operating in Electric Mode. As the battery charge decreases, electric propulsion power can become significantly reduced. Pressing the accelerator sometimes produces inadequate acceleration until the gasoline engine engages. This creates a safety concern when entering traffic, crossing intersections, merging, or climbing hills because the vehicle may provide substantially less acceleration than expected. There is no warning message or warning light before or during the loss of acceleration. On a separate occasion, the vehicle displayed “Electric Mode Unavailable” with approximately 50% battery charge and switched to Hybrid Mode. Electric Mode became available again several minutes later. The vehicle has been inspected by two authorized Jeep dealers. No diagnostic codes were found, and the most recent dealer stated the vehicle was operating normally. The problem remains intermittent and has not been reproduced by the dealer. The vehicle and its components are available for inspection upon request. The vehicle previously operated normally in Electric Mode. My primary safety concern is the unpredictable loss of exp","https://www.nhtsa.gov/recalls?nhtsaId=11765312","",""
"reached","1.0000","subaru-outback","2020 Subaru Outback Premium","nhtsa-mc-11036822","manufacturer_communication","2026-09-03","Service bulletin 05-62-18R","SUBARU ASCENT 2019/2020/2021/2022/2023; SUBARU CROSSTREK 2018/2019/2020/2021/2022/2023; SUBARU FORESTER 2019/2020/2021/2022; SUBARU IMPREZA 2017/2018/2019/2020/2021/2022/2023; SUBARU LEGACY 2020/2021/2022/2023; SUBARU OUTBACK 2020/2021/2022/2023","This bulletin provides a procedure to address customer concerns of surface rust accumulating in the top center retaining nut area of the front strut mounts. This is an revised version of the original bulletin.","https://www.nhtsa.gov/recalls?nhtsaId=11036822","",""
"reached","1.0000","subaru-outback","2020 Subaru Outback Premium","nhtsa-mc-11036808","manufacturer_communication","2026-09-03","Service bulletin 16-150-24R","SUBARU ASCENT 2019/2020/2021/2022/2023/2024; SUBARU LEGACY 2020/2021/2022/2023/2024; SUBARU OUTBACK 2020/2021/2022/2023/2024; SUBARU WRX 2022/2023/2024","This bulletin announces availability of new reprogramming files developed to address SYMPTOM 1: A jerk or judder sensation felt from the powertrain during braking with the air conditioning on. SYPMTOM 2: A shudder is felt from the powertrain along with a screeching type of sound. This is an revised version of the original bulletin.","https://www.nhtsa.gov/recalls?nhtsaId=11036808","",""
"reached","1.0000","honda-crv","2023 Honda CR-V Sport Touring Hybrid","nhtsa-cmpl-11762270","complaint","2026-09-04","Owner complaint 11762270: HONDA CR-V HYBRID 2023","HONDA CR-V HYBRID 2023","Car completely shut down with every warning light going off. Before 95,000 the head gasket blew with zero warning signs! All the warning lamps came on only the day the car totally stopped working. No prior warning or signs before.","https://www.nhtsa.gov/recalls?nhtsaId=11762270","",""
"reached","1.0000","chevy-silverado","2022 Chevrolet Silverado 1500 LT Trail Boss Crew Cab","nhtsa-cmpl-11760983","complaint","2026-08-31","Owner complaint 11760983: CHEVROLET SILVERADO 1500 2021","CHEVROLET SILVERADO 1500 2021","Lifter and cam shaft failure rendering vehicle unable to run on the side of the road 5 hours from home.","https://www.nhtsa.gov/recalls?nhtsaId=11760983","",""
"reached","1.0000","ram-2500","2019 Ram 2500 Laramie Crew Cab","nhtsa-mc-11036753","manufacturer_communication","2026-09-03","Service bulletin 114255","RAM 2500 2019/2020/2021/2022/2023/2024/2025/2026; RAM 3500 2019/2020/2021/2022/2023/2024/2025/2026; RAM 4500 2019/2020/2021/2022/2023/2024/2025/2026; RAM 5500 2019/2020/2021/2022/2023/2024/2025/2026","RADIATOR - ENGINE COOLING","https://www.nhtsa.gov/recalls?nhtsaId=11036753","",""
"reached","1.0000","jeep-wrangler","2022 Jeep Wrangler Unlimited Rubicon 4xe","nhtsa-cmpl-11764662","complaint","2026-09-16","Owner complaint 11764662: JEEP WRANGLER 2022","JEEP WRANGLER 2022","I am submitting this complaint regarding a critical electrical issue and potential safety hazard that occurred immediately after the 68C safety recall software update was performed. Since the 68C recall completion, my vehicle has experienced significant overnight High Voltage (HV) battery drain, losing approximately 10% of its state of charge while parked and powered off. I have returned the vehicle to the dealership three times for diagnostic testing. On the most recent visit, the dealership, working with Jeep engineers, claimed that the radio system fails to sleep, causing a continuous power draw from the battery. However, the dealership and Jeep engineer attributed this failure to a dash cam plugged into the factory 12V auxiliary power outlet (cigarette lighter socket). I believe this diagnosis is technically flawed and incorrect: The factory 12V outlet is off when the vehicle is powered down, meaning no current is drawn by the accessory once parked. The dash cam has been in continuous use since I purchased the vehicle without any issues; this battery drain issue began exclusively after the 68C software update. Blaming standard user accessories for the infotainment system's fail","https://www.nhtsa.gov/recalls?nhtsaId=11764662","",""
"reached","1.0000","subaru-outback","2020 Subaru Outback Premium","nhtsa-mc-11036823","manufacturer_communication","2026-09-03","Service bulletin 15-261-20R","SUBARU LEGACY 2020/2021/2022; SUBARU OUTBACK 2020/2021/2022","This bulletin announces reprogramming file availability and provides a software update installation procedure to optimize the new Gen 4 Denso CP1 Audio and Navigation head units utilized in the models listed.This is an revised version of the original bulletin.","https://www.nhtsa.gov/recalls?nhtsaId=11036823","",""
"reached","1.0000","tesla-model-x","2024 Tesla Model X Plaid","nhtsa-cmpl-11760307","complaint","2026-08-28","Owner complaint 11760307: TESLA MODEL X 2026","TESLA MODEL X 2026","For over the past 18 months, Tesla FSD software deliberately removed the driver’s ability to control following distance, instead replacing it with fuzzy descriptions of “mad max, hurry, standard, chill, and sloth.” As a result the car cannot maintain a safe highway following distance as determined by the driver. When in Hurry and or Standard mode, the car will routinely reach speeds of 75 to 80 mph and decrease following distance to about 3 car lengths, with no car for more than 20 car lengths behind. When a sudden slowdown occurs, the tesla reacts slowly, often decreasing the following distance to 1 car length, as the car behind closes and misjudges the deceleration of the Tesla, resulting in a potential 3 car collision. Adjusting from hurry to standard, or even down to chill or sloth mode does not bring the following distance back to the driver’s education rule of thumb - 1 car length per 10 mph. About 3-10 seconds after the mode change, the software forces an unexpected lane change into a slower lane. The only solution is to disable all driver assistance measures, coast to the necessary following distance and then re-engage. The cycle then repeats. Sometimes when there are nearb","https://www.nhtsa.gov/recalls?nhtsaId=11760307","",""
"reached","1.0000","porsche-911","2022 Porsche 911 Carrera S (992)","nhtsa-mc-11037046","manufacturer_communication","2026-09-04","Service bulletin No. 11-25-4","PORSCHE 911 2020/2021/2022/2023/2024/2025/2026; PORSCHE 911 4S 2022; PORSCHE 911 CARRERA 2020/2021/2022/2023/2024/2025/2026; PORSCHE 911 CARRERA 4 2023; PORSCHE 911 CARRERA 4 GTS 2022/2023; PORSCHE 911 CARRERA 4S 2023; PORSCHE 911 CARRERA GTS 2022/2023/2024; PORSCHE 911 CARRERA S 2020/2021/2023; PORSCHE 911 CARRERA T 2023/2024; PORSCHE 911 DAKAR 2023/2024; PORSCHE 911 GT3 2021/2022/2023/2024/2025/2026; PORSCHE 911 GT3 RS 2023/2024","Technical Information for White Messages Regarding Driver Assistance Systems in Conjunction with Passive Fault Memory Entries in the ZFAS Control Unit","https://www.nhtsa.gov/recalls?nhtsaId=11037046","",""
"reached","1.0000","ford-f150","2022 Ford F-150 Lariat SuperCrew","nhtsa-cmpl-11766300","complaint","2026-09-23","Owner complaint 11766300: FORD F-150 2022","FORD F-150 2022","I am reporting a safety-related transmission problem I experienced with my 2022 Ford F-150 equipped with the 10R80 automatic transmission. While driving normally, the transmission suddenly downshifted and slipped gears and jumping up gears. This occurred while taking off and slowing down creating a potentially dangerous situation because the truck did not respond as expected when I needed predictable acceleration or propulsion. I believe this incident may be related to the known 10R80 CDF clutch-cylinder/sleeve problem. Ford technical information identifies axial movement of the CDF sleeve that can cause hydraulic-circuit leaks and harsh or delayed engagement and shifting. This condition can result in slipping, RPM flares, delayed engagement, unexpected gear changes, harsh downshifts, lurching, or loss of propulsion. This is a safety concern, not merely a transmission quality or reliability issue. Unexpected loss of propulsion or unpredictable shifting while merging, accelerating into traffic, crossing an intersection, turning, or traveling at highway speed can create a collision hazard. Because I personally experienced this unexpected transmission event, I request that NHTSA inves","https://www.nhtsa.gov/recalls?nhtsaId=11766300","",""
"reached","1.0000","subaru-outback","2020 Subaru Outback Premium","nhtsa-mc-11036814","manufacturer_communication","2026-09-03","Service bulletin 16-158-26","SUBARU CROSSTREK 2018/2019/2020/2021/2022/2023/2024/2025/2026; SUBARU FORESTER 2019/2020/2021/2022/2023/2024/2025/2026; SUBARU IMPREZA 2017/2018/2019/2020/2021/2022/2023/2024/2025/2026; SUBARU LEGACY 2018/2019/2020/2021/2022/2023/2024/2025; SUBARU OUTBACK 2018/2019/2020/2021/2022/2023/2024/2025/2026","This bulletin provides guidance when diagnosing chain slip, judder, shudder, and hesitation concerns on the TR580 model CVT transmissions used in the models listed.","https://www.nhtsa.gov/recalls?nhtsaId=11036814","",""
"reached","1.0000","chevy-silverado","2022 Chevrolet Silverado 1500 LT Trail Boss Crew Cab","nhtsa-cmpl-11766573","complaint","2026-09-24","Owner complaint 11766573: CHEVROLET SILVERADO 1500 2022","CHEVROLET SILVERADO 1500 2022","Transmission is shuttering and rpm fluctuates up and down Chevrolet dealership says the torque converter goes out on the trucks all the time mine is at 84000 miles they say its a common issue","https://www.nhtsa.gov/recalls?nhtsaId=11766573","",""
"reached","1.0000","chevy-silverado","2022 Chevrolet Silverado 1500 LT Trail Boss Crew Cab","nhtsa-mc-11037321","manufacturer_communication","2026-09-16","Service campaign N262558690","BUICK ENCLAVE 2022; CADILLAC ESCALADE 2022; CADILLAC ESCALADE ESV 2022; CHEVROLET CAMARO 2022; CHEVROLET COLORADO 2023; CHEVROLET EQUINOX 2023; CHEVROLET SILVERADO 1500 2022/2023; CHEVROLET SUBURBAN 2022; CHEVROLET SUBURBAN 1500 2022; CHEVROLET TAHOE 2022; CHEVROLET TRAVERSE 2022; GMC CANYON 2023","General Motors has decided to conduct a Voluntary Emission Recall. Certain vehicles may have a condition which can cause the fuel pump power control module to fail. If this were to occur, fuel flow to the engine could be interrupted. Dealers will replace the fuel pump power control module.","https://www.nhtsa.gov/recalls?nhtsaId=11037321","",""
"reached","1.0000","honda-crv","2023 Honda CR-V Sport Touring Hybrid","nhtsa-mc-11036416","manufacturer_communication","2026-08-27","Service bulletin A26-019","HONDA CR-V HYBRID 2023/2024/2025/2026","Service Bulletin - Under certain conditions, the cylinder head gasket effectiveness may be reduced which may cause vehicles to experience overheating, coolant loss, misfire and/or DTCs P0300 thru P0304 stored.","https://www.nhtsa.gov/recalls?nhtsaId=11036416","",""
"reached","1.0000","chevy-silverado","2022 Chevrolet Silverado 1500 LT Trail Boss Crew Cab","nhtsa-cmpl-11763375","complaint","2026-09-10","Owner complaint 11763375: CHEVROLET SILVERADO 1500 2022","CHEVROLET SILVERADO 1500 2022","I took my truck in to have a bad fuel pump module looked at. During the inspection they found some metal in the oil and it was confirmed by more being in the oil filter. This truck had previoulsy been cleared on the NHTSA Campaign 25V-274, but now it appears that it is a part of that recall. The dealer has initiated the work with the chevy corporate offices and I am working to secure a rental/ loaner car. I am filing this in the event there are any issues getting the new replacement engine.","https://www.nhtsa.gov/recalls?nhtsaId=11763375","",""
"near","1.0400","jeep-wrangler","2022 Jeep Wrangler Unlimited Rubicon 4xe","nhtsa-mc-11037403","manufacturer_communication","2026-09-21","Service bulletin S-1728","BENDIX INTELLIPARK ","Installation Instructions - Bendix® Intellipark® Dash Electronic Control Unit (DECU) Switch Cap Replacement Kit GENERAL This document provides replacement instructions for a Bendix® Intellipark® Dash Electronic Control Unit (DECU) switch cap. The aftermarket service kit, Bendix Part Number K311999, includes one (1) DECU switch cap and two (2) switch labels.","https://www.nhtsa.gov/recalls?nhtsaId=11037403","",""
"near","1.0400","toyota-tacoma","2024 Toyota Tacoma TRD Off-Road Double Cab","nhtsa-mc-11037402","manufacturer_communication","2026-09-21","Service bulletin SD-13-4860","BENDIX BENDIX ","Service Data - Bendix® WS-24™ Antilock Wheel Speed Sensor DESCRIPTION The Bendix® WS-24™ Wheel Speed Sensor (WSS) is an electromagnetic device used to obtain vehicle speed information for an antilock controller. When the wheel rotates, the sensor and an exciter ring (sometimes called a “rotor” or “tone” ring) generate a simple AC signal. This signal is sent to either the brake controller (Bendix® EC-60™ or Bendix® EC-80™) or the Global Scalable Brake Control electro-pneumatic modulator (Bendix® GSBC® EPM-90™), which analyzes the data and commands the Antilock Braking System (ABS) accordingly. Specifically, the WSS consists of a coil, pole piece, and a magnet. The exciter ring is a steel ring or gear-like device that has regularly spaced high and low spots called “teeth.” The WSS is mounted in a fixed position, while the exciter ring is installed on a rotating member (typically part of the hub) so that its “teeth” move, in close proximity, past the tip of the sensor. The WS-24 WSS is available in both straight and 90° versions to accommodate axle/wheel space limitations.","https://www.nhtsa.gov/recalls?nhtsaId=11037402","",""
"near","1.0400","toyota-tacoma","2024 Toyota Tacoma TRD Off-Road Double Cab","nhtsa-cmpl-11761503","complaint","2026-09-02","Owner complaint 11761503: TOYOTA TACOMA 2025","TOYOTA TACOMA 2025","The inside driver-side door handle broke, leaving me unable to open the door from inside the truck. I had to crawl across the truck and exit through another door. This is a serious and immediate safety hazard. The driver must be able to exit the vehicle quickly in an emergency. If there were a fire, accident, or other emergency, a broken interior door handle could trap the driver inside the vehicle and potentially result in serious injury or death.","https://www.nhtsa.gov/recalls?nhtsaId=11761503","",""
"near","1.0400","chevy-silverado","2022 Chevrolet Silverado 1500 LT Trail Boss Crew Cab","nhtsa-cmpl-11760697","complaint","2026-08-30","Owner complaint 11760697: GMC SIERRA 1500 2019","GMC SIERRA 1500 2019","2019 GMC Sierra 1500 Denali Ultimate (6.2L L87 V8 Engine)Description of Safety Defect & Incident Chronology: XXX (49,801 miles): While idling in my driveway, the engine began ticking loudly, running roughly, and ultimately stalled. The vehicle was towed to Hight Chevrolet in [XXX]. The dealership stated they test-drove the vehicle twice while monitoring live data, could not duplicate the noise, and released the truck back to me.XXX (57,920 miles): The engine began ticking loudly again. I returned the vehicle to the dealership. Upon inspection, technicians found metal debris in both the oil filter and the oil pan. The dealership diagnosed a catastrophic bottom-end engine failure.Resolution: The original engine was replaced with a GM remanufactured crate engine, covered under the GM factory warranty.Safety Concern:Although my vehicle is a 2019 model, it suffered the exact same catastrophic bottom-end bearing failure currently being investigated by NHTSA for 2021–2026 GM 6.2L L87 engines. This defect poses an imminent safety hazard, as a sudden bottom-end failure can cause the engine to seize without warning, resulting in a complete loss of motive power and propulsion at highway speed","https://www.nhtsa.gov/recalls?nhtsaId=11760697","",""
"near","1.0400","ford-f150","2022 Ford F-150 Lariat SuperCrew","nhtsa-cmpl-11763544","complaint","2026-09-11","Owner complaint 11763544: FORD F-150 2018","FORD F-150 2018","I am getting heavy water intrusion from the rear sliding glass window after any rain. It creates a very musty unpleasant odor in the cab. I am concerned that my young children, my wife, and myself are breathing mold spores and or other dangerous airborne particles from this problem.","https://www.nhtsa.gov/recalls?nhtsaId=11763544","",""
"near","1.0400","ford-f150","2022 Ford F-150 Lariat SuperCrew","nhtsa-rcl-26T014000","recall","2026-09-10","Recall 26T014000: TIRES:MARKINGS","AVIX TRAILTEK RT ","Wheel Pros, LLC (Wheel Pros) is recalling certain Avix TrailTek RT, size 35X12.50R20LT tires. The tire sidewall may be incorrectly labeled ""Not for Highway Use."" As such, these tires fail to comply with the requirements of Federal Motor Vehicle Safety Standard (FMVSS) number 110, ""Tire Selection and Rims.""","https://www.nhtsa.gov/recalls?nhtsaId=26T014000","",""
"near","1.0400","porsche-911","2022 Porsche 911 Carrera S (992)","nhtsa-mc-11037082","manufacturer_communication","2026-09-04","Service bulletin TSTR2651","PORSCHE PIWIS TESTER III ","Information on PIWIS Tester update 44.300.060. PIWIS Tester update applies to all Porsche models that have an OBD2 port.","https://www.nhtsa.gov/recalls?nhtsaId=11037082","",""
"near","1.0400","porsche-911","2022 Porsche 911 Carrera S (992)","nhtsa-cmpl-11765442","complaint","2026-09-19","Owner complaint 11765442: UNKNOWN UNKNOWN","UNKNOWN UNKNOWN ","I was in the vehicle that was parked in my driveway and the passenger door airbag deployed into my right ear, and there was no crash or anything it just deployed on its own. vehicle was running and I was cleaning the vehicle.","https://www.nhtsa.gov/recalls?nhtsaId=11765442","",""
"near","1.0400","ram-2500","2019 Ram 2500 Laramie Crew Cab","nhtsa-cmpl-11764896","complaint","2026-09-17","Owner complaint 11764896: RAM 1500 2014","RAM 1500 2014","Electronic power steering rack and pinion failed and made the steering wheel very difficult to turn. This caused the truck to turn wide into a parking lot and almost strike another vehicle. This issue is a known problem for other RAM models, but does not officially apply to mine. Now, the truck will start fine, as soon as you turn the steering wheel, an alert comes up on the dash and the steering wheel is difficult to turn.","https://www.nhtsa.gov/recalls?nhtsaId=11764896","",""
"near","1.0400","ford-f150","2022 Ford F-150 Lariat SuperCrew","nhtsa-cmpl-11766040","complaint","2026-09-22","Owner complaint 11766040: FORD F-250 SD 2025","FORD F-250 SD 2025","Driving for 10 minutes when I started smelling a burnt smell. 30 to 45 seconds later I noticed smoke coming out the vents. A few seconds later (while at a stop sign at this point) I see smokecoming out of the hood. Vehicle would not go into park. After several attempts I finally was able to get the vehicle in park and get it to shut off. Opened the hood, saw a small 1 inch flame behind the motor near the firewall on the driversside and immediately called the fire department or emergency responders. Within 3 mins my vehicle was up in flames for a catastrophic vehicle loss.","https://www.nhtsa.gov/recalls?nhtsaId=11766040","",""
"near","1.0400","honda-crv","2023 Honda CR-V Sport Touring Hybrid","nhtsa-mc-11037402","manufacturer_communication","2026-09-21","Service bulletin SD-13-4860","BENDIX BENDIX ","Service Data - Bendix® WS-24™ Antilock Wheel Speed Sensor DESCRIPTION The Bendix® WS-24™ Wheel Speed Sensor (WSS) is an electromagnetic device used to obtain vehicle speed information for an antilock controller. When the wheel rotates, the sensor and an exciter ring (sometimes called a “rotor” or “tone” ring) generate a simple AC signal. This signal is sent to either the brake controller (Bendix® EC-60™ or Bendix® EC-80™) or the Global Scalable Brake Control electro-pneumatic modulator (Bendix® GSBC® EPM-90™), which analyzes the data and commands the Antilock Braking System (ABS) accordingly. Specifically, the WSS consists of a coil, pole piece, and a magnet. The exciter ring is a steel ring or gear-like device that has regularly spaced high and low spots called “teeth.” The WSS is mounted in a fixed position, while the exciter ring is installed on a rotating member (typically part of the hub) so that its “teeth” move, in close proximity, past the tip of the sensor. The WS-24 WSS is available in both straight and 90° versions to accommodate axle/wheel space limitations.","https://www.nhtsa.gov/recalls?nhtsaId=11037402","",""
"near","1.0400","chevy-silverado","2022 Chevrolet Silverado 1500 LT Trail Boss Crew Cab","nhtsa-mc-11037398","manufacturer_communication","2026-09-21","Service bulletin TCH-11-004","BENDIX ECOCOMPRESSOR ","Aftermarket service kits are available to enhance the robustness of the oil return channel in Bendix® electric compressors, particularly for instances where the oil separator cartridge exhibits corrosion. The oil management kits are recommended for preventive maintenance to maintain optimal compressor performance and as a corrective action to help prevent oil-related issues for both the Bendix® ESM2™ (Electric Screw Module 2) and Bendix® EVM1 (Electric Vane Module 1).","https://www.nhtsa.gov/recalls?nhtsaId=11037398","",""
"near","1.0400","ram-2500","2019 Ram 2500 Laramie Crew Cab","nhtsa-cmpl-11765442","complaint","2026-09-19","Owner complaint 11765442: UNKNOWN UNKNOWN","UNKNOWN UNKNOWN ","I was in the vehicle that was parked in my driveway and the passenger door airbag deployed into my right ear, and there was no crash or anything it just deployed on its own. vehicle was running and I was cleaning the vehicle.","https://www.nhtsa.gov/recalls?nhtsaId=11765442","",""
"near","1.0400","hyundai-ioniq5","2023 Hyundai Ioniq 5 SEL AWD Long Range","nhtsa-mc-11037402","manufacturer_communication","2026-09-21","Service bulletin SD-13-4860","BENDIX BENDIX ","Service Data - Bendix® WS-24™ Antilock Wheel Speed Sensor DESCRIPTION The Bendix® WS-24™ Wheel Speed Sensor (WSS) is an electromagnetic device used to obtain vehicle speed information for an antilock controller. When the wheel rotates, the sensor and an exciter ring (sometimes called a “rotor” or “tone” ring) generate a simple AC signal. This signal is sent to either the brake controller (Bendix® EC-60™ or Bendix® EC-80™) or the Global Scalable Brake Control electro-pneumatic modulator (Bendix® GSBC® EPM-90™), which analyzes the data and commands the Antilock Braking System (ABS) accordingly. Specifically, the WSS consists of a coil, pole piece, and a magnet. The exciter ring is a steel ring or gear-like device that has regularly spaced high and low spots called “teeth.” The WSS is mounted in a fixed position, while the exciter ring is installed on a rotating member (typically part of the hub) so that its “teeth” move, in close proximity, past the tip of the sensor. The WS-24 WSS is available in both straight and 90° versions to accommodate axle/wheel space limitations.","https://www.nhtsa.gov/recalls?nhtsaId=11037402","",""
"near","1.0400","toyota-tacoma","2024 Toyota Tacoma TRD Off-Road Double Cab","nhtsa-mc-11037398","manufacturer_communication","2026-09-21","Service bulletin TCH-11-004","BENDIX ECOCOMPRESSOR ","Aftermarket service kits are available to enhance the robustness of the oil return channel in Bendix® electric compressors, particularly for instances where the oil separator cartridge exhibits corrosion. The oil management kits are recommended for preventive maintenance to maintain optimal compressor performance and as a corrective action to help prevent oil-related issues for both the Bendix® ESM2™ (Electric Screw Module 2) and Bendix® EVM1 (Electric Vane Module 1).","https://www.nhtsa.gov/recalls?nhtsaId=11037398","",""
"near","1.0400","toyota-tacoma","2024 Toyota Tacoma TRD Off-Road Double Cab","nhtsa-mc-11037407","manufacturer_communication","2026-09-21","Warranty program BW2137","BENDIX BENDIX ","LIMITED WARRANTY BENDIX® EVERFLOW® AIR DRYER MODULE","https://www.nhtsa.gov/recalls?nhtsaId=11037407","",""
"near","1.0400","ford-bronco","2023 Ford Bronco Badlands 4-Door","nhtsa-mc-11036529","manufacturer_communication","2026-09-01","Service bulletin SSM 55118","FORD BRONCO 2024/2025/2026; FORD EXPLORER 2025; FORD F-150 2024/2025; FORD F-250 SD 2023/2024/2025; FORD F-350 SD 2023/2024/2025; FORD F-450 SD 2023/2024/2025; FORD F-550 SD 2023/2024/2025; FORD MUSTANG 2024/2025/2026; FORD RANGER 2024/2025/2026; LINCOLN AVIATOR 2025; LINCOLN NAUTILUS 2024/2025","Some of the following vehicles: * 2023-2025 F-Super Duty built on or before 02-Feb-2025 * 2024-2026 Ranger/Bronco/Mustang * 2024-2025 F-150 built on or before 15-Jul-2025 * 2024-2025 Nautilus built on or before 16-Feb-2025 * 2025 Explorer/Aviator built on or before 01-Feb-2025 may exhibit all of the following symptoms: - ""No Key Detected"" message displayed on the instrument panel cluster (IPC). - Key fob does not work in the backup slot. - Remote keyless entry (RKE) (lock and unlock from the key fob) functionality will work to lock/unlock the vehicle. If the vehicle exhibits these symptoms, start the vehicle using both key fobs. If the no crank/no start condition with ""No Key Detected"" concern is present, reprogram both key fobs and retest. If the no crank/no start condition with ""No Key Detected"" is still present, replace the body control module (BCM). Refer to Workshop Manual (WSM), Section 419-10. For claiming, use causal part 15604 and labor operation MT55118SSM up to 1.8 hours.","https://www.nhtsa.gov/recalls?nhtsaId=11036529","",""
"near","1.0400","porsche-911","2022 Porsche 911 Carrera S (992)","nhtsa-mc-11037075","manufacturer_communication","2026-09-04","Service bulletin TSTR2647","PORSCHE PIWIS TESTER III ","Information on PIWIS Tester update 44.300.030. PIWIS Tester update applies to all Porsche models that have an OBD2 port.","https://www.nhtsa.gov/recalls?nhtsaId=11037075","",""
"near","1.0400","toyota-camry","2023 Toyota Camry SE","nhtsa-cmpl-11761620","complaint","2026-09-02","Owner complaint 11761620: TOYOTA HIGHLANDER 2021","TOYOTA HIGHLANDER 2021","The transmission whining started 70,000 miles and it is progressively gotten worse, there has been some sudden shifting at times. The manufacturer has known about this 8 speed transmission. Problem since 2017 and they haven’t done anything to improve it. Isn’t is something that the warranty only covers the drivetrain and. Transmission till 60,000. And know they are telling us that we have to pay anywhere from $7,000-$12,000 to,have it replaced. We have taken it to the Toyota dealership Thayer Toyota in bowling green,oh and they checked it out. And said that the front part of the transmission is ok it’s but the rear differential is the one that is going bad. We are hoping that there will an investigation on this UA80 transmission to see how many of the toyota models that have this transmission in it, have been reported and if any after the 60,000mile they have covered to be repaired at there cost. We understand that there is a CLASS ACTION LAWSUIT against this transmission. We would appreciate any help that you can get us. We can be contacted at [XXX] or phone number [XXX] INFORMATION REDACTED PURSUANT TO THE FREEDOM OF INFORMATION ACT (FOIA), 5 U.S.C. 552(B)(6)","https://www.nhtsa.gov/recalls?nhtsaId=11761620","",""
"near","1.0400","honda-crv","2023 Honda CR-V Sport Touring Hybrid","nhtsa-cmpl-11764740","complaint","2026-09-16","Owner complaint 11764740: HONDA CR-V 2025","HONDA CR-V 2025","Driving on main road (not highway), no rain or other adverse conditions. Automatic Braking System unexpectedly engaged (hard brake). There was no reason for this to happen and could have caused a serious accident if we had been on the highway. Why is there not a recall? I have seen several complaints online at [XXX] for this same year & model. INFORMATION REDACTED PURSUANT TO THE FREEDOM OF INFORMATION ACT (FOIA), 5 U.S.C. 552(B)(6)","https://www.nhtsa.gov/recalls?nhtsaId=11764740","",""
"near","1.0400","jeep-wrangler","2022 Jeep Wrangler Unlimited Rubicon 4xe","nhtsa-cmpl-11766586","complaint","2026-09-24","Owner complaint 11766586: JEEP CHEROKEE 2020","JEEP CHEROKEE 2020","Engine caught fire while parked","https://www.nhtsa.gov/recalls?nhtsaId=11766586","",""
"near","1.0400","ford-bronco","2023 Ford Bronco Badlands 4-Door","nhtsa-mc-11037402","manufacturer_communication","2026-09-21","Service bulletin SD-13-4860","BENDIX BENDIX ","Service Data - Bendix® WS-24™ Antilock Wheel Speed Sensor DESCRIPTION The Bendix® WS-24™ Wheel Speed Sensor (WSS) is an electromagnetic device used to obtain vehicle speed information for an antilock controller. When the wheel rotates, the sensor and an exciter ring (sometimes called a “rotor” or “tone” ring) generate a simple AC signal. This signal is sent to either the brake controller (Bendix® EC-60™ or Bendix® EC-80™) or the Global Scalable Brake Control electro-pneumatic modulator (Bendix® GSBC® EPM-90™), which analyzes the data and commands the Antilock Braking System (ABS) accordingly. Specifically, the WSS consists of a coil, pole piece, and a magnet. The exciter ring is a steel ring or gear-like device that has regularly spaced high and low spots called “teeth.” The WSS is mounted in a fixed position, while the exciter ring is installed on a rotating member (typically part of the hub) so that its “teeth” move, in close proximity, past the tip of the sensor. The WS-24 WSS is available in both straight and 90° versions to accommodate axle/wheel space limitations.","https://www.nhtsa.gov/recalls?nhtsaId=11037402","",""
"near","1.0400","ford-f150","2022 Ford F-150 Lariat SuperCrew","nhtsa-mc-11037401","manufacturer_communication","2026-09-21","Service bulletin SD-13-4767","BENDIX TABS-6 TRAILER ABS STANDA ","Service Data - Bendix® TABS-6™ Standard and Premium Trailer ABS Modules INTRODUCTION The Bendix® TABS-6™ module is an integrated trailer ABS controller and modulator for air-braked heavy-duty trailers, semi-trailers and dollies. The module acts as a relay valve during normal braking, but during ABS events, it will intervene to help improve stability. All modules include an Electronic Control Unit (ECU) and Modulator Relay Valve (MRV) which are integrated into a single self-contained 2S/1M (two-sensor, one modulator) trailer ABS unit. The Premium Bendix TABS‑6 module is auto-configurable to control more sensors and modulators (up to 4S/3M) from its default 2S/1M.","https://www.nhtsa.gov/recalls?nhtsaId=11037401","",""
"near","1.0400","subaru-outback","2020 Subaru Outback Premium","nhtsa-cmpl-11762374","complaint","2026-09-05","Owner complaint 11762374: SUBARU OUTBACK 2025","SUBARU OUTBACK 2025","The large LCD screen infront the shifter just goes blank. Been to the dealer the reload the operating system to no avail.","https://www.nhtsa.gov/recalls?nhtsaId=11762374","",""
"near","1.0400","ford-f150","2022 Ford F-150 Lariat SuperCrew","nhtsa-cmpl-11760892","complaint","2026-08-31","Owner complaint 11760892: FORD F-150 2017","FORD F-150 2017","On XXX, my [XXX] son was driving this 2017 Ford F-150 when the transmission suddenly downshifted while traveling on the road. The downshift was severe enough that the rear tires lost traction and the vehicle fishtailed, nearly resulting in an accident. The vehicle was taken to an authorized Ford dealer on 8/18/2026. We reported the sudden downshift, but the dealer was unable to duplicate the condition. The dealer performed Ford Recall 26S28/NHTSA 26V-237 and campaign 19G01, and the vehicle was returned on XXX. On XXX, only two days after the recall repair, the engine unexpectedly shut off while the vehicle was being driven. It restarted afterward. On XXX, the engine again unexpectedly stalled while the vehicle was moving. When the engine stopped, power-steering assist was lost and the driver had to coast the vehicle safely to the side of the road. The engine restarted immediately. When attempting to drive away, the transmission appeared to be starting in approximately third gear rather than first gear. After the vehicle was moving, the transmission eventually began operating normally again. Ford Customer Relationship Center was notified on XXX and formally documented these incident","https://www.nhtsa.gov/recalls?nhtsaId=11760892","",""
"near","1.0400","subaru-outback","2020 Subaru Outback Premium","nhtsa-mc-11037402","manufacturer_communication","2026-09-21","Service bulletin SD-13-4860","BENDIX BENDIX ","Service Data - Bendix® WS-24™ Antilock Wheel Speed Sensor DESCRIPTION The Bendix® WS-24™ Wheel Speed Sensor (WSS) is an electromagnetic device used to obtain vehicle speed information for an antilock controller. When the wheel rotates, the sensor and an exciter ring (sometimes called a “rotor” or “tone” ring) generate a simple AC signal. This signal is sent to either the brake controller (Bendix® EC-60™ or Bendix® EC-80™) or the Global Scalable Brake Control electro-pneumatic modulator (Bendix® GSBC® EPM-90™), which analyzes the data and commands the Antilock Braking System (ABS) accordingly. Specifically, the WSS consists of a coil, pole piece, and a magnet. The exciter ring is a steel ring or gear-like device that has regularly spaced high and low spots called “teeth.” The WSS is mounted in a fixed position, while the exciter ring is installed on a rotating member (typically part of the hub) so that its “teeth” move, in close proximity, past the tip of the sensor. The WS-24 WSS is available in both straight and 90° versions to accommodate axle/wheel space limitations.","https://www.nhtsa.gov/recalls?nhtsaId=11037402","",""
"near","1.0400","kia-telluride","2022 Kia Telluride SX","nhtsa-mc-11037402","manufacturer_communication","2026-09-21","Service bulletin SD-13-4860","BENDIX BENDIX ","Service Data - Bendix® WS-24™ Antilock Wheel Speed Sensor DESCRIPTION The Bendix® WS-24™ Wheel Speed Sensor (WSS) is an electromagnetic device used to obtain vehicle speed information for an antilock controller. When the wheel rotates, the sensor and an exciter ring (sometimes called a “rotor” or “tone” ring) generate a simple AC signal. This signal is sent to either the brake controller (Bendix® EC-60™ or Bendix® EC-80™) or the Global Scalable Brake Control electro-pneumatic modulator (Bendix® GSBC® EPM-90™), which analyzes the data and commands the Antilock Braking System (ABS) accordingly. Specifically, the WSS consists of a coil, pole piece, and a magnet. The exciter ring is a steel ring or gear-like device that has regularly spaced high and low spots called “teeth.” The WSS is mounted in a fixed position, while the exciter ring is installed on a rotating member (typically part of the hub) so that its “teeth” move, in close proximity, past the tip of the sensor. The WS-24 WSS is available in both straight and 90° versions to accommodate axle/wheel space limitations.","https://www.nhtsa.gov/recalls?nhtsaId=11037402","",""
"near","1.0400","ram-2500","2019 Ram 2500 Laramie Crew Cab","nhtsa-mc-11037410","manufacturer_communication","2026-09-21","Warranty program BW1322","BENDIX BENDIX ","REMOVAL AND REPLACEMENT LABOR ALLOWANCE SCHEDULE This summary is provided as a general guide only and allowances may vary by individual part number. Reimbursement for labor will be calculated using actual hours worked; however, it may not exceed the maximum allowable hours specified in the schedule below. The schedule is subject to change or correction at the discretion of Bendix Commercial Vehicle Systems LLC. For additional warranty information, visit B2Bendix.com.","https://www.nhtsa.gov/recalls?nhtsaId=11037410","",""
"near","1.0400","chevy-silverado","2022 Chevrolet Silverado 1500 LT Trail Boss Crew Cab","nhtsa-mc-11037235","manufacturer_communication","2026-09-09","Manufacturer communication WATCH 668","ALLISON TRANSMISSION ","Notice announcing replacement part number for temperature gauge","https://www.nhtsa.gov/recalls?nhtsaId=11037235","",""
"near","1.0400","chevy-silverado","2022 Chevrolet Silverado 1500 LT Trail Boss Crew Cab","nhtsa-cmpl-11766495","complaint","2026-09-23","Owner complaint 11766495: GMC YUKON 2023","GMC YUKON 2023","My vehicle was subject to the GM recall involving the 6.2L L87 engine. The dealer completed the required recall inspection, determined that the engine passed, and performed the prescribed remedy for passing vehicles, which included changing to the specified higher-viscosity oil. After the recall inspection and remedy were completed, the engine subsequently failed. While driving on an interstate at approximately 70 mph, the engine failed without any prior warning lamps, messages, or noticeable symptoms. There was an audible warning tone and the instrument cluster displayed a message instructing me to restart the vehicle. I then noticed that the vehicle was in Neutral and the engine showed no RPMs or response when the accelerator was pressed. Pressing the start button did not restart the engine. When I attempted to select Drive, the vehicle displayed a warning indicating that conditions were not sufficient to change gears. The sudden loss of engine power and propulsion while traveling at approximately 70 mph on an interstate created a significant safety risk to myself, vehicle occupants, and others on the interstate. The vehicle could no longer maintain speed with surrounding highway","https://www.nhtsa.gov/recalls?nhtsaId=11766495","",""
"near","1.0400","bmw-x5","2021 BMW X5 xDrive45e","nhtsa-mc-11037405","manufacturer_communication","2026-09-21","Manufacturer communication BW8247","BENDIX WINGMAN ADVANCE ","Bendix® Fusion™ Active Safety System with Pedestrian Autonomous Emergency Braking (PAEB) Operator’s Manual This Operator ’s Manual provides an overview of the Bendix® Fusion™ Active Safety System with Pedestrian Autonomous Emergency Braking (PAEB). This manual explains the components, features, functions, and known system limitations. There are also example descriptions and explanations of the audio and visual alerts and system interventions that can be expected during operation. Read this manual thoroughly before operating the system. Be familiar with the possible system actions, alerts, and its limitations. Keep this manual in the vehicle as a reference at all times. See Figure 1 for an example of the message you may see on the integrated display.","https://www.nhtsa.gov/recalls?nhtsaId=11037405","",""
"near","1.0400","tesla-model-x","2024 Tesla Model X Plaid","nhtsa-mc-11037028","manufacturer_communication","2026-09-04","Service bulletin QR-084","EQUIPMENT EQUIPMENT ","Document is intended to help verify the correct location and tolerance of the slide-out gap between the column and the slide-out.","https://www.nhtsa.gov/recalls?nhtsaId=11037028","",""
"near","1.0400","rivian-r1s","2023 Rivian R1S Adventure, Quad-Motor, Large pack","nhtsa-rcl-26T014000","recall","2026-09-10","Recall 26T014000: TIRES:MARKINGS","AVIX TRAILTEK RT ","Wheel Pros, LLC (Wheel Pros) is recalling certain Avix TrailTek RT, size 35X12.50R20LT tires. The tire sidewall may be incorrectly labeled ""Not for Highway Use."" As such, these tires fail to comply with the requirements of Federal Motor Vehicle Safety Standard (FMVSS) number 110, ""Tire Selection and Rims.""","https://www.nhtsa.gov/recalls?nhtsaId=26T014000","",""
"near","1.0400","porsche-911","2022 Porsche 911 Carrera S (992)","nhtsa-mc-11037071","manufacturer_communication","2026-09-04","Service bulletin GR16D8","PORSCHE 718 2017; PORSCHE 718 BOXSTER 2016/2017/2018/2019/2020/2021/2022/2023/2024/2025/2026; PORSCHE 718 BOXSTER GTS 2021/2022/2023/2024; PORSCHE 718 BOXSTER S 2017/2018/2019/2020/2021/2022/2023/2024; PORSCHE 718 CAYMAN 2016/2017/2018/2019/2020/2021/2022/2023/2024/2025/2026; PORSCHE 718 CAYMAN GT4 2022/2023/2024; PORSCHE 718 CAYMAN GT4 RS 2024; PORSCHE 718 CAYMAN GTS 2022/2023/2024; PORSCHE 718 CAYMAN S 2017/2018/2019/2020/2021/2022/2023/2024; PORSCHE 718 SPYDER 2018/2019/2020/2021/2022/2023/2024/2025/2026; PORSCHE 718 SPYDER RS 2024; PORSCHE 911 2002/2003/2004/2005/2012/2013/2014/2015/2016/2017/2018/2019/2020/2021/2022/2023/2024/2025/2026","Product Knowledge for Chassis/VIN Numbering Systems","https://www.nhtsa.gov/recalls?nhtsaId=11037071","",""
"near","1.0400","jeep-wrangler","2022 Jeep Wrangler Unlimited Rubicon 4xe","nhtsa-cmpl-11762751","complaint","2026-09-08","Owner complaint 11762751: JEEP GRAND CHEROKEE 4XE 2023","JEEP GRAND CHEROKEE 4XE 2023","The contact owns a 2023 Jeep Grand Cherokee 4XE. The contact stated that while out of town, the vehicle was parked at the residence; however, neighbors informed the contact that the vehicle had caught fire overnight. The local fire department responded to the scene and extinguished the fire. A fire department report was filed. The vehicle was completely burned; however, the vehicle had not yet been evaluated by the insurance company. The contact stated that the security camera footage indicated that the fire had started under the passenger’s side hood. The dealer and the manufacturer were notified of the failure through voicemail messages. The contact discovered that the VIN was included in NHTSA Campaign Number: 25V741000 (Electrical System). The failure mileage was approximately 40,000.","https://www.nhtsa.gov/recalls?nhtsaId=11762751","",""
"near","1.0400","jeep-wrangler","2022 Jeep Wrangler Unlimited Rubicon 4xe","nhtsa-mc-11037354","manufacturer_communication","2026-09-17","Service bulletin S2609000011","JEEP COMPASS 2023/2024/2025/2026; JEEP GRAND CHEROKEE 2023/2024/2025; JEEP GRAND CHEROKEE 4XE 2023/2024/2025; JEEP WRANGLER 2023/2024/2025/2026; JEEP WRANGLER 4XE 2023/2024/2025/2026","MIL-On and/or Engine Oil Leak","https://www.nhtsa.gov/recalls?nhtsaId=11037354","",""
"near","1.0400","toyota-tacoma","2024 Toyota Tacoma TRD Off-Road Double Cab","nhtsa-mc-11037403","manufacturer_communication","2026-09-21","Service bulletin S-1728","BENDIX INTELLIPARK ","Installation Instructions - Bendix® Intellipark® Dash Electronic Control Unit (DECU) Switch Cap Replacement Kit GENERAL This document provides replacement instructions for a Bendix® Intellipark® Dash Electronic Control Unit (DECU) switch cap. The aftermarket service kit, Bendix Part Number K311999, includes one (1) DECU switch cap and two (2) switch labels.","https://www.nhtsa.gov/recalls?nhtsaId=11037403","",""
"near","1.0400","ram-2500","2019 Ram 2500 Laramie Crew Cab","nhtsa-mc-11037400","manufacturer_communication","2026-09-21","Service bulletin SD-13-47671","BENDIX TABS-6 TRAILER ABS STANDA ","Service Data - Bendix® TABS‑6™ Advanced Single-Channel Trailer ABS Module The Bendix® TABS‑6™ Advanced module is an integrated single-channel (2S/1M) trailer service brake module controller for air-braked heavy-duty semi-trailers that features Bendix® Antilock Brake System (ABS) and Bendix® Trailer Roll Stability Program (TRSP®). Installed on semi-trailers, the module acts as a relay valve during normal braking, but during ABS events it will intervene to help maintain vehicle stability and minimize stopping distance by preventing wheel lock-up. The Bendix TRSP monitors the trailer’s motion and reduces the risk of roll overs by automatically applying the brakes when a risk of roll over is detected.","https://www.nhtsa.gov/recalls?nhtsaId=11037400","",""
"near","1.0400","subaru-outback","2020 Subaru Outback Premium","nhtsa-mc-11036799","manufacturer_communication","2026-09-03","Service bulletin 15-331-25R","SUBARU OUTBACK 2026","This Bulletin has been developed to outline the steps for gathering basic but essential information during diagnosis of Infotainment concerns. (This is an revised version of the original bulletin.)","https://www.nhtsa.gov/recalls?nhtsaId=11036799","",""
"near","1.0400","ram-2500","2019 Ram 2500 Laramie Crew Cab","nhtsa-mc-11037404","manufacturer_communication","2026-09-21","Manufacturer communication BW8246","BENDIX WINGMAN ADVANCE ","Bendix® Fusion™ Active Safety System with Pedestrian Autonomous Emergency Braking (PAEB) Operator’s Manual This Operator’s Manual provides an overview of the Bendix® Fusion™ Active Safety System with Pedestrian Autonomous Emergency Braking (PAEB). This manual explains the components, features, functions, and known system limitations. There are also example descriptions and explanations of the audio and visual alerts and system interventions that can be expected during operation. Read this manual thoroughly before operating the system. Be familiar with the possible system actions, alerts, and its limitations. Keep this manual in the vehicle as a reference at all times. See Figure 1 for an example of the messages you may see on the integrated display when the Fusion system is initializing.","https://www.nhtsa.gov/recalls?nhtsaId=11037404","",""
"near","1.0400","tesla-model-x","2024 Tesla Model X Plaid","nhtsa-mc-11037398","manufacturer_communication","2026-09-21","Service bulletin TCH-11-004","BENDIX ECOCOMPRESSOR ","Aftermarket service kits are available to enhance the robustness of the oil return channel in Bendix® electric compressors, particularly for instances where the oil separator cartridge exhibits corrosion. The oil management kits are recommended for preventive maintenance to maintain optimal compressor performance and as a corrective action to help prevent oil-related issues for both the Bendix® ESM2™ (Electric Screw Module 2) and Bendix® EVM1 (Electric Vane Module 1).","https://www.nhtsa.gov/recalls?nhtsaId=11037398","",""
"near","1.0400","hyundai-ioniq5","2023 Hyundai Ioniq 5 SEL AWD Long Range","nhtsa-cmpl-11762283","complaint","2026-09-04","Owner complaint 11762283: HYUNDAI IONIQ 5 2022","HYUNDAI IONIQ 5 2022","After coming to a stop at a stop sign, and while the gear state was in Drive, the vehicle auto-applied the electronic parking brake because the tailgate was ajar. Gear state remained in Drive. Upon accelerator input, the parking brake did not release, and the vehicle delivered propulsion torque overcoming the parking brake. As a result, the vehicle accelerated and drove several blocks with the rear brakes fully clamped, which was only effectively indicated by a smell and smoke emitted from the rear wheel wells. An irritating repetitive audio and large flashing visual alert in the display cluster indicating the tailgate state distracted from any additional indications that may have been displayed. That distracting indication was continuously active from when gear state was first switched to Drive and did not correlate with EPB engagement.","https://www.nhtsa.gov/recalls?nhtsaId=11762283","",""
"near","1.0400","subaru-outback","2020 Subaru Outback Premium","nhtsa-mc-11036819","manufacturer_communication","2026-09-03","Service bulletin 15-342-26","SUBARU ASCENT 2024/2025; SUBARU FORESTER 2025; SUBARU OUTBACK 2024/2025","This bulletin announces an inspection procedure for the Smart Rear View Mirror Assembly.","https://www.nhtsa.gov/recalls?nhtsaId=11036819","",""
"near","1.0400","ram-2500","2019 Ram 2500 Laramie Crew Cab","nhtsa-mc-11037403","manufacturer_communication","2026-09-21","Service bulletin S-1728","BENDIX INTELLIPARK ","Installation Instructions - Bendix® Intellipark® Dash Electronic Control Unit (DECU) Switch Cap Replacement Kit GENERAL This document provides replacement instructions for a Bendix® Intellipark® Dash Electronic Control Unit (DECU) switch cap. The aftermarket service kit, Bendix Part Number K311999, includes one (1) DECU switch cap and two (2) switch labels.","https://www.nhtsa.gov/recalls?nhtsaId=11037403","",""
"near","1.0400","porsche-911","2022 Porsche 911 Carrera S (992)","nhtsa-mc-11037072","manufacturer_communication","2026-09-04","Service bulletin GR16D8a","PORSCHE 718 2017; PORSCHE 718 BOXSTER 2016/2017/2018/2019/2020/2021/2022/2023/2024/2025/2026; PORSCHE 718 BOXSTER GTS 2021/2022/2023/2024; PORSCHE 718 BOXSTER S 2017/2018/2019/2020/2021/2022/2023/2024; PORSCHE 718 CAYMAN 2016/2017/2018/2019/2020/2021/2022/2023/2024/2025/2026; PORSCHE 718 CAYMAN GT4 2022/2023/2024; PORSCHE 718 CAYMAN GT4 RS 2024; PORSCHE 718 CAYMAN GTS 2022/2023/2024; PORSCHE 718 CAYMAN S 2017/2018/2019/2020/2021/2022/2023/2024; PORSCHE 718 SPYDER 2018/2019/2020/2021/2022/2023/2024/2025/2026; PORSCHE 718 SPYDER RS 2024; PORSCHE 911 2002/2003/2004/2005/2012/2013/2014/2015/2016/2017/2018/2019/2020/2021/2022/2023/2024/2025/2026","Product Knowledge for Model Type Designations","https://www.nhtsa.gov/recalls?nhtsaId=11037072","",""
"near","1.0400","porsche-911","2022 Porsche 911 Carrera S (992)","nhtsa-mc-11037398","manufacturer_communication","2026-09-21","Service bulletin TCH-11-004","BENDIX ECOCOMPRESSOR ","Aftermarket service kits are available to enhance the robustness of the oil return channel in Bendix® electric compressors, particularly for instances where the oil separator cartridge exhibits corrosion. The oil management kits are recommended for preventive maintenance to maintain optimal compressor performance and as a corrective action to help prevent oil-related issues for both the Bendix® ESM2™ (Electric Screw Module 2) and Bendix® EVM1 (Electric Vane Module 1).","https://www.nhtsa.gov/recalls?nhtsaId=11037398","",""
"near","1.0400","ram-2500","2019 Ram 2500 Laramie Crew Cab","nhtsa-mc-11037035","manufacturer_communication","2026-09-04","Service bulletin TSB260117","CUMMINS B6.7O ","This Technical Service Bulletin describes the verification and resolution steps for the nut holding down the ignition coil grounding wire on certain B6.7O engines which may cause the studded capscrew underneath it to rotate when trying to remove the nut during a service event, resulting in the ring terminal on the grounding wire connector rotating against the side of the ignition coil and breaking off from the grounding wire.","https://www.nhtsa.gov/recalls?nhtsaId=11037035","",""
"near","1.0400","rivian-r1s","2023 Rivian R1S Adventure, Quad-Motor, Large pack","nhtsa-mc-11037404","manufacturer_communication","2026-09-21","Manufacturer communication BW8246","BENDIX WINGMAN ADVANCE ","Bendix® Fusion™ Active Safety System with Pedestrian Autonomous Emergency Braking (PAEB) Operator’s Manual This Operator’s Manual provides an overview of the Bendix® Fusion™ Active Safety System with Pedestrian Autonomous Emergency Braking (PAEB). This manual explains the components, features, functions, and known system limitations. There are also example descriptions and explanations of the audio and visual alerts and system interventions that can be expected during operation. Read this manual thoroughly before operating the system. Be familiar with the possible system actions, alerts, and its limitations. Keep this manual in the vehicle as a reference at all times. See Figure 1 for an example of the messages you may see on the integrated display when the Fusion system is initializing.","https://www.nhtsa.gov/recalls?nhtsaId=11037404","",""
"near","1.0400","ram-2500","2019 Ram 2500 Laramie Crew Cab","nhtsa-mc-11037408","manufacturer_communication","2026-09-21","Warranty program BW2079","BENDIX TRAILER SYSTEM GUARD ","LIMITED WARRANTY TRAILER SYSTEM-GUARD® AIR DRYER AND CYCLONE DURADRAIN® WATER SEPARATOR","https://www.nhtsa.gov/recalls?nhtsaId=11037408","",""
"near","1.0400","bmw-x5","2021 BMW X5 xDrive45e","nhtsa-mc-11037411","manufacturer_communication","2026-09-21","Warranty program BW1317","BENDIX 750 AIR COMPRESSOR ; BENDIX BA-921 COMPRESSOR ; BENDIX BENDIX ","LIMITED WARRANTY ORIGINAL EQUIPMENT (OE), SERVICE NEW, AND REMANUFACTURED BENDIX® COMPRESSORS","https://www.nhtsa.gov/recalls?nhtsaId=11037411","",""
"near","1.0400","ram-2500","2019 Ram 2500 Laramie Crew Cab","nhtsa-mc-11037037","manufacturer_communication","2026-09-04","Service bulletin TSB260026","CUMMINS BES ","This Technical Service Bulletin describes the verification and resolution steps for datalink 3 which may experience excessive interference, resulting in communication issues for components on the network and the possibility of fault codes 11938, 11939, 11941, 11943, 11949, 14523, 14524, and 14525 being set. This is an update to a previously submitted communication.","https://www.nhtsa.gov/recalls?nhtsaId=11037037","",""
"near","1.0400","ram-2500","2019 Ram 2500 Laramie Crew Cab","nhtsa-mc-11037034","manufacturer_communication","2026-09-04","Service bulletin TSB260110","CUMMINS ISL G ; CUMMINS L9 ; CUMMINS L9N ","This Technical Service Bulletin describes the verification and resolution steps for the lubricating oil fill and top off procedures for certain ISL G, L9 and L9N engines which may not be followed in some applications, causing the engine to be overfilled with lubricating oil due to failure to allow sufficient time for the lubricating oil to drain back before checking or refilling, resulting in lubricating oil slosh, connecting rod dipping, excessive soot or soot plugging of the EGR cooler or fault codes 2961, 2962, 3361, 3382, 3383 or 7232 being triggered.","https://www.nhtsa.gov/recalls?nhtsaId=11037034","",""
"near","1.0400","ford-f150","2022 Ford F-150 Lariat SuperCrew","nhtsa-mc-11037410","manufacturer_communication","2026-09-21","Warranty program BW1322","BENDIX BENDIX ","REMOVAL AND REPLACEMENT LABOR ALLOWANCE SCHEDULE This summary is provided as a general guide only and allowances may vary by individual part number. Reimbursement for labor will be calculated using actual hours worked; however, it may not exceed the maximum allowable hours specified in the schedule below. The schedule is subject to change or correction at the discretion of Bendix Commercial Vehicle Systems LLC. For additional warranty information, visit B2Bendix.com.","https://www.nhtsa.gov/recalls?nhtsaId=11037410","",""
"near","1.0400","subaru-outback","2020 Subaru Outback Premium","nhtsa-mc-11036789","manufacturer_communication","2026-09-03","Service bulletin 15-333-25R","SEAT COVER UNLIMITED SEAT COVER UNLIMITED ; SUBARU 64669AC260MU ; SUBARU 64669AC360MU ; SUBARU 64669AC370MU ; SUBARU 64669AC380MU ; SUBARU 64669AC390MU ; SUBARU ASCENT 2019/2020/2021/2022/2023/2024/2025/2026; SUBARU B9 TRIBECA 2006/2007/2008/2009/2010/2011/2012; SUBARU BAJA 2003/2004/2005/2006; SUBARU BRZ 2013/2014/2015/2016/2017/2018/2019/2020/2021/2022/2023/2024/2025/2026; SUBARU CROSSTREK 2012/2013/2014/2015/2016/2017/2018/2019/2020/2021/2022/2023/2024/2025/2026; SUBARU CROSSTREK HYBRID 2016/2017/2018/2019/2020/2021/2022/2023/2026","This bulletin contains illustrations of exchange components and their manufacturer as well as a description of the proper exchange procedure. This is an revised version of the original bulletin","https://www.nhtsa.gov/recalls?nhtsaId=11036789","",""
"near","1.0400","ram-2500","2019 Ram 2500 Laramie Crew Cab","nhtsa-mc-11037236","manufacturer_communication","2026-09-09","Manufacturer communication SIL 15-EP-26","ALLISON H 40 EP TRANSMISSION ; ALLISON H 50 EP TRANSMISSION ","Notice announcing new breather part number","https://www.nhtsa.gov/recalls?nhtsaId=11037236","",""
"near","1.0400","ford-f150","2022 Ford F-150 Lariat SuperCrew","nhtsa-mc-11036522","manufacturer_communication","2026-09-01","Service bulletin SSM 55111","FORD F-150 2022/2023/2024/2025/2026","Some 2022-2026 F-150 Lightning vehicles may exhibit a reduced distance to empty (DTE) projection, a high voltage battery pack state of charge (SOC) that drops from 100% to less than 90% within 60 seconds of being driven, and an inability to reach a target SOC using the scheduled charging feature without any diagnostic trouble codes (DTCs) in the battery energy control module (BECM). This may be due to an issue in one or more cells within the high voltage battery pack. To correct the condition, run the ""BECM Battery Health"" application using the latest software version of the Ford Diagnosis and Repair System (FDRS). If any cells are identified as exceeding state of charge and/or capacity thresholds, refer to the Workshop Manual (WSM), Section 414-03A High Voltage Battery, Mounting and Cables > Diagnosis and Testing > High Voltage Battery, Mounting and Cables Electric. Perform Pinpoint Test High Voltage Battery Pack Cell Balancing Faults , Step 4 (PPT Step AO4 for 2022-2024 vehicles/PPT Step AQ4 for 2024-2026 vehicles) and proceed with Pinpoint Test directions following the results of Step 4.","https://www.nhtsa.gov/recalls?nhtsaId=11036522","",""
"near","1.0400","toyota-tacoma","2024 Toyota Tacoma TRD Off-Road Double Cab","nhtsa-cmpl-11761620","complaint","2026-09-02","Owner complaint 11761620: TOYOTA HIGHLANDER 2021","TOYOTA HIGHLANDER 2021","The transmission whining started 70,000 miles and it is progressively gotten worse, there has been some sudden shifting at times. The manufacturer has known about this 8 speed transmission. Problem since 2017 and they haven’t done anything to improve it. Isn’t is something that the warranty only covers the drivetrain and. Transmission till 60,000. And know they are telling us that we have to pay anywhere from $7,000-$12,000 to,have it replaced. We have taken it to the Toyota dealership Thayer Toyota in bowling green,oh and they checked it out. And said that the front part of the transmission is ok it’s but the rear differential is the one that is going bad. We are hoping that there will an investigation on this UA80 transmission to see how many of the toyota models that have this transmission in it, have been reported and if any after the 60,000mile they have covered to be repaired at there cost. We understand that there is a CLASS ACTION LAWSUIT against this transmission. We would appreciate any help that you can get us. We can be contacted at [XXX] or phone number [XXX] INFORMATION REDACTED PURSUANT TO THE FREEDOM OF INFORMATION ACT (FOIA), 5 U.S.C. 552(B)(6)","https://www.nhtsa.gov/recalls?nhtsaId=11761620","",""
"near","1.0400","jeep-wrangler","2022 Jeep Wrangler Unlimited Rubicon 4xe","nhtsa-cmpl-11765585","complaint","2026-09-19","Owner complaint 11765585: JEEP WRANGLER 2024","JEEP WRANGLER 2024","My Jeep has no power. Starting off of a red light, stop sign, whenever it’s dead stop, I feel like I have to floor it in order for it to get up and going. I have a 4xe and this started happening after the first recall.","https://www.nhtsa.gov/recalls?nhtsaId=11765585","",""
"near","1.0400","ram-2500","2019 Ram 2500 Laramie Crew Cab","nhtsa-mc-11037409","manufacturer_communication","2026-09-21","Warranty program BW1716","BENDIX BENDIX ","LIMITED WARRANTY TOTAL AIR GUARANTEE (T.A.G.) AIR BRAKE SYSTEM EXTENDED WARRANTY","https://www.nhtsa.gov/recalls?nhtsaId=11037409","",""
"near","1.0400","porsche-911","2022 Porsche 911 Carrera S (992)","nhtsa-mc-11037047","manufacturer_communication","2026-09-04","Service bulletin No. 65-26","PORSCHE 911 2026; PORSCHE 911 CARRERA 2026; PORSCHE 911 GT3 2026; PORSCHE CAYENNE 2026; PORSCHE CAYENNE COUPE 2026; PORSCHE CAYENNE E-HYBRID 2026; PORSCHE CAYENNE E-HYBRID COUPE 2026; PORSCHE CAYENNE GTS 2026; PORSCHE CAYENNE GTS COUPE 2026; PORSCHE CAYENNE S COUPE 2026; PORSCHE CAYENNE TURBO E-HYBRID 2026; PORSCHE CAYENNE TURBO E-HYBRID COUPE 2026","Technical Information for Horizontal Stripes in Front Control Panel/Central Display (PCM)","https://www.nhtsa.gov/recalls?nhtsaId=11037047","",""
"near","1.0400","tesla-model-x","2024 Tesla Model X Plaid","nhtsa-mc-11037402","manufacturer_communication","2026-09-21","Service bulletin SD-13-4860","BENDIX BENDIX ","Service Data - Bendix® WS-24™ Antilock Wheel Speed Sensor DESCRIPTION The Bendix® WS-24™ Wheel Speed Sensor (WSS) is an electromagnetic device used to obtain vehicle speed information for an antilock controller. When the wheel rotates, the sensor and an exciter ring (sometimes called a “rotor” or “tone” ring) generate a simple AC signal. This signal is sent to either the brake controller (Bendix® EC-60™ or Bendix® EC-80™) or the Global Scalable Brake Control electro-pneumatic modulator (Bendix® GSBC® EPM-90™), which analyzes the data and commands the Antilock Braking System (ABS) accordingly. Specifically, the WSS consists of a coil, pole piece, and a magnet. The exciter ring is a steel ring or gear-like device that has regularly spaced high and low spots called “teeth.” The WSS is mounted in a fixed position, while the exciter ring is installed on a rotating member (typically part of the hub) so that its “teeth” move, in close proximity, past the tip of the sensor. The WS-24 WSS is available in both straight and 90° versions to accommodate axle/wheel space limitations.","https://www.nhtsa.gov/recalls?nhtsaId=11037402","",""
"near","1.0400","hyundai-ioniq5","2023 Hyundai Ioniq 5 SEL AWD Long Range","nhtsa-cmpl-11762153","complaint","2026-09-04","Owner complaint 11762153: HYUNDAI IONIQ 5 2025","HYUNDAI IONIQ 5 2025","Driving home near my apartment, I had to join a busy highway from a full stop. I found a small gap and tried to accelerate to quickly merge into traffic, when my car made a high pitched alert noise and noticably did not accelerate beyond about 25 miles per hour on a 45-50mph highway with heavy traffic. I turned on my hazards and still ended up with a line up of cars honking behind me. Flooring the accelerator did absolutely nothing to increase my speed. On slight downhills I could get up to about 40mph but as soon as it leveled off my speed went back down to limping along. I was able to exit the highway at slow speed and tried to parallel park in an avaialble spot but could not reverse. I tried to drive on toward my house but the car could not make it up the hill even with the full accelerator pedal down. People were stuck behind me on my street so I turned the car off and back on again and the car appeared to resume normal operation and I was able to drive up the hill. I took the car to the dealer and they were ""not able to replicate the error"". They did fix a seat belt recall and updated the software for my ECU and said to come back if it happened again...","https://www.nhtsa.gov/recalls?nhtsaId=11762153","",""
"near","1.0400","ford-f150","2022 Ford F-150 Lariat SuperCrew","nhtsa-mc-11037237","manufacturer_communication","2026-09-09","Manufacturer communication 10-TR-99EN Rev CC","ALLISON TRANSMISSION ","Details transmission fluid types and service intervals","https://www.nhtsa.gov/recalls?nhtsaId=11037237","",""
"near","1.0400","toyota-camry","2023 Toyota Camry SE","nhtsa-mc-11037402","manufacturer_communication","2026-09-21","Service bulletin SD-13-4860","BENDIX BENDIX ","Service Data - Bendix® WS-24™ Antilock Wheel Speed Sensor DESCRIPTION The Bendix® WS-24™ Wheel Speed Sensor (WSS) is an electromagnetic device used to obtain vehicle speed information for an antilock controller. When the wheel rotates, the sensor and an exciter ring (sometimes called a “rotor” or “tone” ring) generate a simple AC signal. This signal is sent to either the brake controller (Bendix® EC-60™ or Bendix® EC-80™) or the Global Scalable Brake Control electro-pneumatic modulator (Bendix® GSBC® EPM-90™), which analyzes the data and commands the Antilock Braking System (ABS) accordingly. Specifically, the WSS consists of a coil, pole piece, and a magnet. The exciter ring is a steel ring or gear-like device that has regularly spaced high and low spots called “teeth.” The WSS is mounted in a fixed position, while the exciter ring is installed on a rotating member (typically part of the hub) so that its “teeth” move, in close proximity, past the tip of the sensor. The WS-24 WSS is available in both straight and 90° versions to accommodate axle/wheel space limitations.","https://www.nhtsa.gov/recalls?nhtsaId=11037402","",""
"near","1.0400","ford-bronco","2023 Ford Bronco Badlands 4-Door","nhtsa-cmpl-11761529","complaint","2026-09-02","Owner complaint 11761529: FORD BRONCO 2026","FORD BRONCO 2026","The contact owns a 2026 Ford Bronco. The contact stated that while driving approximately 70-75 MPH in the left lane on the interstate on a sunny day, near the grass, the driver's side rear window exploded without impact. The local dealer was contacted, but the vehicle was not diagnosed or repaired. Another local dealer, Hagerstown Ford Service (1714 Massey Blvd, Hagerstown, MD 21740), was contacted and was able to replace the glass. A warranty claim was filed but was later denied. The manufacturer was contacted and determined that the failure was caused by an unidentified object and declined the claim. The failure mileage was approximately 735.","https://www.nhtsa.gov/recalls?nhtsaId=11761529","",""
"near","1.0400","ram-2500","2019 Ram 2500 Laramie Crew Cab","nhtsa-mc-11037401","manufacturer_communication","2026-09-21","Service bulletin SD-13-4767","BENDIX TABS-6 TRAILER ABS STANDA ","Service Data - Bendix® TABS-6™ Standard and Premium Trailer ABS Modules INTRODUCTION The Bendix® TABS-6™ module is an integrated trailer ABS controller and modulator for air-braked heavy-duty trailers, semi-trailers and dollies. The module acts as a relay valve during normal braking, but during ABS events, it will intervene to help improve stability. All modules include an Electronic Control Unit (ECU) and Modulator Relay Valve (MRV) which are integrated into a single self-contained 2S/1M (two-sensor, one modulator) trailer ABS unit. The Premium Bendix TABS‑6 module is auto-configurable to control more sensors and modulators (up to 4S/3M) from its default 2S/1M.","https://www.nhtsa.gov/recalls?nhtsaId=11037401","",""
"near","1.0400","rivian-r1s","2023 Rivian R1S Adventure, Quad-Motor, Large pack","nhtsa-mc-11037103","manufacturer_communication","2026-09-05","Service bulletin RCA-26-26-002-1","RIVIAN EDV 2022/2023/2024/2025; RIVIAN EDV (RCV) 2026; RIVIAN RCV 2024/2025","Rivian is initiating a customer satisfaction campaign for some model year 2022-2026 EDV and RCV vehicles. On these vehicles, the cabin heater may not have been sufficiently sealed to prevent condensation from entering the unit. This condition may result in a reduction of electrical isolation and a corresponding malfunction indicator on the driver display informing the driver that the vehicle requires service. In rare instances, the driver will receive a notification to pull over safely and the vehicle will enter a reduced performance safe-state mode. Rivian will replace the cabin heater, clean the HVAC evaporator, and splice an adapter harness on affected vehicles. The cabin heater was previously replaced on some vehicles. On those vehicles, Rivian will splice the adapter harness to the HVAC harness to improve long­term reliability. Rivian is launching this campaign for customer satisfaction and to ensure the quality of Rivian vehicles.","https://www.nhtsa.gov/recalls?nhtsaId=11037103","",""
"near","1.0400","chevy-silverado","2022 Chevrolet Silverado 1500 LT Trail Boss Crew Cab","nhtsa-cmpl-11763284","complaint","2026-09-10","Owner complaint 11763284: GMC SIERRA 1500 2019","GMC SIERRA 1500 2019","I am writing to formally log a safety concern regarding my vehicle’s 6.2L L87 engine, specifically in relation to the known defects under NHTSA’s ongoing Engineering Analysis EA25007. The engine seized up while driving in traffic which has a safety impact on the occupants and other drivers. The vehicle was towed to GM and the they noted the the engine has catastrophic internal failure with large metal debris in the engine oil and filter. This is consistent with failures that other GM owners have experienced with GM's L87 engine. The initial recall (Recall 25V-274) for a specific manufacturing window (March 1, 2021, to May 31, 2024), the NHTSA launched EA25007 because it continued to receive a flood of complaints from owners whose vehicles fell outside that original recall window. That is me, I am outside that original window. But I am confident that the issue was known by GM and should have been handled several years ago with a wider recall window. Now I was exposed to a safety issue and I am stuck with a large repair bill. I think there is an even broader active investigation EA26005.","https://www.nhtsa.gov/recalls?nhtsaId=11763284","",""
"near","1.0400","porsche-911","2022 Porsche 911 Carrera S (992)","nhtsa-mc-11037041","manufacturer_communication","2026-09-04","Service bulletin No. 64-26","PORSCHE 911 2021/2022/2023/2024/2025/2026; PORSCHE 911 4S 2022; PORSCHE 911 CARRERA 2021/2022/2023/2024/2025/2026; PORSCHE 911 CARRERA 4 2023; PORSCHE 911 CARRERA 4 GTS 2022/2023; PORSCHE 911 CARRERA 4S 2023; PORSCHE 911 CARRERA GTS 2022/2023/2024; PORSCHE 911 CARRERA S 2021/2023; PORSCHE 911 CARRERA T 2023/2024; PORSCHE 911 DAKAR 2023/2024; PORSCHE 911 GT3 2021/2022/2023/2024/2025/2026; PORSCHE 911 GT3 RS 2023/2024","Technical Information for Yellow Warning Message ""Rear Axle Steering Has Failed"" in Instrument Cluster: Replace Servo Motors for Rear Axle Steering","https://www.nhtsa.gov/recalls?nhtsaId=11037041","",""
"near","1.0400","honda-crv","2023 Honda CR-V Sport Touring Hybrid","nhtsa-cmpl-11763505","complaint","2026-09-10","Owner complaint 11763505: HONDA CR-V 2014","HONDA CR-V 2014","VTC actuator malfunction causing timing chain failure leading to engine failure dangerous if driving causing engine to fail on highway leading to dangerous situation paid to fix 10,000 miles later same issue with updated part installed. Problem confirmed by Honda","https://www.nhtsa.gov/recalls?nhtsaId=11763505","",""
"near","1.0400","chevy-silverado","2022 Chevrolet Silverado 1500 LT Trail Boss Crew Cab","nhtsa-cmpl-11765689","complaint","2026-09-20","Owner complaint 11765689: CHEVROLET SILVERADO 1500 2021","CHEVROLET SILVERADO 1500 2021","My truck started skipping and over time the check engine light came on. I took it in and they are saying it is the lifters, which is costly. I know this truck was built during COVID and I know a lot of the manufacturers were dealing with skeleton crews. I heard this was an issue with the 2021 Silverado trucks, and a recall. Can you please advise?","https://www.nhtsa.gov/recalls?nhtsaId=11765689","",""
"near","1.0400","chevy-silverado","2022 Chevrolet Silverado 1500 LT Trail Boss Crew Cab","nhtsa-cmpl-11760671","complaint","2026-08-29","Owner complaint 11760671: GMC YUKON 2021","GMC YUKON 2021","I’m currently on my third motor as a result of the L87 engine loss. When I bought the vehicle, I was not aware that the engine had already been replaced however, due to hearing a tick, I brought my vehicle to the dealership for the recall and was told that this is not the original engine, but they had the paperwork for this engine as well. Nonetheless, the engine “passed” their inspection. They changed my oil and replaced my cap. Within six months, I threw a Rod. Not only did I have a horrible experience with the dealership, my new motor is also ticking.","https://www.nhtsa.gov/recalls?nhtsaId=11760671","",""
"near","1.0400","toyota-tacoma","2024 Toyota Tacoma TRD Off-Road Double Cab","nhtsa-cmpl-11762933","complaint","2026-09-08","Owner complaint 11762933: TOYOTA TACOMA 2021","TOYOTA TACOMA 2021","Driving in town 30 to 40mph, (while in drive) the vehicle rev’d up like it was in neutral then went back to normal. That is concerning because it will cause transmission problems & pulling onto a road the truck could shift to (neutral) causing it to not go.","https://www.nhtsa.gov/recalls?nhtsaId=11762933","",""
"near","1.0400","ford-f150","2022 Ford F-150 Lariat SuperCrew","nhtsa-mc-11037398","manufacturer_communication","2026-09-21","Service bulletin TCH-11-004","BENDIX ECOCOMPRESSOR ","Aftermarket service kits are available to enhance the robustness of the oil return channel in Bendix® electric compressors, particularly for instances where the oil separator cartridge exhibits corrosion. The oil management kits are recommended for preventive maintenance to maintain optimal compressor performance and as a corrective action to help prevent oil-related issues for both the Bendix® ESM2™ (Electric Screw Module 2) and Bendix® EVM1 (Electric Vane Module 1).","https://www.nhtsa.gov/recalls?nhtsaId=11037398","",""
"near","1.0400","subaru-outback","2020 Subaru Outback Premium","nhtsa-mc-11036803","manufacturer_communication","2026-09-03","Service bulletin 15-305-22R","SUBARU ASCENT 2023/2024/2025/2026; SUBARU CROSSTREK 2024/2025/2026; SUBARU FORESTER 2025/2026; SUBARU IMPREZA 2024/2025/2026; SUBARU LEGACY 2023/2024/2025; SUBARU OUTBACK 2023/2024/2025; SUBARU WRX 2024/2025/2026","This bulletin announces a reprogramming file availability and provides a software update installation procedure to optimize the new Gen 4.5 Denso CP1.5 Audio and Navigation head units utilized in the models listed. This is an revised version of the original bulletin.","https://www.nhtsa.gov/recalls?nhtsaId=11036803","",""
"near","1.0400","honda-crv","2023 Honda CR-V Sport Touring Hybrid","nhtsa-mc-11037398","manufacturer_communication","2026-09-21","Service bulletin TCH-11-004","BENDIX ECOCOMPRESSOR ","Aftermarket service kits are available to enhance the robustness of the oil return channel in Bendix® electric compressors, particularly for instances where the oil separator cartridge exhibits corrosion. The oil management kits are recommended for preventive maintenance to maintain optimal compressor performance and as a corrective action to help prevent oil-related issues for both the Bendix® ESM2™ (Electric Screw Module 2) and Bendix® EVM1 (Electric Vane Module 1).","https://www.nhtsa.gov/recalls?nhtsaId=11037398","",""
"near","1.0400","jeep-wrangler","2022 Jeep Wrangler Unlimited Rubicon 4xe","nhtsa-cmpl-11766365","complaint","2026-09-23","Owner complaint 11766365: JEEP WRANGLER 2021","JEEP WRANGLER 2021","My 2021 jeep wrangler Sahara 4xe has had numerous EV battery issues. I have asked recalls to be fixed. It has had its battery replaced under a federal safety recall, still refuses to charge, and caused home charger to no longer to work. It has been in the shop since 8/11/26 and they are unable to get it to charge. This is a safety hazard. Issues with the EV battery/electrical system started back in 2021 after purchasing vehicle. Most recent issue with frying my home charging unit and not charging started in July of 2026.","https://www.nhtsa.gov/recalls?nhtsaId=11766365","",""
"near","1.0400","bmw-x5","2021 BMW X5 xDrive45e","nhtsa-cmpl-11765962","complaint","2026-09-21","Owner complaint 11765962: BMW X5 2022","BMW X5 2022","The contact owns a 2022 BMW X5. The contact stated that while attempting to start the vehicle, the vehicle hesitated while starting. The vehicle was jump-started. The vehicle was taken to an independent mechanic to be diagnosed, and the contact was informed that the starter needed to be replaced. The vehicle was repaired. The manufacturer was notified of the failure. The failure mileage was 43,709.","https://www.nhtsa.gov/recalls?nhtsaId=11765962","",""
"near","1.0400","subaru-outback","2020 Subaru Outback Premium","nhtsa-mc-11036794","manufacturer_communication","2026-09-03","Manufacturer communication Article Locator","SEAT COVER UNLIMITED SEAT COVER UNLIMITED ; SUBARU 64669AC260MU ; SUBARU 64669AC360MU ; SUBARU 64669AC370MU ; SUBARU 64669AC380MU ; SUBARU 64669AC390MU ; SUBARU ASCENT 2019/2020/2021/2022/2023/2024/2025/2026; SUBARU B9 TRIBECA 2006/2007/2008/2009/2010/2011/2012; SUBARU BAJA 2003/2004/2005/2006; SUBARU BRZ 2013/2014/2015/2016/2017/2018/2019/2020/2021/2022/2023/2024/2025/2026; SUBARU CROSSTREK 2012/2013/2014/2015/2016/2017/2018/2019/2020/2021/2022/2023/2024/2025/2026; SUBARU CROSSTREK HYBRID 2016/2017/2018/2019/2020/2021/2022/2023/2026","Techtips newsletter locator index.","https://www.nhtsa.gov/recalls?nhtsaId=11036794","",""
"near","1.0400","chevy-silverado","2022 Chevrolet Silverado 1500 LT Trail Boss Crew Cab","nhtsa-cmpl-11763076","complaint","2026-09-09","Owner complaint 11763076: GMC YUKON XL 2022","GMC YUKON XL 2022","I think it is a transmission type of failure. I'm not sure of the exact mechanical specifics. While putting the vehicle in reverse, driving and or accelerating it feels like the transmission is locking up and then releasing, and then locking up again. It felt very dangerous for that to happen while driving down the road. I took the vehicle to a local mechanic that was near by for assistance and he said I should take it to a dealership because there was a recall due to that issue on my type of vehicle that he knew about. So I call a dealership to make an appointment, tell them I think the issue is due to a safety recall due to the transmission locking up. They check my Vin# and say there are no recalls for my vehicle, even though it falls in the same year, make, and model of affected GM vehicles , therefore they could not make a recall appointment for me. Even though i was experiencing the same type of issues on the same type of vehicle thats included in the recall. I did not have any warning lights before, or while driving. The day it happened, I drove the vehicle to work, parked, was at my office all day. Came out to go home and put the SUV in reverse and it like lunged forward, a","https://www.nhtsa.gov/recalls?nhtsaId=11763076","",""
"near","1.0400","jeep-wrangler","2022 Jeep Wrangler Unlimited Rubicon 4xe","nhtsa-mc-11036762","manufacturer_communication","2026-09-03","Service bulletin 9100363 Rev 3","JEEP COMPASS 2023/2024; JEEP GRAND CHEROKEE 2022/2023/2024; JEEP GRAND CHEROKEE 4XE 2022/2023/2024; JEEP GRAND CHEROKEE L 2022/2023/2024; JEEP WRANGLER 2018/2019/2020/2021/2022/2023/2024/2025; JEEP WRANGLER 4XE 2021/2022/2023/2024/2025","Turbocharger Kit Please note that many turbo components are serviceable separately and full turbo replacement may not be required. If the turbo is being inspected for: Noise/Rattle: Inspect heat shield fasteners for looseness and check the wastegate actuator/linkage for binding. The actuator kit is serviced separately. Oil Leak: Inspect the turbo oil feed O-ring area for leaks. O-ring is serviced separately.","https://www.nhtsa.gov/recalls?nhtsaId=11036762","",""
"near","1.0400","tesla-model-x","2024 Tesla Model X Plaid","nhtsa-cmpl-11766118","complaint","2026-09-22","Owner complaint 11766118: TESLA MODEL Y 2023","TESLA MODEL Y 2023","On September 13, 2026, my 2023 Tesla Model Y (13,300 miles) displayed a High Voltage System alert stating the vehicle may not restart and service was required. I brought the vehicle to the Tesla Service Center for diagnosis. The technician found the alert occurred when the brake pedal was applied and identified electromagnetic interference affecting signal integrity in that circuit. On September 17, 2026, a ferrite suppressor was installed to address the interference, and the technician noted the alert cleared. He advised that if the concern returned, replacement of the CHMSL (Center High Mount Stop Lamp) may be required. The same day I picked up the vehicle after this repair, the High Voltage System alert recurred. Both occurrences happened while the vehicle was operating under Full Self-Driving (FSD), not under manual braking. My foot was not on the brake pedal either time. This detail was not accounted for in the original diagnosis, which was based on manual pedal actuation as the trigger. I have raised this discrepancy with Tesla and requested a re-diagnosis based on FSD-commanded brake actuation, including review of vehicle logs for both incident timestamps. My safety concern ","https://www.nhtsa.gov/recalls?nhtsaId=11766118","",""
"near","1.0400","ram-2500","2019 Ram 2500 Laramie Crew Cab","nhtsa-cmpl-11763921","complaint","2026-09-13","Owner complaint 11763921: RAM 2500 2018","RAM 2500 2018","My 2018 Ram 2500 has a continuous ABS/ESC/Traction Control failure related to recall C4B (NHTSA 24V‑896). The hydraulic control unit (HCU) is failing exactly as described in the recall. The ABS light, traction control light, and stability control warnings come on constantly, and the cruise control shuts off while driving. This is a safety‑critical defect that increases the risk of a crash, as NHTSA states in campaign 24V‑896. My dealer confirmed the recall but says the remedy parts are unavailable and may take months. I am driving a vehicle with disabled ABS and stability control because Stellantis cannot supply the required HCU replacement. I am requesting NHTSA assistance because the manufacturer cannot provide a timely safety repair. I also have a bad knee and can NOT drive without cruise control.","https://www.nhtsa.gov/recalls?nhtsaId=11763921","",""
"near","1.0400","ram-2500","2019 Ram 2500 Laramie Crew Cab","nhtsa-cmpl-11763700","complaint","2026-09-11","Owner complaint 11763700: RAM 1500 2021","RAM 1500 2021","Purchase vehicle new and report issue with steering vibration and wandering feel after purchasing on multiple occasions when having the vehicle serviced by dealership. No issues found was the response each time, but condition continued. Front tire wear indicated something wasn't right. Replaced tires with OEM Goodyear tires even though symptoms persisted. While traveling this past winter in inclement weather vehicle lost traction while crossing a bridge as safe speed. Manage to correct but ended up in the guardrail. Report issue to Stellantis/RAM who investigate and reported no issues. Vehicle was repaired by dealer body and repair shop. Upon pickup vehicle was not drivable due to ""Wobble of Death"". Shop determined it was a bad wheel. Vehicle drove okay but front-end vibration returned. Spoke with shop manager and stated tires has flat spots. Truck was parked for service a long time. Purchase a new set of tires, Michelins thinking it may be the brand that was issue. Condition persists with vibration wear showing tires already,","https://www.nhtsa.gov/recalls?nhtsaId=11763700","",""
"near","1.0400","ford-f150","2022 Ford F-150 Lariat SuperCrew","nhtsa-cmpl-11765442","complaint","2026-09-19","Owner complaint 11765442: UNKNOWN UNKNOWN","UNKNOWN UNKNOWN ","I was in the vehicle that was parked in my driveway and the passenger door airbag deployed into my right ear, and there was no crash or anything it just deployed on its own. vehicle was running and I was cleaning the vehicle.","https://www.nhtsa.gov/recalls?nhtsaId=11765442","",""
"near","1.0400","chevy-silverado","2022 Chevrolet Silverado 1500 LT Trail Boss Crew Cab","nhtsa-cmpl-11761880","complaint","2026-09-03","Owner complaint 11761880: GMC SIERRA 1500 2024","GMC SIERRA 1500 2024","The vehicle was part of the GM L87 engine recall. The vehicle was taken to the dealership in late 2025 for recall service. The dealership inspected the vehicle for vibration and determined that it required an oil change and updated service manual to require 0W-40 oil. On June 21, 2026 the vehicle experienced an engine failure.","https://www.nhtsa.gov/recalls?nhtsaId=11761880","",""
"near","1.0400","rivian-r1s","2023 Rivian R1S Adventure, Quad-Motor, Large pack","nhtsa-mc-11037100","manufacturer_communication","2026-09-05","Service bulletin RCA-78-26-001-1","RIVIAN R1S 2025; RIVIAN R1T 2025","Rivian is initiating a customer satisfaction campaign for some model year 2025 vehicles that may have a loose or cross-threaded ground nut inside the instrument panel. Affected vehicles may not be able to turn on, may not be able to shift into drive or reverse, and may display multiple fault indicator lights on the driver display. Rivian will replace the nut, repair or replace the ground stud, or replace the instrument panel beam. Rivian is launching this campaign for customer satisfaction and to ensure the quality of Rivian vehicles.","https://www.nhtsa.gov/recalls?nhtsaId=11037100","",""
"near","1.0400","toyota-camry","2023 Toyota Camry SE","nhtsa-cmpl-11765442","complaint","2026-09-19","Owner complaint 11765442: UNKNOWN UNKNOWN","UNKNOWN UNKNOWN ","I was in the vehicle that was parked in my driveway and the passenger door airbag deployed into my right ear, and there was no crash or anything it just deployed on its own. vehicle was running and I was cleaning the vehicle.","https://www.nhtsa.gov/recalls?nhtsaId=11765442","",""
"near","1.0400","chevy-silverado","2022 Chevrolet Silverado 1500 LT Trail Boss Crew Cab","nhtsa-mc-11037402","manufacturer_communication","2026-09-21","Service bulletin SD-13-4860","BENDIX BENDIX ","Service Data - Bendix® WS-24™ Antilock Wheel Speed Sensor DESCRIPTION The Bendix® WS-24™ Wheel Speed Sensor (WSS) is an electromagnetic device used to obtain vehicle speed information for an antilock controller. When the wheel rotates, the sensor and an exciter ring (sometimes called a “rotor” or “tone” ring) generate a simple AC signal. This signal is sent to either the brake controller (Bendix® EC-60™ or Bendix® EC-80™) or the Global Scalable Brake Control electro-pneumatic modulator (Bendix® GSBC® EPM-90™), which analyzes the data and commands the Antilock Braking System (ABS) accordingly. Specifically, the WSS consists of a coil, pole piece, and a magnet. The exciter ring is a steel ring or gear-like device that has regularly spaced high and low spots called “teeth.” The WSS is mounted in a fixed position, while the exciter ring is installed on a rotating member (typically part of the hub) so that its “teeth” move, in close proximity, past the tip of the sensor. The WS-24 WSS is available in both straight and 90° versions to accommodate axle/wheel space limitations.","https://www.nhtsa.gov/recalls?nhtsaId=11037402","",""
"near","1.0400","ram-2500","2019 Ram 2500 Laramie Crew Cab","nhtsa-cmpl-11766612","complaint","2026-09-24","Owner complaint 11766612: RAM 1500 2022","RAM 1500 2022","Power steering has an intermittent failure and have lost power steering multiple times on the highway. Warning lights come on a indicate steering issue. Have noticed this has been reported as an eps issue with the ram 1500's. This has been reproduced by an independent service center and they thought it might be a loose connection with water getting in. They tried to fix this but still getting the issue even when there is no rain. This just started once I passed the 36,000 mile mark and no longer under warranty This is a serious issue as power steering goes out unexpectedly","https://www.nhtsa.gov/recalls?nhtsaId=11766612","",""
"near","1.0400","ford-bronco","2023 Ford Bronco Badlands 4-Door","nhtsa-mc-11037311","manufacturer_communication","2026-09-14","Service bulletin TSB 26-2414","FORD BRONCO SPORT 2023/2024/2025; FORD MAVERICK 2023/2024/2025","This article supersedes 26-2058 Reason for update: update the TSB title and TSB issue to include new DTCs Some of the vehicles listed in the Model statement above may exhibit all of the following conditions: * Intermittent or permanent no reverse (R) engagement * Illuminated MIL with DTC P0767 or P0765:7E stored in the powertrain control module (PCM) In addition to the required conditions, the vehicle may also exhibit a harsh reverse engagement, P0766, P0765:7F, P0736 and/or P2703 stored in the PCM. This may be due to an internal mechanical concern with the selectable one-way clutch (SOWC).","https://www.nhtsa.gov/recalls?nhtsaId=11037311","",""
"near","1.0400","tesla-model-x","2024 Tesla Model X Plaid","nhtsa-cmpl-11763206","complaint","2026-09-09","Owner complaint 11763206: TESLA MODEL Y 2023","TESLA MODEL Y 2023","Today, the Tesla updated while my wife was in the car. During the update all electrical systems went down and the car was locked from the inside and out making it so she could not get out. Because the electrical systems were down while the update was going she did not have any AC either. So she was locked in the car without AC in 107F weather. This is an extreme danger to her health and should be taken care of right away. As well if you had dog mode on it would have locked dogs in the car without AC. This is also an extreme danger because there is not a safe dog mode. the truth is it could be disable at any time without the ability to interrupt or stop the update.","https://www.nhtsa.gov/recalls?nhtsaId=11763206","",""
"near","1.0400","subaru-outback","2020 Subaru Outback Premium","nhtsa-cmpl-11762881","complaint","2026-09-08","Owner complaint 11762881: SUBARU OUTBACK 2024","SUBARU OUTBACK 2024","I own a 2024 Subaru Outback Limited XT, VIN [XXX]. While traveling approximately 45–50 mph on a four-lane road with Adaptive Cruise Control (ACC) engaged, my vehicle suddenly and rapidly decelerated and automatically applied the brakes as I approached a police vehicle traveling in the lane immediately to my right. There was NOTHING in my lane for at least one mile ahead of me. The police vehicle was not in my lane. It was traveling in the adjacent lane to my right. As I approached the police vehicle, my Subaru unexpectedly began rapidly decelerating and automatically braking. I did not apply the brakes. There was no warning beep before the automatic braking occurred. The vehicle behaved as though it had detected an imminent collision or obstacle directly in its path, even though there was no vehicle, pedestrian, or other obstacle in my lane for at least a mile. The event occurred while Adaptive Cruise Control was engaged. I am concerned that the EyeSight/Adaptive Cruise Control and/or Pre-Collision Braking system incorrectly detected the police vehicle traveling in the adjacent lane as an obstacle or as being in my vehicle’s path. The sudden automatic braking at approximately 45–50","https://www.nhtsa.gov/recalls?nhtsaId=11762881","",""
"near","1.0400","chevy-silverado","2022 Chevrolet Silverado 1500 LT Trail Boss Crew Cab","nhtsa-mc-11037237","manufacturer_communication","2026-09-09","Manufacturer communication 10-TR-99EN Rev CC","ALLISON TRANSMISSION ","Details transmission fluid types and service intervals","https://www.nhtsa.gov/recalls?nhtsaId=11037237","",""
"near","1.0400","porsche-911","2022 Porsche 911 Carrera S (992)","nhtsa-mc-11037078","manufacturer_communication","2026-09-04","Service bulletin TSTR2650","PORSCHE PIWIS TESTER III ","Information on PIWIS Tester update 44.300.050. PIWIS Tester update applies to all Porsche models that have an OBD2 port.","https://www.nhtsa.gov/recalls?nhtsaId=11037078","",""
"near","1.0400","jeep-wrangler","2022 Jeep Wrangler Unlimited Rubicon 4xe","nhtsa-mc-11037338","manufacturer_communication","2026-09-17","Service bulletin 23-043-26","JEEP WRANGLER 2026","Powertrain Control Module (PCM) Bracket Not Properly Secured Customers may comment on the following: SYMPTOM: ● Buzz, Squeak or Rattle (BSR) from the front of vehicle in the engine compartment. This bulletin involves inspecting and possibly remounting the PCM bracket.","https://www.nhtsa.gov/recalls?nhtsaId=11037338","",""
"near","1.0400","kia-telluride","2022 Kia Telluride SX","nhtsa-cmpl-11766404","complaint","2026-09-23","Owner complaint 11766404: KIA CARNIVAL 2023","KIA CARNIVAL 2023","Fuel door actuator is electrically tied to cabin door locks with no manual release and frequently fails to open after repeatedly cycling cabin door locks. Issue is not due to bad batteries or other vehicle related electrical faults. Manufacturer has confirmed defect is present in all Kia models from 2020 until now with no after warranty support.","https://www.nhtsa.gov/recalls?nhtsaId=11766404","",""
"near","1.0400","ford-f150","2022 Ford F-150 Lariat SuperCrew","nhtsa-cmpl-11763752","complaint","2026-09-11","Owner complaint 11763752: FORD F-150 2015","FORD F-150 2015","I was driving my f150 and all of a sudden it downshifted with a bang into 5th gear. I slowed down and noticed my transmission wouldn't downshift into any other gear. I had to stop truck with it stuck in 5th gear and transmission cooling fan sounded like a turbo fan. There was a wrench light that displayed and when I checked the codes it came up with P0720/P0721/P0722. All pointed to transmission issue. Shortly after they came out with the safety recall and after the ""fix"" my truck thru P0722 code again. Then the customer satisfaction program sent out letter said they would replace the lead frame at no cost even if you had over 150k. I paid over $400 dollars and multiple trips to dealer, and they stated that the truck didn't display Fords specific DTC Codes. My codes were identical to recall in 2014, and deadbeat ford won't replace my lead frame even though it's the same issue since 2011. When will the NHTSA step in an require ford to fix a well-known issue with this transmission?","https://www.nhtsa.gov/recalls?nhtsaId=11763752","",""
"near","1.0400","chevy-silverado","2022 Chevrolet Silverado 1500 LT Trail Boss Crew Cab","nhtsa-cmpl-11761308","complaint","2026-09-01","Owner complaint 11761308: CHEVROLET SILVERADO 1500 2024","CHEVROLET SILVERADO 1500 2024","I applied brake and pedal went straight to floor without any stopping. I had to steer into a ditch to avoid a collision resulting in more damage to steering system, frame, windshield and body. This was complete brake system failure and yes is available for inspection. I was in a very rural area at time and was able to avoid a collision however, if I had been in city or on highway it could have easily resulted in injury or fatalities. The problem is currently under federal investigation and has been widely reported as a serious problem which may soon result in widespread recall. The vehicle has not been inspected yet by dealership or anywhere else as it just happened 18 hours ago. There were no warning lights or chimes before the incident when pedal went to the floor. After incident dashboard lit up with warning lights including, Brake, ABS, Traction control, power steering, Collision system, Engine light, Steering Column and others. Truck speed limited to 43 mph. And pedal still goes to the floor without applying brakes.","https://www.nhtsa.gov/recalls?nhtsaId=11761308","",""
"near","1.0400","ford-bronco","2023 Ford Bronco Badlands 4-Door","nhtsa-rcl-26T014000","recall","2026-09-10","Recall 26T014000: TIRES:MARKINGS","AVIX TRAILTEK RT ","Wheel Pros, LLC (Wheel Pros) is recalling certain Avix TrailTek RT, size 35X12.50R20LT tires. The tire sidewall may be incorrectly labeled ""Not for Highway Use."" As such, these tires fail to comply with the requirements of Federal Motor Vehicle Safety Standard (FMVSS) number 110, ""Tire Selection and Rims.""","https://www.nhtsa.gov/recalls?nhtsaId=26T014000","",""
"near","1.0400","ram-2500","2019 Ram 2500 Laramie Crew Cab","nhtsa-rcl-26E064000","recall","2026-09-10","Recall 26E064000: STRUCTURE:BODY:ROOF AND PILLARS","MOPAR ROOF RACK KIT ","Chrysler (FCA US, LLC) is recalling certain MOPAR roof rack kits with part numbers 68747056AA, 68529228AA, 68529228AB, 68442426AA, 68442426AB, and 68442426AC. The pivot bolts for the roof rack crossbars may not have been tightened properly, allowing them to detach.","https://www.nhtsa.gov/recalls?nhtsaId=26E064000","",""
"near","1.0400","ram-2500","2019 Ram 2500 Laramie Crew Cab","nhtsa-mc-11037344","manufacturer_communication","2026-09-17","Service bulletin 9100901","RAM 2500 2019/2020/2021/2022/2023/2024/2025/2026; RAM 3500 2019/2020/2021/2022/2023/2024/2025/2026","Passive Entry O/S Dr Handle Prior to replacing an inoperative passive entry door handle, perform Star Online S2623000040.","https://www.nhtsa.gov/recalls?nhtsaId=11037344","",""
"near","1.0400","toyota-camry","2023 Toyota Camry SE","nhtsa-cmpl-11761906","complaint","2026-09-03","Owner complaint 11761906: TOYOTA CAMRY HYBRID 2026","TOYOTA CAMRY HYBRID 2026","While driving in the early AM, rear ended a mid year model Tundra. Swerved to avoid the 3 car pileup. Crushed in drivers side front quarter panel. Air bags did not deploy. Early warning and emergency braking didn’t engage","https://www.nhtsa.gov/recalls?nhtsaId=11761906","",""
"near","1.0400","ford-f150","2022 Ford F-150 Lariat SuperCrew","nhtsa-cmpl-11765572","complaint","2026-09-19","Owner complaint 11765572: FORD F-150 2021","FORD F-150 2021","Daytime Running Light in the headlight assembly overheated and stopped working. Thousands of 2021-2023 F150 owners have had the same issue. This is clearly a mass scale manufacturer known defect and Ford already tried sending an update to lower the LED brightness but the issue still happens.","https://www.nhtsa.gov/recalls?nhtsaId=11765572","",""
"near","1.0400","honda-crv","2023 Honda CR-V Sport Touring Hybrid","nhtsa-cmpl-11760970","complaint","2026-08-31","Owner complaint 11760970: HONDA ODYSSEY 2018","HONDA ODYSSEY 2018","The windshield-mounted front monocular camera (Honda Sensing unit) overheated and failed/burnt out. This failure completely disabled the Forward Collision Warning, Automatic Emergency Braking, Lane Departure Warning, Lane Keeping Assist, and Adaptive Cruise Control systems, triggering multiple safety system warning lights on the dashboard.","https://www.nhtsa.gov/recalls?nhtsaId=11760970","",""
"near","1.0400","chevy-silverado","2022 Chevrolet Silverado 1500 LT Trail Boss Crew Cab","nhtsa-mc-11037445","manufacturer_communication","2026-09-22","Service bulletin PIT6545A","CHEVROLET CORVETTE 2024/2025; CHEVROLET SILVERADO 1500 2022/2023/2024/2025/2026; CHEVROLET SILVERADO 2500 2024/2025/2026; CHEVROLET SILVERADO 3500 2024/2025/2026; CHEVROLET SUBURBAN 1500 2022/2023/2024; CHEVROLET TAHOE 2022/2023/2024; GMC HUMMER EV PICKUP 2022/2023/2024/2025; GMC SIERRA 1500 2022/2023/2024/2025/2026; GMC SIERRA 2500 2024/2025/2026; GMC SIERRA 3500 2024/2025/2026; GMC YUKON 2022/2023/2024; GMC YUKON XL 2022/2023/2024","This PI is created to inform GM dealers that some vehicles may intermittently fail to connect wireless Apple CarPlay or Android Auto after Bluetooth pairing during the first key cycle. The condition is caused by a software anomaly.","https://www.nhtsa.gov/recalls?nhtsaId=11037445","",""
"near","1.0400","ford-f150","2022 Ford F-150 Lariat SuperCrew","nhtsa-cmpl-11765754","complaint","2026-09-21","Owner complaint 11765754: FORD F-150 2018","FORD F-150 2018","The contact owns a 2018 Ford F-150. While approaching a light and entering a loop while driving 55 MPH, the transmission unexpectedly shifted from 7th gear to 1st gear. The vehicle stalled, was shifted into park, and restarted. There was vibration in the floor at the time of the purchase. The vehicle was taken to the local dealer, where the torque converter was repaired under warranty. The vehicle was taken to the local dealer again, where it was diagnosed and the failure was associated with the valve body. There were no codes present. The vehicle stalled on Interstate I-20 while driving 60 MPH, causing an unsafe situation. The wrench symbol was displayed after the failure. The vehicle was taken to a transmission center for a scheduled repair. The contact associated the failure with NHTSA Campaign Number: 25V164000 (Power Train). The manufacturer was contacted on two occasions, and the contact was provided a case number. The failure mileage was approximately 108,000.","https://www.nhtsa.gov/recalls?nhtsaId=11765754","",""
"near","1.0400","jeep-wrangler","2022 Jeep Wrangler Unlimited Rubicon 4xe","nhtsa-cmpl-11760216","complaint","2026-08-28","Owner complaint 11760216: JEEP WRANGLER 2026","JEEP WRANGLER 2026","Vehicle has a bad stumble/misfire under light load around 19 mph and 40 mph the vehicle lunges forward.After being at the dealership for over a month, They say it is normal operation that all their vehicles 3.6L.Being a mechanic for 30 years this is not normal operating conditions. I have researched this online as many Jeep owners complain about the same problem.","https://www.nhtsa.gov/recalls?nhtsaId=11760216","",""
"near","1.0400","kia-telluride","2022 Kia Telluride SX","nhtsa-mc-11037404","manufacturer_communication","2026-09-21","Manufacturer communication BW8246","BENDIX WINGMAN ADVANCE ","Bendix® Fusion™ Active Safety System with Pedestrian Autonomous Emergency Braking (PAEB) Operator’s Manual This Operator’s Manual provides an overview of the Bendix® Fusion™ Active Safety System with Pedestrian Autonomous Emergency Braking (PAEB). This manual explains the components, features, functions, and known system limitations. There are also example descriptions and explanations of the audio and visual alerts and system interventions that can be expected during operation. Read this manual thoroughly before operating the system. Be familiar with the possible system actions, alerts, and its limitations. Keep this manual in the vehicle as a reference at all times. See Figure 1 for an example of the messages you may see on the integrated display when the Fusion system is initializing.","https://www.nhtsa.gov/recalls?nhtsaId=11037404","",""
"near","1.0400","ram-2500","2019 Ram 2500 Laramie Crew Cab","nhtsa-mc-11037365","manufacturer_communication","2026-09-17","Manufacturer communication OTHERDOC_176","RAM 2500 2026; RAM 3500 2026; RAM 4500 2026; RAM 5500 2026","Radio Over The Air Update to U43.17 R1H Software Version (FOTA) Customers may experience one or more of the following:- Navigation Stability - Android Auto & Carplay stability & connectivity- Trailer Tow pages- Distorted/glitchy display prior to start‑up animation- Text appearance display- Widget incorrect display- Turn signal blind spot response timing- Audio cut out - Drive Modes selection- Park assist Guidelines selctio","https://www.nhtsa.gov/recalls?nhtsaId=11037365","",""
"near","1.0400","chevy-silverado","2022 Chevrolet Silverado 1500 LT Trail Boss Crew Cab","nhtsa-cmpl-11765533","complaint","2026-09-19","Owner complaint 11765533: CHEVROLET SILVERADO 1500 2021","CHEVROLET SILVERADO 1500 2021","Engine failed and truck caught on fire from the engine failure","https://www.nhtsa.gov/recalls?nhtsaId=11765533","",""
"near","1.0400","chevy-silverado","2022 Chevrolet Silverado 1500 LT Trail Boss Crew Cab","nhtsa-cmpl-11764116","complaint","2026-09-14","Owner complaint 11764116: GMC SIERRA 1500 2024","GMC SIERRA 1500 2024","I did not have anyone tell me about recalls concerning my GMC SLT, when can I have what ever it takes to send me info concerning lifters, these have not had any issues yet. Will I have someone to contact me about possible lifter issue. Current miles are 18129. Thanks for your attention. MCG","https://www.nhtsa.gov/recalls?nhtsaId=11764116","",""
"near","1.0400","subaru-outback","2020 Subaru Outback Premium","nhtsa-mc-11036810","manufacturer_communication","2026-09-03","Service bulletin 16-156-25R","SUBARU CROSSTREK 2013/2014/2015/2016/2017/2018/2019; SUBARU FORESTER 2014/2015/2016/2017/2018/2019/2020/2021/2022/2023; SUBARU IMPREZA 2012/2013/2014/2015/2016/2017/2018/2019; SUBARU LEGACY 2013/2014/2015/2016/2017/2018/2019; SUBARU OUTBACK 2013/2014/2015/2016/2017/2018/2019","This bulletin announces a design change made to the CVT Control Valve Body. The updated valve body incorporates an enhanced valve sleeve to improve durability. This is an revised version of the original bulletin.","https://www.nhtsa.gov/recalls?nhtsaId=11036810","",""
"near","1.0400","jeep-wrangler","2022 Jeep Wrangler Unlimited Rubicon 4xe","nhtsa-cmpl-11766716","complaint","2026-09-24","Owner complaint 11766716: JEEP WRANGLER 2019","JEEP WRANGLER 2019","The 48-Volt Lithium-Ion eTorque Hybrid Battery Pack (Mopar Power Pack Unit/PPU) on my 2019 Jeep Wrangler Sahara Unlimited (~55K miles) failed. The failed component may be available on video by the dealership. Check engine light first appeared early XXX. Earliest dealership appointment was late August 2026. At that visit, dealer diagnosed DTCs P0A94 (recurring, including P0A94-03) and U0412, and performed a software update flashing the BPCM (Battery Pack Control Module) firmware from 05057870AN to 05057870AV per a Technical Service Bulletin. This was covered under warranty at no charge; vehicle was returned to me. Days later, the check engine light returned along with a battery warning light and additional indicators, including ABS among others I could not fully identify. The vehicle then lost power and stopped running while in the roadway, disabled in an active lane of travel — a safety hazard to myself and surrounding traffic. Vehicle was towed to the dealership XXX. On this second visit, the dealership attributed the failure to moisture exposure and corrosion at the PPU connector/harness, denied warranty coverage, and charged me $4,561.90. I received the repaired vehicle XXX. I o","https://www.nhtsa.gov/recalls?nhtsaId=11766716","",""
"near","1.0400","ram-2500","2019 Ram 2500 Laramie Crew Cab","nhtsa-cmpl-11766378","complaint","2026-09-23","Owner complaint 11766378: RAM 2500 2018","RAM 2500 2018","The contact owns a 2018 Ram 2500. The contact received notification of NHTSA Campaign Number: 24V896000 (Service Brakes, Hydraulic); however, the part to do the recall repair was not yet available. The contact stated that the manufacturer had exceeded a reasonable amount of time for the recall repair. The contact stated that while driving, the message ""ABS Failure"" was displayed. The dealer was made aware of the failure but confirmed that parts were not yet available. The failure mileage was 68,000.","https://www.nhtsa.gov/recalls?nhtsaId=11766378","",""
"near","1.0400","kia-telluride","2022 Kia Telluride SX","nhtsa-mc-11037403","manufacturer_communication","2026-09-21","Service bulletin S-1728","BENDIX INTELLIPARK ","Installation Instructions - Bendix® Intellipark® Dash Electronic Control Unit (DECU) Switch Cap Replacement Kit GENERAL This document provides replacement instructions for a Bendix® Intellipark® Dash Electronic Control Unit (DECU) switch cap. The aftermarket service kit, Bendix Part Number K311999, includes one (1) DECU switch cap and two (2) switch labels.","https://www.nhtsa.gov/recalls?nhtsaId=11037403","",""
"near","1.0400","hyundai-ioniq5","2023 Hyundai Ioniq 5 SEL AWD Long Range","nhtsa-mc-11037398","manufacturer_communication","2026-09-21","Service bulletin TCH-11-004","BENDIX ECOCOMPRESSOR ","Aftermarket service kits are available to enhance the robustness of the oil return channel in Bendix® electric compressors, particularly for instances where the oil separator cartridge exhibits corrosion. The oil management kits are recommended for preventive maintenance to maintain optimal compressor performance and as a corrective action to help prevent oil-related issues for both the Bendix® ESM2™ (Electric Screw Module 2) and Bendix® EVM1 (Electric Vane Module 1).","https://www.nhtsa.gov/recalls?nhtsaId=11037398","",""
"near","1.0400","ram-2500","2019 Ram 2500 Laramie Crew Cab","nhtsa-mc-11037405","manufacturer_communication","2026-09-21","Manufacturer communication BW8247","BENDIX WINGMAN ADVANCE ","Bendix® Fusion™ Active Safety System with Pedestrian Autonomous Emergency Braking (PAEB) Operator’s Manual This Operator ’s Manual provides an overview of the Bendix® Fusion™ Active Safety System with Pedestrian Autonomous Emergency Braking (PAEB). This manual explains the components, features, functions, and known system limitations. There are also example descriptions and explanations of the audio and visual alerts and system interventions that can be expected during operation. Read this manual thoroughly before operating the system. Be familiar with the possible system actions, alerts, and its limitations. Keep this manual in the vehicle as a reference at all times. See Figure 1 for an example of the message you may see on the integrated display.","https://www.nhtsa.gov/recalls?nhtsaId=11037405","",""
"near","1.0400","bmw-x5","2021 BMW X5 xDrive45e","nhtsa-cmpl-11761698","complaint","2026-09-02","Owner complaint 11761698: BMW X5 2026","BMW X5 2026","Driving on highway using assisted driving pro (hands off steering wheel and feet off pedals). Speed set for 65 or 67. Driver's phone call came up on display screen. Passenger answered and hung up on screen. Driver did not touch wheel. Car started accelerating. Reached 93 mph before realized what was happening and able to apply brakes. Short time later tried to reengage speed and verbally requested increase to 65 or 67. Car set cruise control to 110. Both passengers heard 65 or 67, definitely not 110. Applied brake and didn't use any driver assistance controls for remainder of trip. Nice weather, no glare, light traffic. Software update was installed the day before. BMW dealership found no problem. National BMW consumer line suggested setting speed manually with buttons on steering wheel instead of verbally.","https://www.nhtsa.gov/recalls?nhtsaId=11761698","",""
"near","1.0400","ford-f150","2022 Ford F-150 Lariat SuperCrew","nhtsa-cmpl-11762985","complaint","2026-09-09","Owner complaint 11762985: FORD F-150 2014","FORD F-150 2014","While accelerating to pass another vehicle, on numerous occasions, and at speeds of 45-65 MPH, transmission suddenly downshifts to first gear, and engine over revs, followed by a very loud slam in the drivetrain. This has happened about twenty times, once with my wife along. There is a recall on 2014, F-150’s, but my VIN was not included. The dealership is refusing to investigate because they haven’t been able to reproduce this intermittent problem. I, essentially, have been told to pick up the vehicle that I’m afraid to drive. Must I wait until I have an accident because the rear wheels lock up?","https://www.nhtsa.gov/recalls?nhtsaId=11762985","",""
"near","1.0400","jeep-wrangler","2022 Jeep Wrangler Unlimited Rubicon 4xe","nhtsa-mc-11037038","manufacturer_communication","2026-09-04","Service bulletin TSB260097","CUMMINS BES ","This Technical Service Bulletin describes the verification and resolution steps for the propulsion motor interface wiring harness connector of certain battery electric systems which may corrode prematurely, resulting in vehicle electrical faults.","https://www.nhtsa.gov/recalls?nhtsaId=11037038","",""
"near","1.0400","toyota-tacoma","2024 Toyota Tacoma TRD Off-Road Double Cab","nhtsa-cmpl-11760632","complaint","2026-08-29","Owner complaint 11760632: TOYOTA TACOMA 2025","TOYOTA TACOMA 2025","Windshield wiper motor squeals causing distraction every time wipers are turned on.","https://www.nhtsa.gov/recalls?nhtsaId=11760632","",""
"near","1.0400","ford-f150","2022 Ford F-150 Lariat SuperCrew","nhtsa-rcl-26V578000","recall","2026-09-09","Recall 26V578000: FUEL SYSTEM, GASOLINE:STORAGE:TANK ASSEMBLY:MOUNTING","FORD F-150 2023/2024/2025/2026/2027","Ford Motor Company (Ford) is recalling certain 2023-2027 F-150 vehicles. The fuel tank may be improperly secured and leak fuel, or detach from the vehicle while driving.","https://www.nhtsa.gov/recalls?nhtsaId=26V578000","",""
"near","1.0400","ram-2500","2019 Ram 2500 Laramie Crew Cab","nhtsa-mc-11037339","manufacturer_communication","2026-09-17","Service bulletin 25-004-26","RAM 2500 2025/2026; RAM 3500 2025/2026; RAM 4500 2025/2026; RAM 5500 2025/2026","Exhaust Gas Temperature (EGT) Sensor Water Intrusion CUSTOMER Customers may experience a Malfunction Indicator Lamp (MIL) illumination and the vehicle may SYMPTOM: exhibit/set the following Diagnostic Trouble Code (DTC): ● P2482-00 - Exhaust Gas Temperature Sensor Circuit High - Bank 1 Sensor 5. Customers may also comment on the following: ● Soot load is too high and power derate occurs due to regen being disabled. This bulletin involves replacing the EGT sensors.","https://www.nhtsa.gov/recalls?nhtsaId=11037339","",""
"near","1.0400","porsche-911","2022 Porsche 911 Carrera S (992)","nhtsa-mc-11037083","manufacturer_communication","2026-09-04","Service bulletin SPTL2608","PORSCHE 718 2017; PORSCHE 718 BOXSTER 2016/2017/2018/2019/2020/2021/2022/2023/2024/2025/2026; PORSCHE 718 BOXSTER GTS 2021/2022/2023/2024; PORSCHE 718 BOXSTER S 2017/2018/2019/2020/2021/2022/2023/2024; PORSCHE 718 CAYMAN 2016/2017/2018/2019/2020/2021/2022/2023/2024/2025/2026; PORSCHE 718 CAYMAN GT4 2022/2023/2024; PORSCHE 718 CAYMAN GT4 RS 2024; PORSCHE 718 CAYMAN GTS 2022/2023/2024; PORSCHE 718 CAYMAN S 2017/2018/2019/2020/2021/2022/2023/2024; PORSCHE 718 SPYDER 2018/2019/2020/2021/2022/2023/2024/2025/2026; PORSCHE 718 SPYDER RS 2024; PORSCHE 911 2002/2003/2004/2005/2012/2013/2014/2015/2016/2017/2018/2019/2020/2021/2022/2023/2024/2025/2026","Special Tools and Equipment Information for alignment machines - Q2 2026 Software Spec Update Available","https://www.nhtsa.gov/recalls?nhtsaId=11037083","",""
"near","1.0400","honda-crv","2023 Honda CR-V Sport Touring Hybrid","nhtsa-mc-11036415","manufacturer_communication","2026-08-27","Service bulletin A26-018","HONDA CR-V HYBRID 2020/2021/2022","Service Bulletin - Under certain conditions, the cylinder head gasket effectiveness may be reduced which may cause vehicles to experience overheating, coolant loss, misfire and/or DTCs P0300 thru P0304 stored.","https://www.nhtsa.gov/recalls?nhtsaId=11036415","",""
"near","1.0400","jeep-wrangler","2022 Jeep Wrangler Unlimited Rubicon 4xe","nhtsa-mc-11037346","manufacturer_communication","2026-09-17","Service bulletin 9100900","CHRYSLER PACIFICA 2017/2018/2019/2020/2021/2022/2023/2024/2025/2026; CHRYSLER PACIFICA PLUG-IN HYBRID 2017/2018/2019/2020/2021/2022/2023/2024/2025/2026; CHRYSLER VOYAGER 2020/2021/2022/2023/2024/2025/2026; DODGE DURANGO 2018/2019/2020/2021/2022/2023/2024/2025/2026; JEEP COMPASS 2020/2021/2022/2023/2024/2025/2026; JEEP GLADIATOR 2020/2021/2022/2023/2024/2025/2026; JEEP WRANGLER 2018/2019/2020/2021/2022/2023/2024/2025/2026; JEEP WRANGLER 4XE 2021/2022/2023/2024/2025/2026","Passive Entry O/S Dr Handle Prior to replacing an inoperative passive entry door handle, perform Star Online S2623000040.","https://www.nhtsa.gov/recalls?nhtsaId=11037346","",""
"near","1.0400","porsche-911","2022 Porsche 911 Carrera S (992)","nhtsa-mc-11037074","manufacturer_communication","2026-09-04","Service bulletin TSTR2646","PORSCHE PIWIS TESTER III ","Information on PIWIS Tester update 44.300.022. PIWIS Tester update applies to all Porsche models that have an OBD2 port.","https://www.nhtsa.gov/recalls?nhtsaId=11037074","",""
"near","1.0400","ram-2500","2019 Ram 2500 Laramie Crew Cab","nhtsa-cmpl-11764532","complaint","2026-09-15","Owner complaint 11764532: KEYSTONE KEYSTONE 2016","KEYSTONE KEYSTONE 2016","The contact owns a 2016 Keystone Keystone RV. The contact stated that the trailer frame sustained a structural fracture. While inspecting the RV, the contact became aware that the fifth-wheel pin box had shifted 5-inches closer to the truck bed cargo box where the frame was fractured. The contact confirmed that the main structural frame holding the pin box was fractured. The manufacturer was notified of the failure and had an inspector to inspect the RV. The manufacturer confirmed the failure.","https://www.nhtsa.gov/recalls?nhtsaId=11764532","",""
"near","1.0400","ford-f150","2022 Ford F-150 Lariat SuperCrew","nhtsa-cmpl-11762088","complaint","2026-09-04","Owner complaint 11762088: FORD F-250 SD 2022","FORD F-250 SD 2022","The contact owns a 2022 Ford F-250 SD. The contact received notification of NHTSA Campaign Number: 25V455000 (Fuel System, Gasoline). The contact stated that while driving on several occasions at various speeds, the vehicle lost power and stalled. The vehicle was able to restart after each failure after two minutes. The contact stated that the failure persisted. The contact stated that during one failure while hauling a trailer, the vehicle immediately stalled. The contact stated that during the last failure, the check engine warning light illuminated. The vehicle was not diagnosed or repaired. The failure mileage was approximately 32,000.","https://www.nhtsa.gov/recalls?nhtsaId=11762088","",""
"near","1.0400","chevy-silverado","2022 Chevrolet Silverado 1500 LT Trail Boss Crew Cab","nhtsa-cmpl-11762231","complaint","2026-09-04","Owner complaint 11762231: CHEVROLET SILVERADO 1500 2026","CHEVROLET SILVERADO 1500 2026","Twice under 3200 miles while pulling into driveway on an incline the vehicle shifted to neutral then turned off and began to roll backwards down my driveway. No codes or CEL came on the display read press start to restart engine so I did that and it started and ran normally until it happened again while pulling into driveway. I took vehicle to my local chevy dealer they pulled history codes and saw 8 communication error codes with various areas of vehicle, checked battery and charging, test drove it and said they found nothing wrong with vehicle. This is a safety issue and should be investigated further, very disappointing on a brand new vehicle only 3 months old.","https://www.nhtsa.gov/recalls?nhtsaId=11762231","",""
"near","1.0400","chevy-silverado","2022 Chevrolet Silverado 1500 LT Trail Boss Crew Cab","nhtsa-mc-11037312","manufacturer_communication","2026-09-15","Emissions communication N242452131-02","CHEVROLET COLORADO 2023/2024; CHEVROLET SILVERADO 1500 2023/2024; GMC CANYON 2023/2024; GMC SIERRA 1500 2023/2024","Emission Recall. General Motors has decided to conduct a Voluntary Emission Recall involving certain 2023-2024 model year Chevrolet Colorado / Silverado 1500 and GMC Canyon / Sierra 1500 vehicles equipped with a 2.7L engine (RPO L3B). The Engine Control Module (ECM) may not sufficiently control fuel injector flow rate under certain driving conditions. Dealers are to reprogram the ECM.","https://www.nhtsa.gov/recalls?nhtsaId=11037312","",""
"near","1.0400","jeep-wrangler","2022 Jeep Wrangler Unlimited Rubicon 4xe","nhtsa-mc-11037353","manufacturer_communication","2026-09-17","Service bulletin S2623000048 REV.A","JEEP GLADIATOR 2024/2025; JEEP WRANGLER 2024/2025; JEEP WRANGLER 4XE 2024/2025","Customer States Driver Seat inoperative. Seat Fuse F59 30A Found blown.","https://www.nhtsa.gov/recalls?nhtsaId=11037353","",""
"near","1.0400","bmw-x5","2021 BMW X5 xDrive45e","nhtsa-mc-11037402","manufacturer_communication","2026-09-21","Service bulletin SD-13-4860","BENDIX BENDIX ","Service Data - Bendix® WS-24™ Antilock Wheel Speed Sensor DESCRIPTION The Bendix® WS-24™ Wheel Speed Sensor (WSS) is an electromagnetic device used to obtain vehicle speed information for an antilock controller. When the wheel rotates, the sensor and an exciter ring (sometimes called a “rotor” or “tone” ring) generate a simple AC signal. This signal is sent to either the brake controller (Bendix® EC-60™ or Bendix® EC-80™) or the Global Scalable Brake Control electro-pneumatic modulator (Bendix® GSBC® EPM-90™), which analyzes the data and commands the Antilock Braking System (ABS) accordingly. Specifically, the WSS consists of a coil, pole piece, and a magnet. The exciter ring is a steel ring or gear-like device that has regularly spaced high and low spots called “teeth.” The WSS is mounted in a fixed position, while the exciter ring is installed on a rotating member (typically part of the hub) so that its “teeth” move, in close proximity, past the tip of the sensor. The WS-24 WSS is available in both straight and 90° versions to accommodate axle/wheel space limitations.","https://www.nhtsa.gov/recalls?nhtsaId=11037402","",""
"near","1.0400","jeep-wrangler","2022 Jeep Wrangler Unlimited Rubicon 4xe","nhtsa-cmpl-11765442","complaint","2026-09-19","Owner complaint 11765442: UNKNOWN UNKNOWN","UNKNOWN UNKNOWN ","I was in the vehicle that was parked in my driveway and the passenger door airbag deployed into my right ear, and there was no crash or anything it just deployed on its own. vehicle was running and I was cleaning the vehicle.","https://www.nhtsa.gov/recalls?nhtsaId=11765442","",""
"near","1.0400","porsche-911","2022 Porsche 911 Carrera S (992)","nhtsa-mc-11037085","manufacturer_communication","2026-09-04","Service bulletin SPTL2314a","PORSCHE 718 2017; PORSCHE 718 BOXSTER 2016/2017/2018/2019/2020/2021/2022/2023/2024/2025/2026; PORSCHE 718 BOXSTER GTS 2021/2022/2023/2024; PORSCHE 718 BOXSTER S 2017/2018/2019/2020/2021/2022/2023/2024; PORSCHE 718 CAYMAN 2016/2017/2018/2019/2020/2021/2022/2023/2024/2025/2026; PORSCHE 718 CAYMAN GT4 2022/2023/2024; PORSCHE 718 CAYMAN GT4 RS 2024; PORSCHE 718 CAYMAN GTS 2022/2023/2024; PORSCHE 718 CAYMAN S 2017/2018/2019/2020/2021/2022/2023/2024; PORSCHE 718 SPYDER 2018/2019/2020/2021/2022/2023/2024/2025/2026; PORSCHE 718 SPYDER RS 2024; PORSCHE 911 2002/2003/2004/2005/2012/2013/2014/2015/2016/2017/2018/2019/2020/2021/2022/2023/2024/2025/2026","Special Tools and Equipment Information for Diagnostic Equipment Standards for all USA Porsche Centers","https://www.nhtsa.gov/recalls?nhtsaId=11037085","",""
"near","1.0400","jeep-wrangler","2022 Jeep Wrangler Unlimited Rubicon 4xe","nhtsa-cmpl-11766040","complaint","2026-09-22","Owner complaint 11766040: FORD F-250 SD 2025","FORD F-250 SD 2025","Driving for 10 minutes when I started smelling a burnt smell. 30 to 45 seconds later I noticed smoke coming out the vents. A few seconds later (while at a stop sign at this point) I see smokecoming out of the hood. Vehicle would not go into park. After several attempts I finally was able to get the vehicle in park and get it to shut off. Opened the hood, saw a small 1 inch flame behind the motor near the firewall on the driversside and immediately called the fire department or emergency responders. Within 3 mins my vehicle was up in flames for a catastrophic vehicle loss.","https://www.nhtsa.gov/recalls?nhtsaId=11766040","",""
"near","1.0400","ford-mach-e","2023 Ford Mustang Mach-E GT, extended range","nhtsa-mc-11037398","manufacturer_communication","2026-09-21","Service bulletin TCH-11-004","BENDIX ECOCOMPRESSOR ","Aftermarket service kits are available to enhance the robustness of the oil return channel in Bendix® electric compressors, particularly for instances where the oil separator cartridge exhibits corrosion. The oil management kits are recommended for preventive maintenance to maintain optimal compressor performance and as a corrective action to help prevent oil-related issues for both the Bendix® ESM2™ (Electric Screw Module 2) and Bendix® EVM1 (Electric Vane Module 1).","https://www.nhtsa.gov/recalls?nhtsaId=11037398","",""
"near","1.0400","chevy-silverado","2022 Chevrolet Silverado 1500 LT Trail Boss Crew Cab","nhtsa-mc-11037405","manufacturer_communication","2026-09-21","Manufacturer communication BW8247","BENDIX WINGMAN ADVANCE ","Bendix® Fusion™ Active Safety System with Pedestrian Autonomous Emergency Braking (PAEB) Operator’s Manual This Operator ’s Manual provides an overview of the Bendix® Fusion™ Active Safety System with Pedestrian Autonomous Emergency Braking (PAEB). This manual explains the components, features, functions, and known system limitations. There are also example descriptions and explanations of the audio and visual alerts and system interventions that can be expected during operation. Read this manual thoroughly before operating the system. Be familiar with the possible system actions, alerts, and its limitations. Keep this manual in the vehicle as a reference at all times. See Figure 1 for an example of the message you may see on the integrated display.","https://www.nhtsa.gov/recalls?nhtsaId=11037405","",""
"near","1.0400","ram-2500","2019 Ram 2500 Laramie Crew Cab","nhtsa-mc-11037235","manufacturer_communication","2026-09-09","Manufacturer communication WATCH 668","ALLISON TRANSMISSION ","Notice announcing replacement part number for temperature gauge","https://www.nhtsa.gov/recalls?nhtsaId=11037235","",""
"near","1.0400","ram-2500","2019 Ram 2500 Laramie Crew Cab","nhtsa-cmpl-11762712","complaint","2026-09-08","Owner complaint 11762712: RAM 1500 2013","RAM 1500 2013","Started vehicle, drove about 400 meters and the power steering went out while making a left turn. More than went out, as it felt like it actively fought me. I've driven vehicles without P/S before, and this was significantly worse. It almost caused me to overrun the turn and collide with an embankment. I restarted the vehicle after a bit, and the power steering worked fine again for about 400 meters, whereupon it failed once more with similar symptoms. I can feel the steering wheel actively trying to work back the other direction when turning. It seems to be actively trying to return to straight status. I received a warning on the cluster about servicing power steering during both incidents. This warning cleared on startup.","https://www.nhtsa.gov/recalls?nhtsaId=11762712","",""
"near","1.0400","chevy-silverado","2022 Chevrolet Silverado 1500 LT Trail Boss Crew Cab","nhtsa-mc-11036392","manufacturer_communication","2026-08-27","Service bulletin PIC6551C","BRIGHTDROP 600 ELCV 2023/2024; BRIGHTDROP EV600 2022; BRIGHTDROP ZEVO 400 2024; BRIGHTDROP ZEVO 600 2023/2024; BUICK ENCLAVE 2021/2022/2023/2024/2025/2026; BUICK ENCORE 2021/2022/2023/2024/2025/2026; BUICK ENCORE GX 2021/2022/2023/2024/2025/2026; BUICK ENVISION 2021/2022/2023/2024/2025/2026; BUICK ENVISTA 2024/2025/2026; CADILLAC CELESTIQ 2024/2025/2026; CADILLAC CT4 2021/2022/2023/2024/2025/2026; CADILLAC CT5 2021/2022/2023/2024/2025/2026","This Preliminary information communicates to dealer to perform a MEC reset for wireless projection issues","https://www.nhtsa.gov/recalls?nhtsaId=11036392","",""
"near","1.0400","jeep-wrangler","2022 Jeep Wrangler Unlimited Rubicon 4xe","nhtsa-cmpl-11764402","complaint","2026-09-15","Owner complaint 11764402: JEEP WRANGLER 2026","JEEP WRANGLER 2026","Front window stress fracture from bottom center semicircular to left about 12 inches back to bottom edge. Spontaneous fissure. Smooth edges.","https://www.nhtsa.gov/recalls?nhtsaId=11764402","",""
"near","1.0400","chevy-silverado","2022 Chevrolet Silverado 1500 LT Trail Boss Crew Cab","nhtsa-cmpl-11761542","complaint","2026-09-02","Owner complaint 11761542: GMC SIERRA 1500 2024","GMC SIERRA 1500 2024","Engine stopped working while driving 65 mph on I435 Kansas City. Engine failure had to pull over in 3 lane traffic to get off of roadway. Engine just stopped working. Had towed to GM dealer who performed full engine replacement. 6.2 L . No warning. Just stopped working. Safety traveling on 3 land highway engine stopped with no warning had to work way over the shoulder with no engine.","https://www.nhtsa.gov/recalls?nhtsaId=11761542","",""
"near","1.0400","jeep-wrangler","2022 Jeep Wrangler Unlimited Rubicon 4xe","nhtsa-mc-11037402","manufacturer_communication","2026-09-21","Service bulletin SD-13-4860","BENDIX BENDIX ","Service Data - Bendix® WS-24™ Antilock Wheel Speed Sensor DESCRIPTION The Bendix® WS-24™ Wheel Speed Sensor (WSS) is an electromagnetic device used to obtain vehicle speed information for an antilock controller. When the wheel rotates, the sensor and an exciter ring (sometimes called a “rotor” or “tone” ring) generate a simple AC signal. This signal is sent to either the brake controller (Bendix® EC-60™ or Bendix® EC-80™) or the Global Scalable Brake Control electro-pneumatic modulator (Bendix® GSBC® EPM-90™), which analyzes the data and commands the Antilock Braking System (ABS) accordingly. Specifically, the WSS consists of a coil, pole piece, and a magnet. The exciter ring is a steel ring or gear-like device that has regularly spaced high and low spots called “teeth.” The WSS is mounted in a fixed position, while the exciter ring is installed on a rotating member (typically part of the hub) so that its “teeth” move, in close proximity, past the tip of the sensor. The WS-24 WSS is available in both straight and 90° versions to accommodate axle/wheel space limitations.","https://www.nhtsa.gov/recalls?nhtsaId=11037402","",""
"near","1.0400","rivian-r1s","2023 Rivian R1S Adventure, Quad-Motor, Large pack","nhtsa-mc-11037398","manufacturer_communication","2026-09-21","Service bulletin TCH-11-004","BENDIX ECOCOMPRESSOR ","Aftermarket service kits are available to enhance the robustness of the oil return channel in Bendix® electric compressors, particularly for instances where the oil separator cartridge exhibits corrosion. The oil management kits are recommended for preventive maintenance to maintain optimal compressor performance and as a corrective action to help prevent oil-related issues for both the Bendix® ESM2™ (Electric Screw Module 2) and Bendix® EVM1 (Electric Vane Module 1).","https://www.nhtsa.gov/recalls?nhtsaId=11037398","",""
"near","1.0400","ram-2500","2019 Ram 2500 Laramie Crew Cab","nhtsa-mc-11037402","manufacturer_communication","2026-09-21","Service bulletin SD-13-4860","BENDIX BENDIX ","Service Data - Bendix® WS-24™ Antilock Wheel Speed Sensor DESCRIPTION The Bendix® WS-24™ Wheel Speed Sensor (WSS) is an electromagnetic device used to obtain vehicle speed information for an antilock controller. When the wheel rotates, the sensor and an exciter ring (sometimes called a “rotor” or “tone” ring) generate a simple AC signal. This signal is sent to either the brake controller (Bendix® EC-60™ or Bendix® EC-80™) or the Global Scalable Brake Control electro-pneumatic modulator (Bendix® GSBC® EPM-90™), which analyzes the data and commands the Antilock Braking System (ABS) accordingly. Specifically, the WSS consists of a coil, pole piece, and a magnet. The exciter ring is a steel ring or gear-like device that has regularly spaced high and low spots called “teeth.” The WSS is mounted in a fixed position, while the exciter ring is installed on a rotating member (typically part of the hub) so that its “teeth” move, in close proximity, past the tip of the sensor. The WS-24 WSS is available in both straight and 90° versions to accommodate axle/wheel space limitations.","https://www.nhtsa.gov/recalls?nhtsaId=11037402","",""
"near","1.0400","porsche-911","2022 Porsche 911 Carrera S (992)","nhtsa-mc-11037077","manufacturer_communication","2026-09-04","Service bulletin TSTR2649","PORSCHE PIWIS TESTER III ","Information on PIWIS Tester update 44.300.040. PIWIS Tester update applies to all Porsche models that have an OBD2 port.","https://www.nhtsa.gov/recalls?nhtsaId=11037077","",""
"near","1.0400","porsche-911","2022 Porsche 911 Carrera S (992)","nhtsa-mc-11037080","manufacturer_communication","2026-09-04","Service bulletin TSTR2644","PORSCHE PIWIS TESTER III ","Information on PIWIS Tester update 44.300.011. PIWIS Tester update applies to all Porsche models that have an OBD2 port.","https://www.nhtsa.gov/recalls?nhtsaId=11037080","",""
"near","1.0400","ram-2500","2019 Ram 2500 Laramie Crew Cab","nhtsa-mc-11037262","manufacturer_communication","2026-09-10","Service bulletin S2623000052 REV. A","DODGE CHARGER 2026/2027; DODGE CHARGER EV 2024/2025/2026/2027; JEEP CHEROKEE 2026; JEEP GRAND CHEROKEE 2024/2025/2026/2027; JEEP GRAND CHEROKEE 4XE 2024/2025/2026; JEEP GRAND CHEROKEE L 2024/2025/2026/2027; JEEP GRAND WAGONEER 2024/2025/2026/2027; JEEP WAGONEER 2024/2025; JEEP WAGONEER S 2024/2025/2026; RAM 2500 2024/2025/2026/2027; RAM 3500 2024/2025/2026/2027; RAM 4500 2024/2025/2026/2027","Airbag Warning Light On or Intermittent. The Occupant Restraint Controller (ORC) May Have The Following DTCs (Active/Stored)","https://www.nhtsa.gov/recalls?nhtsaId=11037262","",""
"near","1.0400","ford-mach-e","2023 Ford Mustang Mach-E GT, extended range","nhtsa-mc-11036601","manufacturer_communication","2026-09-02","Service bulletin SSM 55131","FORD EXPEDITION 2025/2026; FORD EXPLORER 2026; FORD F-150 2024/2025/2026; FORD MUSTANG MACH E 2026; LINCOLN AVIATOR 2026; LINCOLN NAUTILUS 2024/2025/2026; LINCOLN NAVIGATOR 2025/2026","Some 2025-2026 Aviator/Explorer/Expedition/F-150/Mustang Mach-E/Nautilus/Navigator vehicles may exhibit the hands-free BlueCruise feature intermittently/consistently unavailable when BlueCruise is active and when traveling in a ""Blue Zone"". Speed sign recognition may also be inaccurate. If there are no active relevant diagnostic trouble codes (DTC) present and the issue persists after multiple key cycles and if the BlueCruise System Health Check passes, download and run the ""TCU - Reset Telematics Control Unit (TCU) Module"" application using the latest software level of the Ford Diagnosis and Repair System (FDRS). If the condition is resolved, inform customers that this may be a temporary fix and engineering is currently working on a solution expected in Q4 2026. Monitor Professional Technician System (PTS) for additional information and schedule service appointments for customers once the repair becomes available. For claiming, use causal 14G229 and labor operations 12651D and 12651D4. If the condition persists after a test drive, refer to Workshop Manual (WSM), Section 419-03B for normal","https://www.nhtsa.gov/recalls?nhtsaId=11036601","",""
"near","1.0400","hyundai-ioniq5","2023 Hyundai Ioniq 5 SEL AWD Long Range","nhtsa-mc-11036633","manufacturer_communication","2026-09-02","Service bulletin 26-EV-007H TSB","HYUNDAI IONIQ 5 2025","Some IONIQ 5 (NEA EV) vehicles may set DTC P1E3000 while charging. Vehicle operation remains unaffected. This bulletin provides instructions to inspect, and if necessary, replace the affected rear inverter assembly.","https://www.nhtsa.gov/recalls?nhtsaId=11036633","",""
"near","1.0400","porsche-911","2022 Porsche 911 Carrera S (992)","nhtsa-mc-11037045","manufacturer_communication","2026-09-04","Service bulletin No. 75-25","PORSCHE 911 2020/2021/2022/2023/2024/2025/2026; PORSCHE 911 4S 2022; PORSCHE 911 CARRERA 2020/2021/2022/2023/2024/2025/2026; PORSCHE 911 CARRERA 4 2023; PORSCHE 911 CARRERA 4 GTS 2022/2023; PORSCHE 911 CARRERA 4S 2023; PORSCHE 911 CARRERA GTS 2022/2023/2024; PORSCHE 911 CARRERA S 2020/2021/2023; PORSCHE 911 CARRERA T 2023/2024; PORSCHE 911 DAKAR 2023/2024; PORSCHE 911 GT3 2021/2022/2023/2024/2025/2026; PORSCHE 911 GT3 RS 2023/2024","Technical Information for Various White Messages Regarding Driver Assistance Systems/Fault Memory Entry ""C12D5FA"" in the ZFAS Control Unit","https://www.nhtsa.gov/recalls?nhtsaId=11037045","",""
"near","1.0400","jeep-wrangler","2022 Jeep Wrangler Unlimited Rubicon 4xe","nhtsa-cmpl-11764714","complaint","2026-09-16","Owner complaint 11764714: JEEP GRAND WAGONEER 2023","JEEP GRAND WAGONEER 2023","I had to call the fire department because my the auxiliary battery in my Jeep had overheated creating a sulfur-like smell in my garage and eventually into my home. The fire dept recorded the aux battery temp over 200 degrees and the main battery was almost 150 degrees after sitting idle in the garage for over 5 hours and had only drove twice that day for no more than 20 minutes each time. I purchased the vehicle in May of 2023, I believe in Oct of 2023 the dealership had to replace the aux battery, now Aug of 2026 the aux battery failed again overheating and causing the main battery to swell and fail. The dealership was horrible about diagnosing the issue with no real answer and telling me that there is a software update in the works however; I have a friend in the business (works for Stellantis) who tells me that the automaker IS AWARE of these failing aux batteries due to them not shutting off. This known issue puts families at risk of fire and explosion. I do not feel anyone is taking this seriously. The dealership forced me to buy two new batteries, gave no reason why, and basically sent me on my way. I would like to know that someone is going to call on the automaker for a fix","https://www.nhtsa.gov/recalls?nhtsaId=11764714","",""
"near","1.0400","ford-f150","2022 Ford F-150 Lariat SuperCrew","nhtsa-cmpl-11761061","complaint","2026-08-31","Owner complaint 11761061: FORD F-150 HYBRID 2021","FORD F-150 HYBRID 2021","Rear camera has blue screen when backing. Has happened twice today.","https://www.nhtsa.gov/recalls?nhtsaId=11761061","",""
"near","1.0400","ford-mach-e","2023 Ford Mustang Mach-E GT, extended range","nhtsa-mc-11036529","manufacturer_communication","2026-09-01","Service bulletin SSM 55118","FORD BRONCO 2024/2025/2026; FORD EXPLORER 2025; FORD F-150 2024/2025; FORD F-250 SD 2023/2024/2025; FORD F-350 SD 2023/2024/2025; FORD F-450 SD 2023/2024/2025; FORD F-550 SD 2023/2024/2025; FORD MUSTANG 2024/2025/2026; FORD RANGER 2024/2025/2026; LINCOLN AVIATOR 2025; LINCOLN NAUTILUS 2024/2025","Some of the following vehicles: * 2023-2025 F-Super Duty built on or before 02-Feb-2025 * 2024-2026 Ranger/Bronco/Mustang * 2024-2025 F-150 built on or before 15-Jul-2025 * 2024-2025 Nautilus built on or before 16-Feb-2025 * 2025 Explorer/Aviator built on or before 01-Feb-2025 may exhibit all of the following symptoms: - ""No Key Detected"" message displayed on the instrument panel cluster (IPC). - Key fob does not work in the backup slot. - Remote keyless entry (RKE) (lock and unlock from the key fob) functionality will work to lock/unlock the vehicle. If the vehicle exhibits these symptoms, start the vehicle using both key fobs. If the no crank/no start condition with ""No Key Detected"" concern is present, reprogram both key fobs and retest. If the no crank/no start condition with ""No Key Detected"" is still present, replace the body control module (BCM). Refer to Workshop Manual (WSM), Section 419-10. For claiming, use causal part 15604 and labor operation MT55118SSM up to 1.8 hours.","https://www.nhtsa.gov/recalls?nhtsaId=11036529","",""
"near","1.0400","ram-2500","2019 Ram 2500 Laramie Crew Cab","nhtsa-mc-11037237","manufacturer_communication","2026-09-09","Manufacturer communication 10-TR-99EN Rev CC","ALLISON TRANSMISSION ","Details transmission fluid types and service intervals","https://www.nhtsa.gov/recalls?nhtsaId=11037237","",""
"near","1.0400","ram-2500","2019 Ram 2500 Laramie Crew Cab","nhtsa-mc-11037234","manufacturer_communication","2026-09-09","Manufacturer communication SIL 21-TR-26","ALLISON 6000 SERIES TRANSMISSION ","Service information for preparing, testing, and verifying to confirm transmission functions are restored following a complete overhaul","https://www.nhtsa.gov/recalls?nhtsaId=11037234","",""
"near","1.0400","toyota-tacoma","2024 Toyota Tacoma TRD Off-Road Double Cab","nhtsa-cmpl-11761022","complaint","2026-08-31","Owner complaint 11761022: TOYOTA TUNDRA 2026","TOYOTA TUNDRA 2026","Full engine failure, Rod bearing 1 failed due to debris in engine after first oil change was completed at 9500 miles. Truck at 13,000 miles at failure Safety of all vehicle occupants was put at risk. vehicle came to sudden hault and had full loss of propulsion. Failure of engine was confirmed by Matick Toyota No warming lamps of mesages, small whine came from engine for ~1 mile before failure","https://www.nhtsa.gov/recalls?nhtsaId=11761022","",""
"near","1.0400","hyundai-ioniq5","2023 Hyundai Ioniq 5 SEL AWD Long Range","nhtsa-cmpl-11765442","complaint","2026-09-19","Owner complaint 11765442: UNKNOWN UNKNOWN","UNKNOWN UNKNOWN ","I was in the vehicle that was parked in my driveway and the passenger door airbag deployed into my right ear, and there was no crash or anything it just deployed on its own. vehicle was running and I was cleaning the vehicle.","https://www.nhtsa.gov/recalls?nhtsaId=11765442","",""
"near","1.0400","chevy-silverado","2022 Chevrolet Silverado 1500 LT Trail Boss Crew Cab","nhtsa-cmpl-11760099","complaint","2026-08-27","Owner complaint 11760099: GMC SIERRA 1500 2022","GMC SIERRA 1500 2022","The Dynamic Fuel Management (DFS) is causing damage to lifters, valves, camshafts, and connecting rods. I received a recall notice from GMC on the GMC app, stating ""L88"" Engine loss of Propulsion or Related field action: Special coverage N252494003. The connecting rod and/or crankshaft engine components have manufacturing defects that can lead to engine damage and engine failure. My 22' GMC 1500 has just over 30k miles, and issues are starting with the previously mentioned engine parts. A ""pico"" test was completed at approx 20k miles. Too early and not enough mileage to show the true damage caused by the ""DFM"" Dynamic Fuel Management.","https://www.nhtsa.gov/recalls?nhtsaId=11760099","",""
"near","1.0400","ford-f150","2022 Ford F-150 Lariat SuperCrew","nhtsa-mc-11037409","manufacturer_communication","2026-09-21","Warranty program BW1716","BENDIX BENDIX ","LIMITED WARRANTY TOTAL AIR GUARANTEE (T.A.G.) AIR BRAKE SYSTEM EXTENDED WARRANTY","https://www.nhtsa.gov/recalls?nhtsaId=11037409","",""
"near","1.0400","chevy-silverado","2022 Chevrolet Silverado 1500 LT Trail Boss Crew Cab","nhtsa-cmpl-11764779","complaint","2026-09-16","Owner complaint 11764779: CHEVROLET SILVERADO 1500 2020","CHEVROLET SILVERADO 1500 2020","I have notice that the car jerks hard from time to time and when try to accelerate the car does a quick/short stop then accelerates hards very jerky.","https://www.nhtsa.gov/recalls?nhtsaId=11764779","",""
"near","1.0400","rivian-r1s","2023 Rivian R1S Adventure, Quad-Motor, Large pack","nhtsa-mc-11037028","manufacturer_communication","2026-09-04","Service bulletin QR-084","EQUIPMENT EQUIPMENT ","Document is intended to help verify the correct location and tolerance of the slide-out gap between the column and the slide-out.","https://www.nhtsa.gov/recalls?nhtsaId=11037028","",""
"near","1.0400","ram-2500","2019 Ram 2500 Laramie Crew Cab","nhtsa-mc-11037412","manufacturer_communication","2026-09-21","Service bulletin SD-20-47682","BENDIX BENDIX ; BENDIX SERVICE BRAKES AIR ","Service Data - Bendix® iTABS™ X Standard Single-Channel (SC) Trailer Antilock Braking System (ABS) Module INTRODUCTION The Bendix® iTABS™ X Standard Single-Channel (SC) Module (hereafter referred to as the iTABS module) is an integrated single-channel (2S/1M) trailer service brake module controller for air-braked, heavy-duty semi-trailers that features the Bendix® Antilock Braking System (ABS). Installed on semi-trailers, the iTABS module acts as a relay valve during normal braking, but during ABS events, it will intervene to help maintain vehicle stability and minimize stopping distance by preventing wheel lock-up.","https://www.nhtsa.gov/recalls?nhtsaId=11037412","",""
"near","1.0400","ford-f150","2022 Ford F-150 Lariat SuperCrew","nhtsa-mc-11037402","manufacturer_communication","2026-09-21","Service bulletin SD-13-4860","BENDIX BENDIX ","Service Data - Bendix® WS-24™ Antilock Wheel Speed Sensor DESCRIPTION The Bendix® WS-24™ Wheel Speed Sensor (WSS) is an electromagnetic device used to obtain vehicle speed information for an antilock controller. When the wheel rotates, the sensor and an exciter ring (sometimes called a “rotor” or “tone” ring) generate a simple AC signal. This signal is sent to either the brake controller (Bendix® EC-60™ or Bendix® EC-80™) or the Global Scalable Brake Control electro-pneumatic modulator (Bendix® GSBC® EPM-90™), which analyzes the data and commands the Antilock Braking System (ABS) accordingly. Specifically, the WSS consists of a coil, pole piece, and a magnet. The exciter ring is a steel ring or gear-like device that has regularly spaced high and low spots called “teeth.” The WSS is mounted in a fixed position, while the exciter ring is installed on a rotating member (typically part of the hub) so that its “teeth” move, in close proximity, past the tip of the sensor. The WS-24 WSS is available in both straight and 90° versions to accommodate axle/wheel space limitations.","https://www.nhtsa.gov/recalls?nhtsaId=11037402","",""
"near","1.0400","jeep-wrangler","2022 Jeep Wrangler Unlimited Rubicon 4xe","nhtsa-cmpl-11766430","complaint","2026-09-23","Owner complaint 11766430: JEEP WRANGLER 2018","JEEP WRANGLER 2018","FCA US LLC is actively violating the intent of Safety Campaign 23V-116 by refusing to cover out-of-pocket consequential transmission damages. FCA’s own Part 573 Defect Report explicitly admits that the defective clutch pressure plate causes extreme friction, overheating, and fracturing capable of damaging the transmission case and nearby internal components. The vehicle operated under these defective parameters prior to the recall execution, subjecting the transmission internals to progressive thermal fatigue and severe structural vibration. This directly induced a premature internal mechanical failure less than 9,000 miles after the recall was performed. When a reimbursement claim was submitted for this consequential damage, Jeep Customer Care explicitly denied the claim under a corporate case file, stating the transmission components ""are not covered under the recall repair,"" completely ignoring FCA's own federal defect acknowledgments. I am requesting a federal investigation into FCA’s systemic refusal to cover consequential powertrain failures caused by this safety defect.","https://www.nhtsa.gov/recalls?nhtsaId=11766430","",""
"near","1.0400","honda-crv","2023 Honda CR-V Sport Touring Hybrid","nhtsa-cmpl-11764831","complaint","2026-09-16","Owner complaint 11764831: HONDA CR-V 2026","HONDA CR-V 2026","Emission system Check engine light. The dealer said there is water in it & it’s not covered under the warranty. There’s multiple people online claiming the same problem. Multiple forums with people saying Honda won’t cover the problem.","https://www.nhtsa.gov/recalls?nhtsaId=11764831","",""
"near","1.0400","porsche-911","2022 Porsche 911 Carrera S (992)","nhtsa-mc-11037044","manufacturer_communication","2026-09-04","Service bulletin No. 76-26","PORSCHE 911 2020/2021/2022/2023/2024/2025; PORSCHE 911 4S 2022; PORSCHE 911 CARRERA 2020/2021/2022/2023/2024/2025; PORSCHE 911 CARRERA 4 2023; PORSCHE 911 CARRERA 4 GTS 2022/2023; PORSCHE 911 CARRERA 4S 2023; PORSCHE 911 CARRERA GTS 2022/2023/2024; PORSCHE 911 CARRERA S 2020/2021/2023; PORSCHE 911 CARRERA T 2023/2024; PORSCHE 911 DAKAR 2023/2024; PORSCHE 911 GT3 2021/2022/2023/2024/2025; PORSCHE 911 GT3 RS 2023/2024","Technical Information for Replacement Requirement for Left Door Window Pane - Change of Supplier: Using the Door Window Panes of the 911 (992PA).","https://www.nhtsa.gov/recalls?nhtsaId=11037044","",""
"near","1.0400","porsche-911","2022 Porsche 911 Carrera S (992)","nhtsa-mc-11037407","manufacturer_communication","2026-09-21","Warranty program BW2137","BENDIX BENDIX ","LIMITED WARRANTY BENDIX® EVERFLOW® AIR DRYER MODULE","https://www.nhtsa.gov/recalls?nhtsaId=11037407","",""
"near","1.0400","honda-crv","2023 Honda CR-V Sport Touring Hybrid","nhtsa-cmpl-11765078","complaint","2026-09-17","Owner complaint 11765078: HONDA CR-V 2019","HONDA CR-V 2019","This supplements Complaint #11763145, filed 9/9/2026, regarding the same vehicle: 2019 Honda CR-V. On September 10, 2026 at approximately 7:33 PM, near CHOP Primary Care (High Point location), PA, the check engine light began flashing and the vehicle lost the ability to accelerate -- it could only slow down. I pulled over and restarted the engine, after which it drove normally. This is a repeat of the loss-of-acceleration incident described in the original complaint from September 8, 2026, which also involved a flashing check engine light and complete loss of acceleration while driving.","https://www.nhtsa.gov/recalls?nhtsaId=11765078","",""
"near","1.0400","tesla-model-x","2024 Tesla Model X Plaid","nhtsa-cmpl-11765559","complaint","2026-09-19","Owner complaint 11765559: TESLA MODEL Y 2026","TESLA MODEL Y 2026","While using Tesla Full Self-Driving (Supervised), my vehicle approached an intersection and came to a complete stop at a red traffic light. The vehicle remained fully stopped while the traffic signal was still red. Without any accelerator input from me, the vehicle unexpectedly began moving forward toward the intersection while the traffic light was still red. I did not press or touch the accelerator at any point during this event. As soon as I realized that the vehicle was moving forward against the red light, I immediately applied the brake to stop the vehicle and then immediately reversed to move back to a safe position. My intervention was necessary to prevent the vehicle from entering the intersection and potentially colliding with cross traffic. There was no collision and no physical injury. However, the unexpected movement created an immediate and serious risk of a collision. My pregnant wife was in the passenger seat at the time of the incident. Full Self-Driving (Supervised) was engaged throughout the event. I have preserved the original Tesla Dashcam footage documenting the incident, including the red traffic signal, the vehicle coming to a complete stop, the unexpected f","https://www.nhtsa.gov/recalls?nhtsaId=11765559","",""
"near","1.0400","honda-crv","2023 Honda CR-V Sport Touring Hybrid","nhtsa-cmpl-11763986","complaint","2026-09-14","Owner complaint 11763986: HONDA CR-V 2018","HONDA CR-V 2018","Steering sticking in the mid position on highway speeds","https://www.nhtsa.gov/recalls?nhtsaId=11763986","",""
"near","1.0400","subaru-outback","2020 Subaru Outback Premium","nhtsa-cmpl-11763453","complaint","2026-09-10","Owner complaint 11763453: SUBARU FORESTER 2020","SUBARU FORESTER 2020","Component/System Defect: Failed Thermo Control Valve (TCV) leading to sudden vehicle power loss / limp mode. Description of Safety Incident: While operating my vehicle at highway speeds late at night, the Thermo Control Valve (TCV) failed catastrophically without warning. The vehicle instantly experienced a massive loss of engine power and entered an aggressive ""limp mode,"" causing a drastic, uncommanded deceleration in active traffic lanes.Due to the sudden reduction in speed and the low-visibility night conditions, a commercial semi-truck traveling directly behind my vehicle was nearly unable to brake in time and narrowly avoided rear-ending us. My family—including an elderly senior and a [XXX] child—was trapped inside the vehicle during this near-miss collision. The vehicle became an immediate hazard on a high-speed highway. The authorized dealership subsequently confirmed a failed Thermo Control Valve (TCV) and replaced the unit under Subaru's extended warranty program. INFORMATION REDACTED PURSUANT TO THE FREEDOM OF INFORMATION ACT (FOIA), 5 U.S.C. 552(B)(6)","https://www.nhtsa.gov/recalls?nhtsaId=11763453","",""
"near","1.0400","chevy-silverado","2022 Chevrolet Silverado 1500 LT Trail Boss Crew Cab","nhtsa-mc-11037320","manufacturer_communication","2026-09-16","Service bulletin PIC6629F","BUICK ENCLAVE 2025/2026; BUICK ENCORE GX 2024/2025/2026; BUICK ENVISION 2024/2025/2026; BUICK ENVISTA 2024/2025/2026; CADILLAC CELESTIQ 2025/2026; CADILLAC CT5 2025; CADILLAC ESCALADE 2025/2026; CADILLAC ESCALADE ESV 2025/2026; CADILLAC ESCALADE IQ 2025/2026; CADILLAC LYRIQ 2024/2025/2026; CADILLAC OPTIQ 2025/2026; CADILLAC VISTIQ 2026","This PI is to instruct dealer on diagnostic procedures that need to be completed prior to replacing a radio or IPC display","https://www.nhtsa.gov/recalls?nhtsaId=11037320","",""
"near","1.0400","hyundai-ioniq5","2023 Hyundai Ioniq 5 SEL AWD Long Range","nhtsa-mc-11037403","manufacturer_communication","2026-09-21","Service bulletin S-1728","BENDIX INTELLIPARK ","Installation Instructions - Bendix® Intellipark® Dash Electronic Control Unit (DECU) Switch Cap Replacement Kit GENERAL This document provides replacement instructions for a Bendix® Intellipark® Dash Electronic Control Unit (DECU) switch cap. The aftermarket service kit, Bendix Part Number K311999, includes one (1) DECU switch cap and two (2) switch labels.","https://www.nhtsa.gov/recalls?nhtsaId=11037403","",""
"near","1.0400","ford-mach-e","2023 Ford Mustang Mach-E GT, extended range","nhtsa-mc-11037402","manufacturer_communication","2026-09-21","Service bulletin SD-13-4860","BENDIX BENDIX ","Service Data - Bendix® WS-24™ Antilock Wheel Speed Sensor DESCRIPTION The Bendix® WS-24™ Wheel Speed Sensor (WSS) is an electromagnetic device used to obtain vehicle speed information for an antilock controller. When the wheel rotates, the sensor and an exciter ring (sometimes called a “rotor” or “tone” ring) generate a simple AC signal. This signal is sent to either the brake controller (Bendix® EC-60™ or Bendix® EC-80™) or the Global Scalable Brake Control electro-pneumatic modulator (Bendix® GSBC® EPM-90™), which analyzes the data and commands the Antilock Braking System (ABS) accordingly. Specifically, the WSS consists of a coil, pole piece, and a magnet. The exciter ring is a steel ring or gear-like device that has regularly spaced high and low spots called “teeth.” The WSS is mounted in a fixed position, while the exciter ring is installed on a rotating member (typically part of the hub) so that its “teeth” move, in close proximity, past the tip of the sensor. The WS-24 WSS is available in both straight and 90° versions to accommodate axle/wheel space limitations.","https://www.nhtsa.gov/recalls?nhtsaId=11037402","",""
"near","1.0400","porsche-911","2022 Porsche 911 Carrera S (992)","nhtsa-mc-11037403","manufacturer_communication","2026-09-21","Service bulletin S-1728","BENDIX INTELLIPARK ","Installation Instructions - Bendix® Intellipark® Dash Electronic Control Unit (DECU) Switch Cap Replacement Kit GENERAL This document provides replacement instructions for a Bendix® Intellipark® Dash Electronic Control Unit (DECU) switch cap. The aftermarket service kit, Bendix Part Number K311999, includes one (1) DECU switch cap and two (2) switch labels.","https://www.nhtsa.gov/recalls?nhtsaId=11037403","",""
"near","1.0400","rivian-r1s","2023 Rivian R1S Adventure, Quad-Motor, Large pack","nhtsa-mc-11037101","manufacturer_communication","2026-09-05","Service bulletin RCA-78-26-004-1","RIVIAN R1S 2025/2026; RIVIAN R1T 2025/2026","Rivian is initiating a customer satisfaction campaign for some model year 2025-2026 R1T and R1S vehicles that may be susceptible to windshield washer fluid leaking from the front fascia camera washer nozzle. The customer may notice washer fluid leaking and/or repeated low washer fluid warnings. Rivian will install a check valve in the hose that supplies the front fascia camera washer nozzle. Rivian is launching this campaign for customer satisfaction and to ensure the quality of Rivian vehicles.","https://www.nhtsa.gov/recalls?nhtsaId=11037101","",""
"near","1.0400","chevy-silverado","2022 Chevrolet Silverado 1500 LT Trail Boss Crew Cab","nhtsa-mc-11037255","manufacturer_communication","2026-09-10","Service bulletin PIT6543","CHEVROLET SILVERADO 1500 2022/2023/2024/2025/2026; CHEVROLET SILVERADO 2500 2024/2025/2026; CHEVROLET SILVERADO 3500 2024/2025/2026; GMC SIERRA 1500 2022/2023/2024/2025/2026; GMC SIERRA 2500 2024/2025/2026; GMC SIERRA 3500 2024/2025/2026","This preliminary information communicates a diagnostic tip for the tailgate release system and tailgate ajar message.","https://www.nhtsa.gov/recalls?nhtsaId=11037255","",""
"near","1.0400","ford-f150","2022 Ford F-150 Lariat SuperCrew","nhtsa-cmpl-11763895","complaint","2026-09-13","Owner complaint 11763895: FORD F-150 2021","FORD F-150 2021","Trailer brake controller installed in truck by manufacturer. We wanted to tow our travel trailer and was doing the setup process to test before we left for a trip. We were unable to set the gain for the trailer brake controller. Trailer was connected to truck and plugged in, but unable to change gain or feel brakes when we took a drive around the neighborhood. If we had not taken the steps to test prior to heading out on our trip could have been a serious result. Contacted our local Ford dealer and made an appointment for July 8, 2026. Was told the trailer brake controller connected in the back was not connected. They said this could have happened during manufacturering or just fell out while driving. Still either way could result in serious issues. Not sure if my truck was the only one or are there others on the roads with an issue. If an invoice was provided by the dealership, I have misplaced. They wanted to charge me almost a $100 for them to find it was not connected. The split the cost with me.","https://www.nhtsa.gov/recalls?nhtsaId=11763895","",""
"near","1.0400","chevy-silverado","2022 Chevrolet Silverado 1500 LT Trail Boss Crew Cab","nhtsa-cmpl-11763115","complaint","2026-09-09","Owner complaint 11763115: GMC SIERRA 1500 2024","GMC SIERRA 1500 2024","Lifters and camshaft failure, loud clanking, & sudden power loss on the 6.2 motor are the first noticeable signs. Instantly when everything happened check engine light, cruise control, & stabilizer lights flashed. The sudden loss of power forced the vehicle to suddenly slow down forcing my camper into the truck. I was hauling a within weight standerd camper but had difficulty bringing both the truck with the camper to a safe stop. There were no early signs or signal prior to sudden cautostrophic engine failure & all service records have been completed by a GM certified service dealer.","https://www.nhtsa.gov/recalls?nhtsaId=11763115","",""
"near","1.0400","kia-telluride","2022 Kia Telluride SX","nhtsa-mc-11037405","manufacturer_communication","2026-09-21","Manufacturer communication BW8247","BENDIX WINGMAN ADVANCE ","Bendix® Fusion™ Active Safety System with Pedestrian Autonomous Emergency Braking (PAEB) Operator’s Manual This Operator ’s Manual provides an overview of the Bendix® Fusion™ Active Safety System with Pedestrian Autonomous Emergency Braking (PAEB). This manual explains the components, features, functions, and known system limitations. There are also example descriptions and explanations of the audio and visual alerts and system interventions that can be expected during operation. Read this manual thoroughly before operating the system. Be familiar with the possible system actions, alerts, and its limitations. Keep this manual in the vehicle as a reference at all times. See Figure 1 for an example of the message you may see on the integrated display.","https://www.nhtsa.gov/recalls?nhtsaId=11037405","",""
"near","1.0400","ford-f150","2022 Ford F-150 Lariat SuperCrew","nhtsa-cmpl-11760931","complaint","2026-08-31","Owner complaint 11760931: FORD F-150 2018","FORD F-150 2018","The contact owns a 2018 Ford F-150. The contact stated that the vehicle was previously repaired under NHTSA Campaign Number: 26V373000 (Exterior Lighting) and Customer Satisfaction Program: 25N17 (Rear View Camera Replacement If Required After Dealer Evaluation); however, the failure occurred after the repairs were performed. The contact stated that while driving at an undisclosed speed, the ""Parking Brake Engaged"" message displayed, and the blind spot sensor became inoperable. An unknown warning light was illuminated. Additionally, the TPMS was inoperable. The vehicle was taken back to the dealer, but the vehicle was not diagnosed or repaired. The manufacturer was made aware of the failure. The failure mileage was approximately 86,000.","https://www.nhtsa.gov/recalls?nhtsaId=11760931","",""
"near","1.0400","toyota-camry","2023 Toyota Camry SE","nhtsa-cmpl-11760840","complaint","2026-08-31","Owner complaint 11760840: TOYOTA RAV4 2023","TOYOTA RAV4 2023","The vehicle experienced a sudden, severe loss of vehicle control while driving twice. Without any warning lights, dash indicators, or stored error codes, it began violently surging and decelerating uncontrollably around 20 mph with severe bucking. My [XXX] daughter was driving. Fortunately, this occurred on a quiet local residential road at 5 am; had this sudden failure occurred at highway speeds, it would have resulted in a catastrophic rear-end collision. The vehicle was purchased in May 2023, has 42k miles, and was used normally for school commuting. Incident 1 (XXX): Towed to Toyota. Techs could not diagnose it and opened a Tech Case. Per instructions, dealer replaced shifter assembly due to internal short (Part 33560-0R070). However, within 24 hours of return, the exact same dangerous failure reoccurred suddenly without warning in mild traffic. Experiencing an uncontrollable vehicle was terrifying. Fortunately no crash occurred, but it was towed back immediately. When I raised urgent safety concerns and sought a permanent resolution, Toyota stated it takes 60 days for review. During this period, if the dealer requests loaner return, I must return it immediately. They further s","https://www.nhtsa.gov/recalls?nhtsaId=11760840","",""
"near","1.0400","chevy-silverado","2022 Chevrolet Silverado 1500 LT Trail Boss Crew Cab","nhtsa-cmpl-11765442","complaint","2026-09-19","Owner complaint 11765442: UNKNOWN UNKNOWN","UNKNOWN UNKNOWN ","I was in the vehicle that was parked in my driveway and the passenger door airbag deployed into my right ear, and there was no crash or anything it just deployed on its own. vehicle was running and I was cleaning the vehicle.","https://www.nhtsa.gov/recalls?nhtsaId=11765442","",""
"near","1.0400","jeep-wrangler","2022 Jeep Wrangler Unlimited Rubicon 4xe","nhtsa-mc-11037398","manufacturer_communication","2026-09-21","Service bulletin TCH-11-004","BENDIX ECOCOMPRESSOR ","Aftermarket service kits are available to enhance the robustness of the oil return channel in Bendix® electric compressors, particularly for instances where the oil separator cartridge exhibits corrosion. The oil management kits are recommended for preventive maintenance to maintain optimal compressor performance and as a corrective action to help prevent oil-related issues for both the Bendix® ESM2™ (Electric Screw Module 2) and Bendix® EVM1 (Electric Vane Module 1).","https://www.nhtsa.gov/recalls?nhtsaId=11037398","",""
"near","1.0400","kia-telluride","2022 Kia Telluride SX","nhtsa-mc-11037398","manufacturer_communication","2026-09-21","Service bulletin TCH-11-004","BENDIX ECOCOMPRESSOR ","Aftermarket service kits are available to enhance the robustness of the oil return channel in Bendix® electric compressors, particularly for instances where the oil separator cartridge exhibits corrosion. The oil management kits are recommended for preventive maintenance to maintain optimal compressor performance and as a corrective action to help prevent oil-related issues for both the Bendix® ESM2™ (Electric Screw Module 2) and Bendix® EVM1 (Electric Vane Module 1).","https://www.nhtsa.gov/recalls?nhtsaId=11037398","",""
"near","1.0400","toyota-tacoma","2024 Toyota Tacoma TRD Off-Road Double Cab","nhtsa-mc-11037405","manufacturer_communication","2026-09-21","Manufacturer communication BW8247","BENDIX WINGMAN ADVANCE ","Bendix® Fusion™ Active Safety System with Pedestrian Autonomous Emergency Braking (PAEB) Operator’s Manual This Operator ’s Manual provides an overview of the Bendix® Fusion™ Active Safety System with Pedestrian Autonomous Emergency Braking (PAEB). This manual explains the components, features, functions, and known system limitations. There are also example descriptions and explanations of the audio and visual alerts and system interventions that can be expected during operation. Read this manual thoroughly before operating the system. Be familiar with the possible system actions, alerts, and its limitations. Keep this manual in the vehicle as a reference at all times. See Figure 1 for an example of the message you may see on the integrated display.","https://www.nhtsa.gov/recalls?nhtsaId=11037405","",""
"near","1.0400","ram-2500","2019 Ram 2500 Laramie Crew Cab","nhtsa-mc-11037407","manufacturer_communication","2026-09-21","Warranty program BW2137","BENDIX BENDIX ","LIMITED WARRANTY BENDIX® EVERFLOW® AIR DRYER MODULE","https://www.nhtsa.gov/recalls?nhtsaId=11037407","",""
"near","1.0400","ram-2500","2019 Ram 2500 Laramie Crew Cab","nhtsa-mc-11037399","manufacturer_communication","2026-09-21","Service bulletin SD-13-47680","BENDIX TABS-8 ","Service Data - Bendix® TABS‑8™ Advanced Single-Channel Trailer Antilock Braking System (ABS) Module The Bendix® TABS‑8™ Advanced Module is an integrated single-channel (2S/1M) trailer service brake module controller for air-braked, heavy-duty semi-trailers that features the Bendix® Antilock Braking System (ABS) and the Bendix® Trailer Roll Stability Program (TRSP®). Installed on semi-trailers, the TABS-8 Advanced Module acts as a relay valve during normal braking, but during ABS events, it will intervene to help maintain vehicle stability and minimize stopping distance by preventing wheel lock-up. The TRSP monitors the trailer’s motion and reduces the risk of rollovers by automatically applying the brakes when a risk of rollover is detected.","https://www.nhtsa.gov/recalls?nhtsaId=11037399","",""
"near","1.0400","subaru-outback","2020 Subaru Outback Premium","nhtsa-cmpl-11762582","complaint","2026-09-07","Owner complaint 11762582: SUBARU OUTBACK 2024","SUBARU OUTBACK 2024","On our long driveway, the car strongly accelerated with no gas pressure. I firmly pushed the brake and brought it to a stop. Upon lifting the brake again, it immediately accelerated entirely on its own with no use of the gas pedal. Heavy braking stopped it again. The same exact thing happened a few more times, the only way to prevent runaway acceleration was to forcefully apply the brakes. We safely parked the car. This experience was extremely alarming. Had we not been in our driveway and on the street, we could have been in a serious accident. The SUV was totally out of our control.","https://www.nhtsa.gov/recalls?nhtsaId=11762582","",""
"near","1.0400","chevy-silverado","2022 Chevrolet Silverado 1500 LT Trail Boss Crew Cab","nhtsa-mc-11037234","manufacturer_communication","2026-09-09","Manufacturer communication SIL 21-TR-26","ALLISON 6000 SERIES TRANSMISSION ","Service information for preparing, testing, and verifying to confirm transmission functions are restored following a complete overhaul","https://www.nhtsa.gov/recalls?nhtsaId=11037234","",""
"near","1.0400","ford-f150","2022 Ford F-150 Lariat SuperCrew","nhtsa-cmpl-11760515","complaint","2026-08-28","Owner complaint 11760515: FORD F-150 2017","FORD F-150 2017","This lead frame issue is never ending. Well over a decade without a proper remedy. I’m very familiar with it. but this one nearly ended my life. After the near collision I called my mechanic and bought a new ford lead frame from a dealership. It’s doing fine now, it’s been 1 year. the incident caused my truck to go into park or possibly reverse at highway speed just as I passed a semi truck and returned to the right lane. If the trucker had not been paying attention it would have been bad. There was nothing I could do. . On top of this, he was under the impression that it was intentional. So I almost got into a physical altercation until I convinced him to look inside my truck as my gear indicator light was dancing from gear to gear while not touching anything.. To add to the seriousness, my taillamps never came on because I didn’t touch the brake. It was a horrible timing.. . Shortly after this i received a notice from Ford explaining the cause and symptoms of this issue, but then stated there was no fix at the time, but the vehicle was “safe to drive.” That is irresponsible. This was the only time mine did it, no prior issues. I got new ford parts and had it replaced. my mechanic","https://www.nhtsa.gov/recalls?nhtsaId=11760515","",""
"near","1.0400","porsche-911","2022 Porsche 911 Carrera S (992)","nhtsa-mc-11037040","manufacturer_communication","2026-09-04","Service bulletin 24-26","PORSCHE 911 GT3 2021/2022/2023/2024; PORSCHE 911 GT3 RS 2023/2024; PORSCHE 911 GT3 TOURING 2022/2023","Manufacturer's Certificate for approved wheels and tires. Also includes model year 2024 911 S/T and GT3 Touring.","https://www.nhtsa.gov/recalls?nhtsaId=11037040","",""
"near","1.0400","ford-bronco","2023 Ford Bronco Badlands 4-Door","nhtsa-cmpl-11760476","complaint","2026-08-28","Owner complaint 11760476: FORD BRONCO SPORT 2022","FORD BRONCO SPORT 2022","Brake components showing signs of failure at 28,000 miles on both front and rear brakes. Safety placed at risk given speed and general use of vehicle which includes passengers. This includes grinding stops, increasing foot pressure used to stop car, and under certain conditions reconsidering use of vehicle. Ford dealership inspected vehicle and is aware of issue and noted TSB (T25-2438) in service visit diagnosis. No warning lights present. Signs first appear as increased brake dust covering rim and tire areas, increasingly loud grinding and squealing of brakes whether in drive or reverse. No remedy provided by Ford despite low mileage and understanding that the issue is not normal wear and tear on vehicle.","https://www.nhtsa.gov/recalls?nhtsaId=11760476","",""
"near","1.0400","chevy-silverado","2022 Chevrolet Silverado 1500 LT Trail Boss Crew Cab","nhtsa-cmpl-11761490","complaint","2026-09-02","Owner complaint 11761490: CHEVROLET SILVERADO 2500 2022","CHEVROLET SILVERADO 2500 2022","The vehicle will not allow the truck to be turned off everytime, it states the truck must be in park to be turned off, and the truck is in park. The engine lost power and staleld twice, and loses accelerator power multiple times. The transmission has dis-engaged 3 times. All of this since July 2026. The truck has 54,000 miles on it.","https://www.nhtsa.gov/recalls?nhtsaId=11761490","",""
"near","1.0400","ford-f150","2022 Ford F-150 Lariat SuperCrew","nhtsa-mc-11037405","manufacturer_communication","2026-09-21","Manufacturer communication BW8247","BENDIX WINGMAN ADVANCE ","Bendix® Fusion™ Active Safety System with Pedestrian Autonomous Emergency Braking (PAEB) Operator’s Manual This Operator ’s Manual provides an overview of the Bendix® Fusion™ Active Safety System with Pedestrian Autonomous Emergency Braking (PAEB). This manual explains the components, features, functions, and known system limitations. There are also example descriptions and explanations of the audio and visual alerts and system interventions that can be expected during operation. Read this manual thoroughly before operating the system. Be familiar with the possible system actions, alerts, and its limitations. Keep this manual in the vehicle as a reference at all times. See Figure 1 for an example of the message you may see on the integrated display.","https://www.nhtsa.gov/recalls?nhtsaId=11037405","",""
"near","1.0400","ford-f150","2022 Ford F-150 Lariat SuperCrew","nhtsa-mc-11037404","manufacturer_communication","2026-09-21","Manufacturer communication BW8246","BENDIX WINGMAN ADVANCE ","Bendix® Fusion™ Active Safety System with Pedestrian Autonomous Emergency Braking (PAEB) Operator’s Manual This Operator’s Manual provides an overview of the Bendix® Fusion™ Active Safety System with Pedestrian Autonomous Emergency Braking (PAEB). This manual explains the components, features, functions, and known system limitations. There are also example descriptions and explanations of the audio and visual alerts and system interventions that can be expected during operation. Read this manual thoroughly before operating the system. Be familiar with the possible system actions, alerts, and its limitations. Keep this manual in the vehicle as a reference at all times. See Figure 1 for an example of the messages you may see on the integrated display when the Fusion system is initializing.","https://www.nhtsa.gov/recalls?nhtsaId=11037404","",""
"near","1.0400","honda-crv","2023 Honda CR-V Sport Touring Hybrid","nhtsa-cmpl-11761373","complaint","2026-09-01","Owner complaint 11761373: HONDA CR-V HYBRID 2020","HONDA CR-V HYBRID 2020","One four occasions our 2020 Honda CRV Hybrid has started after sitting overnight in the greater Seattle area in the spring and summer with a rough idle. Within two miles of leaving our home at speeds of no more than 35 miles per hour, the check engine light began to flash. All four times, the rough idle and check engine light were accompanied by degraded speed responsiveness and the error cleared with turning the car on and off again. We have taken the vehicle to a mechanic twice and each time they couldn’t find any stored codes or replicate the issue. The issue continues to occur and seems to be getting worse. I’m concerned this will happen at high speeds and result in a total loss of power which will be unsafe.","https://www.nhtsa.gov/recalls?nhtsaId=11761373","",""
"near","1.0400","porsche-911","2022 Porsche 911 Carrera S (992)","nhtsa-mc-11037079","manufacturer_communication","2026-09-04","Service bulletin TSTR2643","PORSCHE PIWIS TESTER III ","Information on PIWIS Tester update 44.300.005. PIWIS Tester update applies to all Porsche models that have an OBD2 port.","https://www.nhtsa.gov/recalls?nhtsaId=11037079","",""
"near","1.0400","chevy-silverado","2022 Chevrolet Silverado 1500 LT Trail Boss Crew Cab","nhtsa-mc-11037253","manufacturer_communication","2026-09-10","Service bulletin PIP4902W","BRIGHTDROP 600 ELCV 2023/2024; BRIGHTDROP EV600 2022; BRIGHTDROP ZEVO 400 2024; BRIGHTDROP ZEVO 600 2023/2024; BUICK CASCADA 2016/2017/2018/2019; BUICK ENCLAVE 2010/2011/2012/2013/2014/2015/2016/2017/2018/2019/2020/2021/2022/2023/2024/2025/2026/2027; BUICK ENCORE 2013/2014/2015/2016/2017/2018/2019/2020/2021/2022/2023/2024/2025/2026; BUICK ENCORE GX 2020/2021/2022/2023/2024/2025/2026/2027; BUICK ENVISION 2016/2017/2018/2019/2020/2021/2022/2023/2024/2025/2026; BUICK ENVISTA 2024/2025/2026; BUICK LACROSSE 2010/2011/2012/2013/2014/2015/2016/2017/2018/2019/2020; BUICK LESABRE 2013","This preliminary information advises a dealer on how to email GDS2 session logs into Technical Assistance.","https://www.nhtsa.gov/recalls?nhtsaId=11037253","",""
"near","1.0400","kia-telluride","2022 Kia Telluride SX","nhtsa-cmpl-11761672","complaint","2026-09-02","Owner complaint 11761672: KIA CARNIVAL 2024","KIA CARNIVAL 2024","On 8/25/2026 I dropped the vehicle at Plaza Kia, 2699 Nostrand Ave, Brooklyn, NY 11210 (Kia Repair Facility #7119189) for four open recalls: PI2501, PI2602, SC320, and SC368. Brakes were functioning normally at drop-off. Per repair order [XXX] dated 8/26/2026, only PI2501 and PI2602 (second-row seat recalls) were performed; SC320 (EGR valve) and SC368 (high-pressure crossover fuel pipe) were not completed — parts on special order. The dealer's multi-point inspection sheet, printed 8/26/2026 12:36 PM, marked brake fluid level/condition and brake system components as OK/green. The technician time log on the RO shows 0.0 actual hours for that day. The brake lining inspection panels on the sheet are blank. The dealer returned the vehicle to my residence via valet on 8/26/2026. On first use, the brake pedal was extremely hard and stiff with the engine running; the vehicle would only slow with full-force pedal pressure. I nearly collided with a parked vehicle exiting the parking space. I parked and did not drive it further. A vacuum-assist test (pump pedal engine off, hold, start engine) showed the pedal sinking only slightly, and braking under drive felt like engine-off braking — partia","https://www.nhtsa.gov/recalls?nhtsaId=11761672","",""
"near","1.0400","honda-crv","2023 Honda CR-V Sport Touring Hybrid","nhtsa-cmpl-11760112","complaint","2026-08-27","Owner complaint 11760112: HONDA CR-V 2019","HONDA CR-V 2019","The contact owns a 2019 Honda CR-V. The contact stated that vehicle was displaying the warning message ""Airbag System SRS Problem"". The contact associated the failure with NHTSA Campaign Number: 26V332000 (Air Bags); however, VIN number was not included. The dealer was contacted; however vehicle was not diagnosed or repaired. The manufacturer was not made aware of the failure. The failure mileage was approximately 105,000.","https://www.nhtsa.gov/recalls?nhtsaId=11760112","",""
"near","1.0400","chevy-silverado","2022 Chevrolet Silverado 1500 LT Trail Boss Crew Cab","nhtsa-cmpl-11760229","complaint","2026-08-28","Owner complaint 11760229: CHEVROLET SILVERADO 1500 2019","CHEVROLET SILVERADO 1500 2019","while under warrantee the dealer quirk Chevy in Manchester NH, intentionally misdiagnosed the engine failure symptoms. The Service director did this three times all while under warrantee. now out of warrantee. my engine has completely failed. Silverado 1500 High-country with 6.2 L Gas engine with AFM. the service director in a private off site conversation admitted the intentional misdiagnose.","https://www.nhtsa.gov/recalls?nhtsaId=11760229","",""
"near","1.0400","ford-f150","2022 Ford F-150 Lariat SuperCrew","nhtsa-cmpl-11766196","complaint","2026-09-22","Owner complaint 11766196: FORD F-150 2018","FORD F-150 2018","While driving my brakes went from normal, to squishy, to total loss of brakes. Brake indicator light came on while in the squishy phase. After avoid collision by nothing other than sure luck I was able to slow the vehicle and use the emergency brake to stop. Once stopped I popped the hood and found the master cylinder to be all but empty. I obtained brake fluid, filled the cylinder and the brakes appeared to be normal. After a very short drive I lost brake function again and the MC was empty. No leaks could be found from lines or around the wheels Truck was towed to an independent shop where the diagnostic determined the master cylinder seal had failed and leaked brake fluid into the brake booster. I believe the Hitachi master cylinder failure is a known Ford defect. It has been recalled on the 3.5L model F150's but not the 2.7L and 5.0L models. My loss of brakes could have led to serious or fatal traffic incidence. The master cylinder is defective on all models of the years involving the recall of the 3.5L models. The recall should be extended before someone loses their life. Please look to extend the recall to include the other models of F150s.","https://www.nhtsa.gov/recalls?nhtsaId=11766196","",""
"near","1.0400","rivian-r1s","2023 Rivian R1S Adventure, Quad-Motor, Large pack","nhtsa-mc-11037038","manufacturer_communication","2026-09-04","Service bulletin TSB260097","CUMMINS BES ","This Technical Service Bulletin describes the verification and resolution steps for the propulsion motor interface wiring harness connector of certain battery electric systems which may corrode prematurely, resulting in vehicle electrical faults.","https://www.nhtsa.gov/recalls?nhtsaId=11037038","",""
"near","1.0400","honda-crv","2023 Honda CR-V Sport Touring Hybrid","nhtsa-mc-11037403","manufacturer_communication","2026-09-21","Service bulletin S-1728","BENDIX INTELLIPARK ","Installation Instructions - Bendix® Intellipark® Dash Electronic Control Unit (DECU) Switch Cap Replacement Kit GENERAL This document provides replacement instructions for a Bendix® Intellipark® Dash Electronic Control Unit (DECU) switch cap. The aftermarket service kit, Bendix Part Number K311999, includes one (1) DECU switch cap and two (2) switch labels.","https://www.nhtsa.gov/recalls?nhtsaId=11037403","",""
"near","1.0400","kia-telluride","2022 Kia Telluride SX","nhtsa-cmpl-11764415","complaint","2026-09-15","Owner complaint 11764415: KIA TELLURIDE 2020","KIA TELLURIDE 2020","Loss of oil that is going out the heads and exhaust. This causes loss of power. Oil light doesn’t come on. This happened twice. Once in March and we took it to the dealership to have it fixed. Unfortunately, the issue wasn’t fixed and it happened again in August.","https://www.nhtsa.gov/recalls?nhtsaId=11764415","",""
"near","1.0400","subaru-outback","2020 Subaru Outback Premium","nhtsa-cmpl-11765442","complaint","2026-09-19","Owner complaint 11765442: UNKNOWN UNKNOWN","UNKNOWN UNKNOWN ","I was in the vehicle that was parked in my driveway and the passenger door airbag deployed into my right ear, and there was no crash or anything it just deployed on its own. vehicle was running and I was cleaning the vehicle.","https://www.nhtsa.gov/recalls?nhtsaId=11765442","",""
"near","1.0400","jeep-wrangler","2022 Jeep Wrangler Unlimited Rubicon 4xe","nhtsa-mc-11036752","manufacturer_communication","2026-09-03","Service bulletin 23-036-26","JEEP WRANGLER 2024/2025/2026; JEEP WRANGLER 4XE 2024/2025/2026","Water Leak In Rear Cargo Area Customers may comment on the following: SYMPTOM: ● Water leak in the rear cargo area.","https://www.nhtsa.gov/recalls?nhtsaId=11036752","",""
"near","1.0400","ford-f150","2022 Ford F-150 Lariat SuperCrew","nhtsa-cmpl-11763427","complaint","2026-09-10","Owner complaint 11763427: FORD F-150 2019","FORD F-150 2019","My 2019 Ford F-150 3.5L EcoBoost with the 10-speed 10R80 transmission has developed severe shifting and acceleration problems that create a safety risk. The transmission frequently appears to skip 2nd gear and bangs very hard into 3rd. This 1st-to-3rd harsh shift is persistent and does not go away after the truck warms up. I also experience delayed shifts including 3rd-4th, 6th-7th, 8th-9th and sometimes 9th-10th. Downshifts into 4th can also cause a hard bang. More concerning, the truck intermittently hesitates and loses forward momentum when accelerating. This happens with light, moderate or heavy throttle. It commonly occurs during the first 3-4 miles but can happen with a cold or warm start. It can also return after the truck has been driven, parked briefly, and restarted. This creates a serious crash risk when I pull onto a main road or merge onto a highway. After I commit to entering traffic, the truck can hesitate and lose momentum instead of accelerating. I must wait for an unusually large gap in traffic because I cannot predict whether the truck will accelerate normally. I regularly have my two young children in the vehicle and no longer feel safe driving it. There are no ","https://www.nhtsa.gov/recalls?nhtsaId=11763427","",""
"near","1.0400","kia-telluride","2022 Kia Telluride SX","nhtsa-rcl-26T014000","recall","2026-09-10","Recall 26T014000: TIRES:MARKINGS","AVIX TRAILTEK RT ","Wheel Pros, LLC (Wheel Pros) is recalling certain Avix TrailTek RT, size 35X12.50R20LT tires. The tire sidewall may be incorrectly labeled ""Not for Highway Use."" As such, these tires fail to comply with the requirements of Federal Motor Vehicle Safety Standard (FMVSS) number 110, ""Tire Selection and Rims.""","https://www.nhtsa.gov/recalls?nhtsaId=26T014000","",""
"near","1.0400","ram-2500","2019 Ram 2500 Laramie Crew Cab","nhtsa-cmpl-11760359","complaint","2026-08-28","Owner complaint 11760359: RAM 2500 2022","RAM 2500 2022","The contact owns a 2022 Ram 2500. The contact stated that while attempting to exit the vehicle, the front driver's door became inoperable. The window and door actuator failed to function during the failure, requiring the contact to repeatedly pull the door handle and engage the actuator to exit the vehicle. The vehicle was taken to a dealer, where it was diagnosed that a piece of plastic near the wiring caused the wiring to fail, and the wiring needed to be replaced. The vehicle was not repaired. The contact expressed concern that the failure was hazardous due to a disability and presented a safety risk in the event of an emergency. The manufacturer was notified of the failure. The failure mileage was approximately 45,000.","https://www.nhtsa.gov/recalls?nhtsaId=11760359","",""
"near","1.0400","toyota-camry","2023 Toyota Camry SE","nhtsa-cmpl-11760528","complaint","2026-08-29","Owner complaint 11760528: TOYOTA CAMRY 2018","TOYOTA CAMRY 2018","The vehicle has developed a high-pitched whine that is most noticeable around 30 to 55 mph. The pitch increases directly with vehicle speed, not engine RPM. The sound occurs whenever positive throttle is applied and disappears immediately when the accelerator is released, before vehicle speed noticeably decreases. Gear changes do not appear to affect the pitch. I am concerned this may indicate a transmission/transaxle or final-drive problem. No warning lights are currently present.","https://www.nhtsa.gov/recalls?nhtsaId=11760528","",""
"near","1.0400","bmw-x5","2021 BMW X5 xDrive45e","nhtsa-mc-11036380","manufacturer_communication","2026-08-27","Service campaign B340124","BMW 530I 2024; BMW 740I 2024; BMW I5 2024; BMW I7 2024; BMW X5 2024; BMW X6 2024; BMW X7 2024; BMW XM 2024","After replacement of the Integrated Braking system (IB)/Power Brake the total distance covered might belower than when handed over to the workshop for the repair.","https://www.nhtsa.gov/recalls?nhtsaId=11036380","",""
"near","1.0400","honda-crv","2023 Honda CR-V Sport Touring Hybrid","nhtsa-cmpl-11765442","complaint","2026-09-19","Owner complaint 11765442: UNKNOWN UNKNOWN","UNKNOWN UNKNOWN ","I was in the vehicle that was parked in my driveway and the passenger door airbag deployed into my right ear, and there was no crash or anything it just deployed on its own. vehicle was running and I was cleaning the vehicle.","https://www.nhtsa.gov/recalls?nhtsaId=11765442","",""
"near","1.0400","chevy-silverado","2022 Chevrolet Silverado 1500 LT Trail Boss Crew Cab","nhtsa-cmpl-11761139","complaint","2026-08-31","Owner complaint 11761139: CHEVROLET SILVERADO 1500 2026","CHEVROLET SILVERADO 1500 2026","I purchased the 2026 Chevrolet Silverado with a 6.2L motor ""new"" from the dealer with 5700 miles on XXX. Roughly a month and 2500 miles later, my family and I were in the vehicle, 750 miles from home, returning from a vacation to [XXX] from the [XXX]/[XXX] area. It was around 8:30 in the morning and we had been on the road since the 6 o'clock hour. We were towing our our 20' fishing boat at the time. We were in the left most lane, passing a semi tractor trailer. I signaled and moved back in the 3rd lane after the pass. We were now the vehicle in front of the semi. At this moment, the engine locked up. The torque converter which had been locked at highway speed came unlocked. The transmission started aggressively downshifting looking for torque, RPMs racing upwards of 6k. We were now on an uphill, towing, with a seized engine in front of a semi. In the next lane right was a family in a newer lincoln navigator going freeway speeds. Aside from the transmission, the engine was silent, the accelerator did nothing. A message pops on the screen. ""Shift into Neutral"" is says... a fraction of a second later ""Restart Engine"" or alike. The start button was unresponsive. We're losing speed, th","https://www.nhtsa.gov/recalls?nhtsaId=11761139","",""
"near","1.0400","jeep-wrangler","2022 Jeep Wrangler Unlimited Rubicon 4xe","nhtsa-cmpl-11761347","complaint","2026-09-01","Owner complaint 11761347: JEEP GRAND CHEROKEE 2019","JEEP GRAND CHEROKEE 2019","I recently was driving and my headlights went out, then smoke appeared on the passenger side of my car and immediately caught fire and my car was completely burned down.","https://www.nhtsa.gov/recalls?nhtsaId=11761347","",""
"near","1.0400","chevy-silverado","2022 Chevrolet Silverado 1500 LT Trail Boss Crew Cab","nhtsa-cmpl-11762348","complaint","2026-09-05","Owner complaint 11762348: CHEVROLET SILVERADO 1500 2021","CHEVROLET SILVERADO 1500 2021","The automatic power-unlatching tailgate assembly failed. The tailgate unlatches, opens, and cycles closed completely on its own while the vehicle is in motion and driving on public roads and when the gear shifts from drive to park and park to drive. The vehicle and the tailgate assembly are fully available for inspection upon request. The tailgate opening unpredictably while driving at road speeds creates an extreme safety hazard. It risks cargo flying out into traffic, which could cause a severe multi-vehicle accident or injure pedestrians. Additionally, it creates a massive driver distraction while trying to monitor the opening and closing tailgate in the rearview mirror while maintaining control of the vehicle. Sometimes there isn’t a warning light and sometimes it shows a warning light “tailgate open” I have taken it to the dealership and was told it isn’t part of the active recall for similar makes and models and my vehicles year/make/model needs to be added to the current recall for these concerns. It opened on its own while in park and turned off when the mechanic was replacing the license plate light.","https://www.nhtsa.gov/recalls?nhtsaId=11762348","",""
"near","1.0400","bmw-x5","2021 BMW X5 xDrive45e","nhtsa-mc-11036435","manufacturer_communication","2026-08-28","Manufacturer communication B064326","BMW 230I 2025; BMW 330I 2025; BMW 430I 2025; BMW 530I 2025; BMW IX 2025; BMW IX M60 2025; BMW X3 2025; BMW X4 2025; BMW X5 2025; BMW X6 2025; BMW X7 2025; BMW XM 2025","Fastening Elements Return","https://www.nhtsa.gov/recalls?nhtsaId=11036435","",""
"near","1.0400","ford-f150","2022 Ford F-150 Lariat SuperCrew","nhtsa-cmpl-11764584","complaint","2026-09-15","Owner complaint 11764584: FORD MAVERICK HYBRID 2022","FORD MAVERICK HYBRID 2022","I have already had the cv axles replaced under the extended customer satisfaction program in January 2026, but today while doing a cross country move, the outer boot on the drivers side showed significant grease loss, and the inner boot on the passenger side tore off with a very severe clunk, noise, and shake while braking and accelerating. Thankfully the cv axle did not separate, but a failure could have resulted in a loss of control. This will be going to the dealership tomorrow. No warning lights, messages, or symptoms that I could observe before the 1000 mile trip across yesterday and today.","https://www.nhtsa.gov/recalls?nhtsaId=11764584","",""
"near","1.0400","rivian-r1s","2023 Rivian R1S Adventure, Quad-Motor, Large pack","nhtsa-mc-11037402","manufacturer_communication","2026-09-21","Service bulletin SD-13-4860","BENDIX BENDIX ","Service Data - Bendix® WS-24™ Antilock Wheel Speed Sensor DESCRIPTION The Bendix® WS-24™ Wheel Speed Sensor (WSS) is an electromagnetic device used to obtain vehicle speed information for an antilock controller. When the wheel rotates, the sensor and an exciter ring (sometimes called a “rotor” or “tone” ring) generate a simple AC signal. This signal is sent to either the brake controller (Bendix® EC-60™ or Bendix® EC-80™) or the Global Scalable Brake Control electro-pneumatic modulator (Bendix® GSBC® EPM-90™), which analyzes the data and commands the Antilock Braking System (ABS) accordingly. Specifically, the WSS consists of a coil, pole piece, and a magnet. The exciter ring is a steel ring or gear-like device that has regularly spaced high and low spots called “teeth.” The WSS is mounted in a fixed position, while the exciter ring is installed on a rotating member (typically part of the hub) so that its “teeth” move, in close proximity, past the tip of the sensor. The WS-24 WSS is available in both straight and 90° versions to accommodate axle/wheel space limitations.","https://www.nhtsa.gov/recalls?nhtsaId=11037402","",""
"near","1.0400","ford-f150","2022 Ford F-150 Lariat SuperCrew","nhtsa-cmpl-11761828","complaint","2026-09-03","Owner complaint 11761828: FORD F-150 2015","FORD F-150 2015","I was driving on a 2 lane highway at approximately 50 mph and my truck started blowing white smoke and suddenly decelerated to 5 mph and a wrench appeared on my dashboard. I luckily was able to limp the vehicle to a parking lot. I then called AAA for a tow to my Certified Mechanic. He informed me the next day that the transmission line to the cooler failed. He replaced the cooler lines ($250). I definitely feel this problem should have a safety recall issued. If my wife and I were on a freeway when this happened- the outcome could have been a lot worse. SAFETY SHOULD BE PARAMOUNT FOR ME AND THE DRIVERS BEHIND ME!","https://www.nhtsa.gov/recalls?nhtsaId=11761828","",""
"near","1.0400","ram-2500","2019 Ram 2500 Laramie Crew Cab","nhtsa-cmpl-11760060","complaint","2026-08-27","Owner complaint 11760060: RAM 2500 2018","RAM 2500 2018","I have been waiting on the C4B recall for nearly two years with no parts available still. My truck has no ABS, traction control, or 4WD. This is a 2500 heavy duty truck meant for pulling trailers and heavy payloads. This recall has rendered the vehicle useless. I can't trade it in due to the ongoing recall, it is not safe to drive, I am at an extreme financial loss due to Stellantis' negligence. How has the US government allowed this issue to last for so long? How many unsafe vehicles are currently driving down the road with compromised brakes?","https://www.nhtsa.gov/recalls?nhtsaId=11760060","",""
"near","1.0400","chevy-silverado","2022 Chevrolet Silverado 1500 LT Trail Boss Crew Cab","nhtsa-cmpl-11761815","complaint","2026-09-03","Owner complaint 11761815: GMC SIERRA 2500 2024","GMC SIERRA 2500 2024","While driving my truck on the highway at 65 mph the truck bucked hard and immediately downshifted into 2nd gear. This caused me to rapidly decelerate to approximately 40 mph, I am lucky there was not another vehicle behind me when this happened since rapid unexpected deceleration without brake lights is very dangerous. I had to drive the truck in limp mode at 45mph and approximately 4500 rpms to the nearest exit. This event illuminated the trucks check engine light and displayed a brief service 4WD message followed by a permanent reduced acceleration message on the dash.","https://www.nhtsa.gov/recalls?nhtsaId=11761815","",""
"near","1.0400","kia-telluride","2022 Kia Telluride SX","nhtsa-mc-11036390","manufacturer_communication","2026-08-27","Service bulletin TSB_ELE426","KIA NIRO 2023/2024/2025; KIA NIRO EV 2023/2024/2025; KIA NIRO PHEV 2023/2024/2025; KIA SOUL 2023/2024/2025; KIA SPORTAGE 2023/2024/2025; KIA SPORTAGE HYBRID 2023/2024/2025; KIA SPORTAGE PHEV 2023/2024/2025; KIA TELLURIDE 2023/2024/2025","TECHNICAL SERVICE BULLETIN: AVN GEN 5.0 WIDE SOFTWARE UPDATE - This bulletin provides information on the Audio Video Navigation (AVN) system software update for certain vehicles equipped with AVN5W and Navigation System listed in the table below. Affected vehicles may overestimate travel times during route calculation.","https://www.nhtsa.gov/recalls?nhtsaId=11036390","",""
"near","1.0400","toyota-camry","2023 Toyota Camry SE","nhtsa-cmpl-11763765","complaint","2026-09-12","Owner complaint 11763765: TOYOTA HIGHLANDER 2006","TOYOTA HIGHLANDER 2006","The Antilock Braking Actuator has failed. This seems to be a known issue and was already recalled on the Toyota Camry. Toyota sells the part for $1500 locally and labor will be added to that as well - which will put the cost of replacing this critical part almost above the current value of the vehicle. This is a safety issue if I lose braking capability. It has not yet catastrophically failed, but is making a buzzing sound which is the indication of this unit losing brake fluid pressure and trying to keep the brake booster pump running to restore the pressure. The booster pump will burn out, possibly catch fire and/or blow the fuse and then the braking will loose power assist, and with unit in place....that makes braking almost impossible as it is NOT a typical brake system, all fluid goes through this failed module and without the electronic boost assist, one can not press the pedal hard enough to engage the brakes.","https://www.nhtsa.gov/recalls?nhtsaId=11763765","",""
"near","1.0400","subaru-outback","2020 Subaru Outback Premium","nhtsa-mc-11036811","manufacturer_communication","2026-09-03","Service bulletin 02-196-26R","SUBARU ASCENT 2019/2020/2021/2022/2023/2024/2025/2026; SUBARU LEGACY 2020/2021/2022/2023/2024/2025; SUBARU OUTBACK 2020/2021/2022/2023/2024/2025/2026; SUBARU WRX 2022/2023/2024/2025/2026","This service bulletin outlines the diagnostic and repair procedure for white smoke emitted from the exhaust after startup. This is an revised version of the original bulletin.","https://www.nhtsa.gov/recalls?nhtsaId=11036811","",""
"near","1.0400","chevy-silverado","2022 Chevrolet Silverado 1500 LT Trail Boss Crew Cab","nhtsa-cmpl-11763011","complaint","2026-09-09","Owner complaint 11763011: GMC SIERRA 1500 2020","GMC SIERRA 1500 2020","I was driving home with my wife. The engine just cut off. No power to the gas pedal. Luckily we were able to coast long enough to find a shoulder to pull off onto. Truck wouldn’t restart. Had to call a tow truck and have it towed to the Chevy dealership. The engine was already repaired once. Ref number 11696129. I just got the truck back and fixed again. So far I’ve had to pay for 2 tows and 2 repairs costing be about 3000 dollars. Both repairs have been done at a Chevy dealership.","https://www.nhtsa.gov/recalls?nhtsaId=11763011","",""
"near","1.0400","porsche-911","2022 Porsche 911 Carrera S (992)","nhtsa-mc-11037073","manufacturer_communication","2026-09-04","Service bulletin TSTR2645","PORSCHE PIWIS TESTER III ","Information on PIWIS Tester update 44.300.021. PIWIS Tester update applies to all Porsche models that have an OBD2 port.","https://www.nhtsa.gov/recalls?nhtsaId=11037073","",""
"near","1.0400","rivian-r1s","2023 Rivian R1S Adventure, Quad-Motor, Large pack","nhtsa-cmpl-11765442","complaint","2026-09-19","Owner complaint 11765442: UNKNOWN UNKNOWN","UNKNOWN UNKNOWN ","I was in the vehicle that was parked in my driveway and the passenger door airbag deployed into my right ear, and there was no crash or anything it just deployed on its own. vehicle was running and I was cleaning the vehicle.","https://www.nhtsa.gov/recalls?nhtsaId=11765442","",""
"near","1.0400","kia-telluride","2022 Kia Telluride SX","nhtsa-cmpl-11761282","complaint","2026-09-01","Owner complaint 11761282: KIA TELLURIDE 2027","KIA TELLURIDE 2027","When backing up the vehicle failed to alert, backed up into another vehicle that was reversing at the same time. Driver on both vehicles failed to see each other and ended up rear ending each other. The system did not function as no alert ever came up on the vehicle. Kia claims to have all the safety features to prevent this and yet it happened while backing out of the house.","https://www.nhtsa.gov/recalls?nhtsaId=11761282","",""
"near","1.0400","jeep-wrangler","2022 Jeep Wrangler Unlimited Rubicon 4xe","nhtsa-mc-11037407","manufacturer_communication","2026-09-21","Warranty program BW2137","BENDIX BENDIX ","LIMITED WARRANTY BENDIX® EVERFLOW® AIR DRYER MODULE","https://www.nhtsa.gov/recalls?nhtsaId=11037407","",""
"near","1.0400","ford-f150","2022 Ford F-150 Lariat SuperCrew","nhtsa-mc-11037413","manufacturer_communication","2026-09-21","Service bulletin SD-13-47672A","BENDIX TABS-6 TRAILER ABS STANDA ","Service Data - Bendix® TABS‑6™ Advanced Multi-Channel (MC) (ABS/TRSP) and MC LITE (ABS Only) Trailer Antilock Braking System (ABS) Modules INTRODUCTION The Bendix® TABS‑6™ Advanced (ADV) Multi-Channel (MC) module (Generation 2) is an integrated, MC (4S/2M) trailer service brake module controller for air-braked, heavy-duty semi trailers that features the Bendix® Antilock Brake System (ABS) and Bendix® Trailer Roll Stability Program (TRSP®). TABS-6 ADV MC offers a LITE version, which provides an ABS-only functionality while keeping the benefits of having a multi-channel system. NOTE: All references to the TABS-6 module in this document – aside from TRSP-related references – also include the MC LITE module. Installed on semi-trailers, the module acts as a relay valve during service braking, but during ABS events, it may intervene to help maintain vehicle stability by modulating brake pressure at the wheel ends. The Bendix TRSP monitors the trailer's motion and reduces the risk of rollovers by automatically applying the brakes when a risk of a rollover is detected. NOTE: The Bendix TRSP is not available for TABS-6 MC LITE.","https://www.nhtsa.gov/recalls?nhtsaId=11037413","",""
"near","1.0400","tesla-model-x","2024 Tesla Model X Plaid","nhtsa-cmpl-11763245","complaint","2026-09-09","Owner complaint 11763245: TESLA MODEL Y 2026","TESLA MODEL Y 2026","The car came to a standstill at an intersection with a red light and the proceeded through the red light. I have the video, the car was on FSD I have the video , cannot load it below.","https://www.nhtsa.gov/recalls?nhtsaId=11763245","",""
"near","1.0400","tesla-model-x","2024 Tesla Model X Plaid","nhtsa-cmpl-11764922","complaint","2026-09-17","Owner complaint 11764922: TESLA MODEL Y 2026","TESLA MODEL Y 2026","On XXX at about 6:14 AM, my 2026 Tesla Model Y drove into a flooded railroad underpass on [XXX] near [XXX], with Full Self-Driving (Supervised) engaged and a navigation route active. It was raining heavily (Newark Airport measured 1.25 in from 5:51 to 6:51 AM), the light was poor around sunrise, and the underpass was dark. The water depth was not apparent to me. At 6:12 AM the National Weather Service had issued a Flash Flood Warning naming [XXX] and listing underpasses. Tesla's data log (my privacy export) records FSD active from 6:12:02, my third FSD session that morning. With FSD active, speed rose from 7 to 27.4 mph between 6:14:04 and 6:14:31, with no accelerator input recorded. Speed then fell sharply (up to about 0.3 g), which I believe is when the car hit the water. FSD stayed active about 8 seconds (200 ft) more; the state changed to ABORTING at 6:14:39, at about 6 mph. I saw no warning, and the export shows none during the approach. We could not drive out. Water rose to about window level and entered the cabin. From 6:17 the log shows restraint system, AEB, ABS, stability and traction control alerts. I lowered a window at about 6:19. At 6:25 the log shows both front door ","https://www.nhtsa.gov/recalls?nhtsaId=11764922","",""
"near","1.0400","porsche-911","2022 Porsche 911 Carrera S (992)","nhtsa-mc-11037076","manufacturer_communication","2026-09-04","Service bulletin TSTR2648","PORSCHE PIWIS TESTER III ","Information on PIWIS Tester update 44.300.035. PIWIS Tester update applies to all Porsche models that have an OBD2 port.","https://www.nhtsa.gov/recalls?nhtsaId=11037076","",""
"near","1.0400","bmw-x5","2021 BMW X5 xDrive45e","nhtsa-mc-11037398","manufacturer_communication","2026-09-21","Service bulletin TCH-11-004","BENDIX ECOCOMPRESSOR ","Aftermarket service kits are available to enhance the robustness of the oil return channel in Bendix® electric compressors, particularly for instances where the oil separator cartridge exhibits corrosion. The oil management kits are recommended for preventive maintenance to maintain optimal compressor performance and as a corrective action to help prevent oil-related issues for both the Bendix® ESM2™ (Electric Screw Module 2) and Bendix® EVM1 (Electric Vane Module 1).","https://www.nhtsa.gov/recalls?nhtsaId=11037398","",""
"near","1.0400","chevy-silverado","2022 Chevrolet Silverado 1500 LT Trail Boss Crew Cab","nhtsa-mc-11037403","manufacturer_communication","2026-09-21","Service bulletin S-1728","BENDIX INTELLIPARK ","Installation Instructions - Bendix® Intellipark® Dash Electronic Control Unit (DECU) Switch Cap Replacement Kit GENERAL This document provides replacement instructions for a Bendix® Intellipark® Dash Electronic Control Unit (DECU) switch cap. The aftermarket service kit, Bendix Part Number K311999, includes one (1) DECU switch cap and two (2) switch labels.","https://www.nhtsa.gov/recalls?nhtsaId=11037403","",""
"near","1.0400","ford-mach-e","2023 Ford Mustang Mach-E GT, extended range","nhtsa-mc-11037420","manufacturer_communication","2026-09-21","Service bulletin TSB 26-2421","FORD MUSTANG MACH E 2024/2025","This bulletin updates 25-2622. Reason for update: * Update the Service Procedure to: - Remove Step related connecting a battery charger - Add Step 7 and Step 29 along with Figure 4 to include mass damper remove and install. * Update the Parts list: - Updated to include rear electric drive assembly studded bolts and nuts to secure the mass damper. Some of the vehicles listed in the Model statement above may exhibit at least one of the following conditions: * Stuck in park * ""Service Vehicle Soon"" message in the instrument panel cluster (IPC) * Illuminated powertrain malfunction (wrench) indicator with diagnostic trouble code (DTC) P07E6:71 stored in the secondary on-board diagnostic control module C (SOBDMC) This may be due to high ground resistance of the park pawl motor.","https://www.nhtsa.gov/recalls?nhtsaId=11037420","",""
"near","1.0400","bmw-x5","2021 BMW X5 xDrive45e","nhtsa-cmpl-11765364","complaint","2026-09-18","Owner complaint 11765364: BMW X5 2018","BMW X5 2018","TWO INCIDENTS ACCURED WITH 24HRS. MY WIFE CALLED ME INFORMING THAT THE 2018 X5 WAS SMOKING FROM THE FRONT AND MAKING A WEIRD NOISE, SHE STOPPED THE VEHICLE AND THE VEHICLE STARTED AGAIN. WHEN SHE GOT HOME, I CHECKED THE UNDER THE HOOD, BUT COULD NOT SEE ANYTHING. BUT, CAN SMELL LIKE BURNED WIRING, BUT NOT VISIBLE. I CONNECTED EV WIRE TO THE VEHICLE AND NEXT MORNING DISCONNECTED THE CABLE AND WHEN I STARTED THE VEHICLE, I SAW SMOKE COMING OUT OF THE INSIDE BOTTOM OF THE REAR WHERE THE BATTERIES ARE LOCATED. I OPENED THE REAR DOOR AND RAISED THE COVER TO SEE SMOKE COMING FROM MELTED WIRING. I IMMEDIATELLY DISCONNECTED ONE OF THE BATTERY WIRES.","https://www.nhtsa.gov/recalls?nhtsaId=11765364","",""
"near","1.0400","ram-2500","2019 Ram 2500 Laramie Crew Cab","nhtsa-mc-11037413","manufacturer_communication","2026-09-21","Service bulletin SD-13-47672A","BENDIX TABS-6 TRAILER ABS STANDA ","Service Data - Bendix® TABS‑6™ Advanced Multi-Channel (MC) (ABS/TRSP) and MC LITE (ABS Only) Trailer Antilock Braking System (ABS) Modules INTRODUCTION The Bendix® TABS‑6™ Advanced (ADV) Multi-Channel (MC) module (Generation 2) is an integrated, MC (4S/2M) trailer service brake module controller for air-braked, heavy-duty semi trailers that features the Bendix® Antilock Brake System (ABS) and Bendix® Trailer Roll Stability Program (TRSP®). TABS-6 ADV MC offers a LITE version, which provides an ABS-only functionality while keeping the benefits of having a multi-channel system. NOTE: All references to the TABS-6 module in this document – aside from TRSP-related references – also include the MC LITE module. Installed on semi-trailers, the module acts as a relay valve during service braking, but during ABS events, it may intervene to help maintain vehicle stability by modulating brake pressure at the wheel ends. The Bendix TRSP monitors the trailer's motion and reduces the risk of rollovers by automatically applying the brakes when a risk of a rollover is detected. NOTE: The Bendix TRSP is not available for TABS-6 MC LITE.","https://www.nhtsa.gov/recalls?nhtsaId=11037413","",""
"near","1.0400","toyota-tacoma","2024 Toyota Tacoma TRD Off-Road Double Cab","nhtsa-cmpl-11765442","complaint","2026-09-19","Owner complaint 11765442: UNKNOWN UNKNOWN","UNKNOWN UNKNOWN ","I was in the vehicle that was parked in my driveway and the passenger door airbag deployed into my right ear, and there was no crash or anything it just deployed on its own. vehicle was running and I was cleaning the vehicle.","https://www.nhtsa.gov/recalls?nhtsaId=11765442","",""
"near","1.0400","bmw-x5","2021 BMW X5 xDrive45e","nhtsa-mc-11036381","manufacturer_communication","2026-08-27","Service bulletin B630526","BMW 530I 2024; BMW 740I 2024; BMW M5 2025; BMW M5 SPORTSWAGON 2025; BMW X1 2024; BMW X2 2024; BMW X3 2024; BMW X5 2024; BMW X6 2024; BMW X7 2024; BMW XM 2024","After programming the vehicle via ISTA/RSUto I-level …26-03-5xx, some of the interiorambient lighting strips (arrows) may begin tofail sporadically after a deep sleep cycle.","https://www.nhtsa.gov/recalls?nhtsaId=11036381","",""
"near","1.0400","jeep-wrangler","2022 Jeep Wrangler Unlimited Rubicon 4xe","nhtsa-mc-11037349","manufacturer_communication","2026-09-17","Service bulletin 9100904","JEEP WRANGLER 2025/2026/2027; JEEP WRANGLER 4XE 2025/2026","Shifter If shifter is having trouble shifting between 1st and 2nd gear, then adjust cables as described in service library.","https://www.nhtsa.gov/recalls?nhtsaId=11037349","",""
"near","1.0400","ford-f150","2022 Ford F-150 Lariat SuperCrew","nhtsa-mc-11037403","manufacturer_communication","2026-09-21","Service bulletin S-1728","BENDIX INTELLIPARK ","Installation Instructions - Bendix® Intellipark® Dash Electronic Control Unit (DECU) Switch Cap Replacement Kit GENERAL This document provides replacement instructions for a Bendix® Intellipark® Dash Electronic Control Unit (DECU) switch cap. The aftermarket service kit, Bendix Part Number K311999, includes one (1) DECU switch cap and two (2) switch labels.","https://www.nhtsa.gov/recalls?nhtsaId=11037403","",""
"near","1.0400","jeep-wrangler","2022 Jeep Wrangler Unlimited Rubicon 4xe","nhtsa-cmpl-11765416","complaint","2026-09-18","Owner complaint 11765416: JEEP WRANGLER 2023","JEEP WRANGLER 2023","After a recent recall (68C) the vehicle performance has greatly deteriorated. The ELEC mode propulsion has been limited, the internal combustion engine (ICE) engages much sooner than previous. Instead of a 'warm-up' cycle for the ICE, it feels as though there is actual clutch engagement, but with limited power. I feel this could have the potential to accelerate engine wear with a 'cold' engine with rapid engagement, as well as increased fuel/oil dilution (inherent with direct injection turbo engines). In turn, causing the vehicle to experience Fuel Oil Refresh Mode (FORM) more frequently, due to short, repetitive engine cycles. Additionally, the regenerative braking has been cut in half, leading to a decrease in electric charger egeneration to the HV battery, as well as decreased range and power. It is most obvious in stop and go traffic, when attempting to pull out in traffic, as well as when attempting to merge onto a highway or interstate. I feel, without intervention, the current vehicle performance will certainly lead to increased mechanical issues, a potential for frequent service department visits, as well as an increased potential for probable incidents/accidents during ope","https://www.nhtsa.gov/recalls?nhtsaId=11765416","",""
"near","1.0400","rivian-r1s","2023 Rivian R1S Adventure, Quad-Motor, Large pack","nhtsa-mc-11037403","manufacturer_communication","2026-09-21","Service bulletin S-1728","BENDIX INTELLIPARK ","Installation Instructions - Bendix® Intellipark® Dash Electronic Control Unit (DECU) Switch Cap Replacement Kit GENERAL This document provides replacement instructions for a Bendix® Intellipark® Dash Electronic Control Unit (DECU) switch cap. The aftermarket service kit, Bendix Part Number K311999, includes one (1) DECU switch cap and two (2) switch labels.","https://www.nhtsa.gov/recalls?nhtsaId=11037403","",""
"near","1.0400","ram-2500","2019 Ram 2500 Laramie Crew Cab","nhtsa-mc-11037050","manufacturer_communication","2026-09-04","Service bulletin IDO-650","EQUIPMENT EQUIPMENT ","Lippert is consolidating the current Deli Vertical (PN 433521) and Deli Horizontal (PN 433523) hydraulic power units into a single universal low flow power unit, Deli Universal LFP (PN 2025000013)","https://www.nhtsa.gov/recalls?nhtsaId=11037050","",""
"near","1.0400","chevy-silverado","2022 Chevrolet Silverado 1500 LT Trail Boss Crew Cab","nhtsa-mc-11037407","manufacturer_communication","2026-09-21","Warranty program BW2137","BENDIX BENDIX ","LIMITED WARRANTY BENDIX® EVERFLOW® AIR DRYER MODULE","https://www.nhtsa.gov/recalls?nhtsaId=11037407","",""
"near","1.0400","chevy-silverado","2022 Chevrolet Silverado 1500 LT Trail Boss Crew Cab","nhtsa-cmpl-11761152","complaint","2026-08-31","Owner complaint 11761152: CHEVROLET SILVERADO 1500 2025","CHEVROLET SILVERADO 1500 2025","The engine has been using atleast 1 quart of oil every 2000 miles. This is put my maintenance cost way above the estimated maintenance cost projected by the manufacturer This oil usage is also causing premature engine wear as it's a quart low every 2000 miles. Dealer responses was this is normal for this engine. I went back and forth with the about estimated maintenance cost and ofcourse there responses was it estimated, well that's a very inaccurate estimate or willful lie. Idk just not happy about it.","https://www.nhtsa.gov/recalls?nhtsaId=11761152","",""
"near","1.0400","chevy-silverado","2022 Chevrolet Silverado 1500 LT Trail Boss Crew Cab","nhtsa-cmpl-11765208","complaint","2026-09-18","Owner complaint 11765208: CHEVROLET SUBURBAN 2019","CHEVROLET SUBURBAN 2019","vehicle SUFFERED AN ENGINE FAILURE, which I believe is same problem as GM SUVs made from 2021 to 2024 for which recall exist . Engine that failed was 6.2L V8 / L87","https://www.nhtsa.gov/recalls?nhtsaId=11765208","",""
"near","1.0400","ford-f150","2022 Ford F-150 Lariat SuperCrew","nhtsa-mc-11036530","manufacturer_communication","2026-09-01","Service bulletin SSM 55100","FORD BRONCO 2021/2022/2023/2024/2025/2026; FORD BRONCO SPORT 2021/2022/2023/2024/2025/2026; FORD ESCAPE 2020/2021/2022/2023/2024/2025/2026; FORD EXPEDITION 2020/2021/2022/2023/2024/2025/2026; FORD EXPLORER 2020/2021/2022/2023/2024/2025/2026; FORD F-150 2021/2022/2023/2024/2025/2026; FORD F-250 SD 2023/2024/2025/2026; FORD F-350 SD 2023/2024/2025/2026; FORD F-450 SD 2023/2024/2025/2026; FORD F-550 SD 2023/2024/2025/2026; FORD MAVERICK 2022/2023/2024/2025/2026; FORD MAVERICK HYBRID 2022/2023/2024/2025/2026","For Various Ford and Lincoln vehicles, if diagnostics lead to the replacement of the front seat cushion cover J-clips, lower-level service parts are now available. Use service part W709919-S901 if the J-clip is completely detached from the seat cover and W715386-S424 if the clip is still partially attached. It is not necessary to replace the seat cover if only the J-clip is separating from the cover. Refer to PTS Home > Technical Assistance > Technical Support Videos > Section 501- Body and Paint > Seat J-Clips. For claiming, use causal parts from list below and labor operations 63100A and 63100A5. Causal Parts for claiming: Bronco/Bronco Sport/Escape/Explorer/Expedition/Navigator: 7862900 or 7862901 F-150/F-Super Duty: 1562900 or 1562901 Ranger/Maverick: 6062900 or 6062901","https://www.nhtsa.gov/recalls?nhtsaId=11036530","",""
"near","1.0400","chevy-silverado","2022 Chevrolet Silverado 1500 LT Trail Boss Crew Cab","nhtsa-mc-11037258","manufacturer_communication","2026-09-10","Service bulletin PIT6545","CHEVROLET CORVETTE 2024/2025; CHEVROLET SILVERADO 1500 2022/2023/2024/2025/2026; CHEVROLET SILVERADO 2500 2024/2025/2026; CHEVROLET SILVERADO 3500 2024/2025/2026; CHEVROLET SUBURBAN 1500 2022/2023/2024; CHEVROLET TAHOE 2022/2023/2024; GMC HUMMER EV PICKUP 2022/2023/2024/2025; GMC HUMMER EV SUV 2024/2025; GMC SIERRA 1500 2022/2023/2024/2025/2026; GMC SIERRA 2500 2024/2025/2026; GMC SIERRA 3500 2024/2025/2026; GMC YUKON 2022/2023/2024","This PI is created to inform GM dealers that some vehicles may intermittently fail to connect wireless Apple CarPlay or Android Auto after Bluetooth pairing during the first key cycle. The condition is caused by a software anomaly. Do not replace parts. Engineering is investigating the root cause; customers may continue to drive the vehicle. This PI will be updated or replaced by a TSB once a resolution is determined.","https://www.nhtsa.gov/recalls?nhtsaId=11037258","",""
"near","1.0400","kia-telluride","2022 Kia Telluride SX","nhtsa-mc-11037050","manufacturer_communication","2026-09-04","Service bulletin IDO-650","EQUIPMENT EQUIPMENT ","Lippert is consolidating the current Deli Vertical (PN 433521) and Deli Horizontal (PN 433523) hydraulic power units into a single universal low flow power unit, Deli Universal LFP (PN 2025000013)","https://www.nhtsa.gov/recalls?nhtsaId=11037050","",""
"near","1.0400","chevy-silverado","2022 Chevrolet Silverado 1500 LT Trail Boss Crew Cab","nhtsa-mc-11037408","manufacturer_communication","2026-09-21","Warranty program BW2079","BENDIX TRAILER SYSTEM GUARD ","LIMITED WARRANTY TRAILER SYSTEM-GUARD® AIR DRYER AND CYCLONE DURADRAIN® WATER SEPARATOR","https://www.nhtsa.gov/recalls?nhtsaId=11037408","",""
"near","1.0400","chevy-silverado","2022 Chevrolet Silverado 1500 LT Trail Boss Crew Cab","nhtsa-mc-11036704","manufacturer_communication","2026-09-02","Service bulletin PIT6529B","CADILLAC ESCALADE 2023/2024; CADILLAC ESCALADE ESV 2023/2024; CHEVROLET SILVERADO 1500 2023/2024/2025/2026; CHEVROLET SUBURBAN 2023/2024; CHEVROLET TAHOE 2023/2024; GMC SIERRA 1500 2023/2024/2025/2026; GMC YUKON 2023/2024; GMC YUKON XL 2023/2024","This PI was created to address an Intermittent Loss of Connectivity, GPS, or Wi-Fi Due to OnStar Module concern.","https://www.nhtsa.gov/recalls?nhtsaId=11036704","",""
"near","1.0400","tesla-model-x","2024 Tesla Model X Plaid","nhtsa-cmpl-11764259","complaint","2026-09-14","Owner complaint 11764259: TESLA MODEL Y 2026","TESLA MODEL Y 2026","On September 11, 2026 at 5:11:51 PM in San Jose, CA, FSD (Supervised) had been engaged continuously for 23 minutes. The vehicle was traveling straight in its lane at 32 mph and still accelerating. FSD disengaged with no takeover warning: no visual alert, no chime. My data export from the manufacturer (200 ms resolution) confirms the timestamp and shows the driver-monitoring channel never entered either of its warning states during the drive, though both appear elsewhere in my data. Nothing I did caused it. Steering torque stayed within sensor noise, with no rightward torque at any point. First brake application was 5.56 seconds after; first accelerator input 15.5 seconds after; no steering wheel button events near the event. Immediately afterward the steering angle moved about 7 degrees right over five seconds with my torque still near zero. The vehicle left its lane toward parked cars and came very close to striking them. No forward collision warning, no automatic emergency braking. I braked manually and stopped. I re-engaged FSD 36 seconds later and again two minutes later. Both times it steered right again and I disengaged. No warning lamps or messages appeared before any of thi","https://www.nhtsa.gov/recalls?nhtsaId=11764259","",""
"near","1.0400","honda-crv","2023 Honda CR-V Sport Touring Hybrid","nhtsa-cmpl-11764493","complaint","2026-09-15","Owner complaint 11764493: HONDA PILOT 2026","HONDA PILOT 2026","When turning steering there is a clicking noise almost like a spring clicking on a gear. It is sound like it is coming from under the middle part where the airbag sits. Not sure if it is the airbag mechanism that it is the attached to the steering or a faulty clock spring.","https://www.nhtsa.gov/recalls?nhtsaId=11764493","",""
"near","1.0400","chevy-silverado","2022 Chevrolet Silverado 1500 LT Trail Boss Crew Cab","nhtsa-cmpl-11766547","complaint","2026-09-23","Owner complaint 11766547: CHEVROLET SILVERADO 1500 2021","CHEVROLET SILVERADO 1500 2021","According to 2 mechanics- including a body shop - the frame has prematurely rusted due to: TSB 19-NA-255 - Wax Coating on Frame Peeling, Metal Shows Corrosion/Rusting There's so much damage to a 2021 truck, that it may not survive this winter. The frame welds are breaking due to the lack of frame protection. I asked my dealership, Lamoille Valley Chevrolet 868 VT RT 15E HYDE PARK, VT 05655, on two separate occasions to check for damage. One time they made no report, the second time they told me it was normal wear and tear. I've been told trucks 20 years older than mine, are in better condition. There was no protection for this frame.","https://www.nhtsa.gov/recalls?nhtsaId=11766547","",""
"near","1.0400","subaru-outback","2020 Subaru Outback Premium","nhtsa-rcl-26E064000","recall","2026-09-10","Recall 26E064000: STRUCTURE:BODY:ROOF AND PILLARS","MOPAR ROOF RACK KIT ","Chrysler (FCA US, LLC) is recalling certain MOPAR roof rack kits with part numbers 68747056AA, 68529228AA, 68529228AB, 68442426AA, 68442426AB, and 68442426AC. The pivot bolts for the roof rack crossbars may not have been tightened properly, allowing them to detach.","https://www.nhtsa.gov/recalls?nhtsaId=26E064000","",""
"near","1.0400","kia-telluride","2022 Kia Telluride SX","nhtsa-mc-11037408","manufacturer_communication","2026-09-21","Warranty program BW2079","BENDIX TRAILER SYSTEM GUARD ","LIMITED WARRANTY TRAILER SYSTEM-GUARD® AIR DRYER AND CYCLONE DURADRAIN® WATER SEPARATOR","https://www.nhtsa.gov/recalls?nhtsaId=11037408","",""
"near","1.0400","chevy-silverado","2022 Chevrolet Silverado 1500 LT Trail Boss Crew Cab","nhtsa-cmpl-11760151","complaint","2026-08-27","Owner complaint 11760151: CHEVROLET SILVERADO 1500 2024","CHEVROLET SILVERADO 1500 2024","The contact owns a 2024 Chevrolet Silverado. The contact stated that while driving at 69 MPH when the vehicle experienced a total loss of automotive power and all of the warning lights were illuminated; a message was displayed on the instrument panel ""Reduce Acceleration, Drive with Care"" and the vehicle was towed to a local dealer where it was diagnosed and the contact was advised that engine had experienced catastrophic engine failure as a result of the pistons and rods exploding into the engine, and that the engine would have to be replaced. The vehicle was repaired, however the check engine warning light had remained illuminated. The manufacturer was notified of the failure. The failure mileage was 7,948.","https://www.nhtsa.gov/recalls?nhtsaId=11760151","",""
"near","1.0400","ford-f150","2022 Ford F-150 Lariat SuperCrew","nhtsa-cmpl-11760203","complaint","2026-08-28","Owner complaint 11760203: FORD F-150 2026","FORD F-150 2026","Received vehicle back from dealer saying prior brake problems had been repaired and confirmed with Ford Engineers. Drove approximately 3 miles before brakes failed again and I was not able to stop at the intersection. Avoided an accident, but had vehicle towed again to be repaired. This is the third complete brake failure in less than 300 miles on the vehicle.","https://www.nhtsa.gov/recalls?nhtsaId=11760203","",""
"near","1.0400","jeep-wrangler","2022 Jeep Wrangler Unlimited Rubicon 4xe","nhtsa-mc-11037364","manufacturer_communication","2026-09-17","Manufacturer communication OTHERDOC_177","JEEP GLADIATOR 2026/2027; JEEP WRANGLER 2026/2027; JEEP WRANGLER 4XE 2026","Radio Over The Air Update to U43.17 R1H Software Version (FOTA) Customers may experience one or more of the following:- Navigation Stability - Android Auto & Carplay stability & connectivity- Distorted/glitchy display prior to start‑up animation- Text appearance display- Widget incorrect display- Turn signal blind spot response timing- Audio cut out - Drive Modes selection- Park assist Guidelines selction","https://www.nhtsa.gov/recalls?nhtsaId=11037364","",""
"near","1.0400","ford-mach-e","2023 Ford Mustang Mach-E GT, extended range","nhtsa-cmpl-11765442","complaint","2026-09-19","Owner complaint 11765442: UNKNOWN UNKNOWN","UNKNOWN UNKNOWN ","I was in the vehicle that was parked in my driveway and the passenger door airbag deployed into my right ear, and there was no crash or anything it just deployed on its own. vehicle was running and I was cleaning the vehicle.","https://www.nhtsa.gov/recalls?nhtsaId=11765442","",""
"near","1.0400","chevy-silverado","2022 Chevrolet Silverado 1500 LT Trail Boss Crew Cab","nhtsa-cmpl-11760255","complaint","2026-08-28","Owner complaint 11760255: CHEVROLET SILVERADO 2500 2020","CHEVROLET SILVERADO 2500 2020","The contact owns a 2020 Chevrolet Silverado 2500. The contact stated that while driving at an undisclosed speed, the transmission was slipping and shifting hard. The contact associated the failure with NHTSA Campaign Number: 26V083000 (Power Train); however, the VIN was not included. The dealer was notified of the failure, but the vehicle was not diagnosed or repaired. The manufacturer was not notified of the failure. The failure mileage was approximately 120,000.","https://www.nhtsa.gov/recalls?nhtsaId=11760255","",""
"near","1.0400","ford-f150","2022 Ford F-150 Lariat SuperCrew","nhtsa-mc-11037408","manufacturer_communication","2026-09-21","Warranty program BW2079","BENDIX TRAILER SYSTEM GUARD ","LIMITED WARRANTY TRAILER SYSTEM-GUARD® AIR DRYER AND CYCLONE DURADRAIN® WATER SEPARATOR","https://www.nhtsa.gov/recalls?nhtsaId=11037408","",""
"near","1.0400","tesla-model-x","2024 Tesla Model X Plaid","nhtsa-cmpl-11765442","complaint","2026-09-19","Owner complaint 11765442: UNKNOWN UNKNOWN","UNKNOWN UNKNOWN ","I was in the vehicle that was parked in my driveway and the passenger door airbag deployed into my right ear, and there was no crash or anything it just deployed on its own. vehicle was running and I was cleaning the vehicle.","https://www.nhtsa.gov/recalls?nhtsaId=11765442","",""
"near","1.0400","chevy-silverado","2022 Chevrolet Silverado 1500 LT Trail Boss Crew Cab","nhtsa-mc-11037404","manufacturer_communication","2026-09-21","Manufacturer communication BW8246","BENDIX WINGMAN ADVANCE ","Bendix® Fusion™ Active Safety System with Pedestrian Autonomous Emergency Braking (PAEB) Operator’s Manual This Operator’s Manual provides an overview of the Bendix® Fusion™ Active Safety System with Pedestrian Autonomous Emergency Braking (PAEB). This manual explains the components, features, functions, and known system limitations. There are also example descriptions and explanations of the audio and visual alerts and system interventions that can be expected during operation. Read this manual thoroughly before operating the system. Be familiar with the possible system actions, alerts, and its limitations. Keep this manual in the vehicle as a reference at all times. See Figure 1 for an example of the messages you may see on the integrated display when the Fusion system is initializing.","https://www.nhtsa.gov/recalls?nhtsaId=11037404","",""
"near","1.0400","ram-2500","2019 Ram 2500 Laramie Crew Cab","nhtsa-mc-11037411","manufacturer_communication","2026-09-21","Warranty program BW1317","BENDIX 750 AIR COMPRESSOR ; BENDIX BA-921 COMPRESSOR ; BENDIX BENDIX ","LIMITED WARRANTY ORIGINAL EQUIPMENT (OE), SERVICE NEW, AND REMANUFACTURED BENDIX® COMPRESSORS","https://www.nhtsa.gov/recalls?nhtsaId=11037411","",""
"near","1.0400","bmw-x5","2021 BMW X5 xDrive45e","nhtsa-cmpl-11765442","complaint","2026-09-19","Owner complaint 11765442: UNKNOWN UNKNOWN","UNKNOWN UNKNOWN ","I was in the vehicle that was parked in my driveway and the passenger door airbag deployed into my right ear, and there was no crash or anything it just deployed on its own. vehicle was running and I was cleaning the vehicle.","https://www.nhtsa.gov/recalls?nhtsaId=11765442","",""
"near","1.0400","ford-f150","2022 Ford F-150 Lariat SuperCrew","nhtsa-mc-11036601","manufacturer_communication","2026-09-02","Service bulletin SSM 55131","FORD EXPEDITION 2025/2026; FORD EXPLORER 2026; FORD F-150 2024/2025/2026; FORD MUSTANG MACH E 2026; LINCOLN AVIATOR 2026; LINCOLN NAUTILUS 2024/2025/2026; LINCOLN NAVIGATOR 2025/2026","Some 2025-2026 Aviator/Explorer/Expedition/F-150/Mustang Mach-E/Nautilus/Navigator vehicles may exhibit the hands-free BlueCruise feature intermittently/consistently unavailable when BlueCruise is active and when traveling in a ""Blue Zone"". Speed sign recognition may also be inaccurate. If there are no active relevant diagnostic trouble codes (DTC) present and the issue persists after multiple key cycles and if the BlueCruise System Health Check passes, download and run the ""TCU - Reset Telematics Control Unit (TCU) Module"" application using the latest software level of the Ford Diagnosis and Repair System (FDRS). If the condition is resolved, inform customers that this may be a temporary fix and engineering is currently working on a solution expected in Q4 2026. Monitor Professional Technician System (PTS) for additional information and schedule service appointments for customers once the repair becomes available. For claiming, use causal 14G229 and labor operations 12651D and 12651D4. If the condition persists after a test drive, refer to Workshop Manual (WSM), Section 419-03B for normal","https://www.nhtsa.gov/recalls?nhtsaId=11036601","",""
"near","1.0400","bmw-x5","2021 BMW X5 xDrive45e","nhtsa-mc-11037407","manufacturer_communication","2026-09-21","Warranty program BW2137","BENDIX BENDIX ","LIMITED WARRANTY BENDIX® EVERFLOW® AIR DRYER MODULE","https://www.nhtsa.gov/recalls?nhtsaId=11037407","",""
"near","1.0400","bmw-x5","2021 BMW X5 xDrive45e","nhtsa-mc-11037403","manufacturer_communication","2026-09-21","Service bulletin S-1728","BENDIX INTELLIPARK ","Installation Instructions - Bendix® Intellipark® Dash Electronic Control Unit (DECU) Switch Cap Replacement Kit GENERAL This document provides replacement instructions for a Bendix® Intellipark® Dash Electronic Control Unit (DECU) switch cap. The aftermarket service kit, Bendix Part Number K311999, includes one (1) DECU switch cap and two (2) switch labels.","https://www.nhtsa.gov/recalls?nhtsaId=11037403","",""
"near","1.0400","ram-2500","2019 Ram 2500 Laramie Crew Cab","nhtsa-mc-11037398","manufacturer_communication","2026-09-21","Service bulletin TCH-11-004","BENDIX ECOCOMPRESSOR ","Aftermarket service kits are available to enhance the robustness of the oil return channel in Bendix® electric compressors, particularly for instances where the oil separator cartridge exhibits corrosion. The oil management kits are recommended for preventive maintenance to maintain optimal compressor performance and as a corrective action to help prevent oil-related issues for both the Bendix® ESM2™ (Electric Screw Module 2) and Bendix® EVM1 (Electric Vane Module 1).","https://www.nhtsa.gov/recalls?nhtsaId=11037398","",""
"near","1.0400","chevy-silverado","2022 Chevrolet Silverado 1500 LT Trail Boss Crew Cab","nhtsa-mc-11037401","manufacturer_communication","2026-09-21","Service bulletin SD-13-4767","BENDIX TABS-6 TRAILER ABS STANDA ","Service Data - Bendix® TABS-6™ Standard and Premium Trailer ABS Modules INTRODUCTION The Bendix® TABS-6™ module is an integrated trailer ABS controller and modulator for air-braked heavy-duty trailers, semi-trailers and dollies. The module acts as a relay valve during normal braking, but during ABS events, it will intervene to help improve stability. All modules include an Electronic Control Unit (ECU) and Modulator Relay Valve (MRV) which are integrated into a single self-contained 2S/1M (two-sensor, one modulator) trailer ABS unit. The Premium Bendix TABS‑6 module is auto-configurable to control more sensors and modulators (up to 4S/3M) from its default 2S/1M.","https://www.nhtsa.gov/recalls?nhtsaId=11037401","",""
"near","1.0400","ford-bronco","2023 Ford Bronco Badlands 4-Door","nhtsa-mc-11037398","manufacturer_communication","2026-09-21","Service bulletin TCH-11-004","BENDIX ECOCOMPRESSOR ","Aftermarket service kits are available to enhance the robustness of the oil return channel in Bendix® electric compressors, particularly for instances where the oil separator cartridge exhibits corrosion. The oil management kits are recommended for preventive maintenance to maintain optimal compressor performance and as a corrective action to help prevent oil-related issues for both the Bendix® ESM2™ (Electric Screw Module 2) and Bendix® EVM1 (Electric Vane Module 1).","https://www.nhtsa.gov/recalls?nhtsaId=11037398","",""
"near","1.0400","bmw-x5","2021 BMW X5 xDrive45e","nhtsa-mc-11036453","manufacturer_communication","2026-08-28","Manufacturer communication B010226DCS","BMW X3 2019/2020; BMW X4 2019/2020; BMW X5 2019/2020; BMW X6 2019/2020; BMW X7 2019/2020","BMW Notice of the Court’s Final Approval for Shark-Fin Antenna Settlement (X3, X4, X5, X6, X7)","https://www.nhtsa.gov/recalls?nhtsaId=11036453","",""
"near","1.0400","jeep-wrangler","2022 Jeep Wrangler Unlimited Rubicon 4xe","nhtsa-cmpl-11765364","complaint","2026-09-18","Owner complaint 11765364: BMW X5 2018","BMW X5 2018","TWO INCIDENTS ACCURED WITH 24HRS. MY WIFE CALLED ME INFORMING THAT THE 2018 X5 WAS SMOKING FROM THE FRONT AND MAKING A WEIRD NOISE, SHE STOPPED THE VEHICLE AND THE VEHICLE STARTED AGAIN. WHEN SHE GOT HOME, I CHECKED THE UNDER THE HOOD, BUT COULD NOT SEE ANYTHING. BUT, CAN SMELL LIKE BURNED WIRING, BUT NOT VISIBLE. I CONNECTED EV WIRE TO THE VEHICLE AND NEXT MORNING DISCONNECTED THE CABLE AND WHEN I STARTED THE VEHICLE, I SAW SMOKE COMING OUT OF THE INSIDE BOTTOM OF THE REAR WHERE THE BATTERIES ARE LOCATED. I OPENED THE REAR DOOR AND RAISED THE COVER TO SEE SMOKE COMING FROM MELTED WIRING. I IMMEDIATELLY DISCONNECTED ONE OF THE BATTERY WIRES.","https://www.nhtsa.gov/recalls?nhtsaId=11765364","",""
"near","1.0400","jeep-wrangler","2022 Jeep Wrangler Unlimited Rubicon 4xe","nhtsa-mc-11036566","manufacturer_communication","2026-09-01","Service bulletin ITS61263","MCI J4500 2019/2020/2021/2022/2023","ITS to replace the neck fill assembly with a new design which resolves a possible splashback issue at higher fuel flow rates, without the need for fuel tank removal.","https://www.nhtsa.gov/recalls?nhtsaId=11036566","",""
"near","1.0400","kia-telluride","2022 Kia Telluride SX","nhtsa-cmpl-11765442","complaint","2026-09-19","Owner complaint 11765442: UNKNOWN UNKNOWN","UNKNOWN UNKNOWN ","I was in the vehicle that was parked in my driveway and the passenger door airbag deployed into my right ear, and there was no crash or anything it just deployed on its own. vehicle was running and I was cleaning the vehicle.","https://www.nhtsa.gov/recalls?nhtsaId=11765442","",""
"near","1.0400","tesla-model-x","2024 Tesla Model X Plaid","nhtsa-cmpl-11761711","complaint","2026-09-02","Owner complaint 11761711: TESLA MODEL X 2020","TESLA MODEL X 2020","On September 2, 2026 at 2:25 PM, my 2020 Tesla Model X Performance was operating under Tesla Smart Summon in a parking lot in Carrollton, Texas. I was outside the vehicle, maintained a clear line of sight at all times, and actively supervised the vehicle through the Tesla mobile app. No one was inside the Tesla. While Smart Summon was pulling the vehicle out of a parking space and turning into the driving aisle, the passenger side of my Tesla contacted the rear corner of an adjacent stationary parked vehicle. As soon as I observed the contact, I immediately stopped the Smart Summon operation. Both vehicles sustained property damage. The adjacent vehicle had been stationary and visible throughout the maneuver. I am reporting this because Smart Summon failed to maintain sufficient clearance from a stationary parked vehicle while maneuvering out of the parking space.","https://www.nhtsa.gov/recalls?nhtsaId=11761711","",""
"near","1.0400","rivian-r1s","2023 Rivian R1S Adventure, Quad-Motor, Large pack","nhtsa-mc-11037408","manufacturer_communication","2026-09-21","Warranty program BW2079","BENDIX TRAILER SYSTEM GUARD ","LIMITED WARRANTY TRAILER SYSTEM-GUARD® AIR DRYER AND CYCLONE DURADRAIN® WATER SEPARATOR","https://www.nhtsa.gov/recalls?nhtsaId=11037408","",""
"near","1.0400","ford-f150","2022 Ford F-150 Lariat SuperCrew","nhtsa-mc-11036529","manufacturer_communication","2026-09-01","Service bulletin SSM 55118","FORD BRONCO 2024/2025/2026; FORD EXPLORER 2025; FORD F-150 2024/2025; FORD F-250 SD 2023/2024/2025; FORD F-350 SD 2023/2024/2025; FORD F-450 SD 2023/2024/2025; FORD F-550 SD 2023/2024/2025; FORD MUSTANG 2024/2025/2026; FORD RANGER 2024/2025/2026; LINCOLN AVIATOR 2025; LINCOLN NAUTILUS 2024/2025","Some of the following vehicles: * 2023-2025 F-Super Duty built on or before 02-Feb-2025 * 2024-2026 Ranger/Bronco/Mustang * 2024-2025 F-150 built on or before 15-Jul-2025 * 2024-2025 Nautilus built on or before 16-Feb-2025 * 2025 Explorer/Aviator built on or before 01-Feb-2025 may exhibit all of the following symptoms: - ""No Key Detected"" message displayed on the instrument panel cluster (IPC). - Key fob does not work in the backup slot. - Remote keyless entry (RKE) (lock and unlock from the key fob) functionality will work to lock/unlock the vehicle. If the vehicle exhibits these symptoms, start the vehicle using both key fobs. If the no crank/no start condition with ""No Key Detected"" concern is present, reprogram both key fobs and retest. If the no crank/no start condition with ""No Key Detected"" is still present, replace the body control module (BCM). Refer to Workshop Manual (WSM), Section 419-10. For claiming, use causal part 15604 and labor operation MT55118SSM up to 1.8 hours.","https://www.nhtsa.gov/recalls?nhtsaId=11036529","",""
"near","1.0400","subaru-outback","2020 Subaru Outback Premium","nhtsa-mc-11037398","manufacturer_communication","2026-09-21","Service bulletin TCH-11-004","BENDIX ECOCOMPRESSOR ","Aftermarket service kits are available to enhance the robustness of the oil return channel in Bendix® electric compressors, particularly for instances where the oil separator cartridge exhibits corrosion. The oil management kits are recommended for preventive maintenance to maintain optimal compressor performance and as a corrective action to help prevent oil-related issues for both the Bendix® ESM2™ (Electric Screw Module 2) and Bendix® EVM1 (Electric Vane Module 1).","https://www.nhtsa.gov/recalls?nhtsaId=11037398","",""
"near","1.0400","ford-bronco","2023 Ford Bronco Badlands 4-Door","nhtsa-mc-11036530","manufacturer_communication","2026-09-01","Service bulletin SSM 55100","FORD BRONCO 2021/2022/2023/2024/2025/2026; FORD BRONCO SPORT 2021/2022/2023/2024/2025/2026; FORD ESCAPE 2020/2021/2022/2023/2024/2025/2026; FORD EXPEDITION 2020/2021/2022/2023/2024/2025/2026; FORD EXPLORER 2020/2021/2022/2023/2024/2025/2026; FORD F-150 2021/2022/2023/2024/2025/2026; FORD F-250 SD 2023/2024/2025/2026; FORD F-350 SD 2023/2024/2025/2026; FORD F-450 SD 2023/2024/2025/2026; FORD F-550 SD 2023/2024/2025/2026; FORD MAVERICK 2022/2023/2024/2025/2026; FORD MAVERICK HYBRID 2022/2023/2024/2025/2026","For Various Ford and Lincoln vehicles, if diagnostics lead to the replacement of the front seat cushion cover J-clips, lower-level service parts are now available. Use service part W709919-S901 if the J-clip is completely detached from the seat cover and W715386-S424 if the clip is still partially attached. It is not necessary to replace the seat cover if only the J-clip is separating from the cover. Refer to PTS Home > Technical Assistance > Technical Support Videos > Section 501- Body and Paint > Seat J-Clips. For claiming, use causal parts from list below and labor operations 63100A and 63100A5. Causal Parts for claiming: Bronco/Bronco Sport/Escape/Explorer/Expedition/Navigator: 7862900 or 7862901 F-150/F-Super Duty: 1562900 or 1562901 Ranger/Maverick: 6062900 or 6062901","https://www.nhtsa.gov/recalls?nhtsaId=11036530","",""
"near","1.0400","chevy-silverado","2022 Chevrolet Silverado 1500 LT Trail Boss Crew Cab","nhtsa-cmpl-11762998","complaint","2026-09-09","Owner complaint 11762998: CHEVROLET SILVERADO 1500 2021","CHEVROLET SILVERADO 1500 2021","Following recall review by the dealership, experienced sudden, catastrophic engine failure nearly stranding me on the road with my son. Awaiting final diagnostics from the dealership, but every indication, errors, and symptoms align with all the other complaints that I have reviewed on line for the make/model of my vehicle. Recall assessment and corrective actions ineffective resolving engine failure.","https://www.nhtsa.gov/recalls?nhtsaId=11762998","",""
"near","1.0400","ford-f150","2022 Ford F-150 Lariat SuperCrew","nhtsa-cmpl-11760385","complaint","2026-08-28","Owner complaint 11760385: FORD F-150 HYBRID 2021","FORD F-150 HYBRID 2021","My vehicle experienced significant transmission shift issues, skipping gears, stuck in gears, going to wrong gears, and inability to shift, that left me disabled in intersections multiple times. The situation worsened over time and had to have the transmission replaced. The failure was diagnosed as a CDF coupling failure.","https://www.nhtsa.gov/recalls?nhtsaId=11760385","",""
"near","1.0400","toyota-camry","2023 Toyota Camry SE","nhtsa-mc-11037186","manufacturer_communication","2026-09-09","Warranty program 24TE04","TOYOTA AVALON 2019/2020/2021; TOYOTA AVALON HYBRID 2019/2020/2021; TOYOTA CAMRY 2018/2019/2020/2021; TOYOTA CAMRY HYBRID 2018/2019/2020/2021; TOYOTA COROLLA 2020/2021; TOYOTA COROLLA HATCHBACK 2019/2020/2021; TOYOTA HIGHLANDER HYBRID 2020/2021; TOYOTA RAV4 2019/2020/2021; TOYOTA RAV4 HYBRID 2019/2020/2021; TOYOTA RAV4 PRIME 2021; TOYOTA SIENNA HYBRID 2021; TOYOTA VENZA HYBRID 2021","Although the flow shut-off valve is covered by Toyota’s New Vehicle Limited Warranty for 36 months or 36,000 miles (whichever comes first), we at Toyota care about the customers’ ownership experience. Toyota is providing coverage for repairs related to Flow Shut-off Valve Coolant Leak.","https://www.nhtsa.gov/recalls?nhtsaId=11037186","",""
"near","1.0400","rivian-r1s","2023 Rivian R1S Adventure, Quad-Motor, Large pack","nhtsa-rcl-26E064000","recall","2026-09-10","Recall 26E064000: STRUCTURE:BODY:ROOF AND PILLARS","MOPAR ROOF RACK KIT ","Chrysler (FCA US, LLC) is recalling certain MOPAR roof rack kits with part numbers 68747056AA, 68529228AA, 68529228AB, 68442426AA, 68442426AB, and 68442426AC. The pivot bolts for the roof rack crossbars may not have been tightened properly, allowing them to detach.","https://www.nhtsa.gov/recalls?nhtsaId=26E064000","",""
"near","1.0400","ram-2500","2019 Ram 2500 Laramie Crew Cab","nhtsa-cmpl-11765195","complaint","2026-09-18","Owner complaint 11765195: RAM 2500 2018","RAM 2500 2018","This recall has been in effect for almost two years. I have been affected for the past year with almost constant warning alarms distracting my attention to drive. The Chrysler Mechanic did diagnose that my ABS system has failed but t hat a remedy was, and still is not available. In the meantime I rarely my 2500 RAM Diesel because I have no ABS, cruise control or the ability to disable the traction control. The mechanic was not able to turn the alarm off and turning up the radio is not a safe option either. I drive many highway miles and often transport my Grandchildren to and fro. The latter is the reason I bought a heavy duty vehicle for safety. Due to the weight of my truck, without cruise control it is challenging to maintain consistent speeds on the highways and I am a nuisance to most drivers which has caused more than one bad reaction from other drivers. Not to mention the loss of 3 to 4 MPG of diesel. Recently my second vehicle is getting repairs and I am having to use my RAM exclusively. The recall center agreed that I have safety issues with my vehicle and offered me a rental, but after providing the requested information downloaded from the truck by the certified mechanic","https://www.nhtsa.gov/recalls?nhtsaId=11765195","",""
"near","1.0400","porsche-911","2022 Porsche 911 Carrera S (992)","nhtsa-mc-11037058","manufacturer_communication","2026-09-04","Service bulletin No. 2109-3","PORSCHE 911 2020/2021/2022/2023/2024/2025/2026; PORSCHE 911 4S 2022; PORSCHE 911 CARRERA 2020/2021/2022/2023/2024/2025/2026; PORSCHE 911 CARRERA 4 2023; PORSCHE 911 CARRERA 4 GTS 2022/2023; PORSCHE 911 CARRERA 4S 2023; PORSCHE 911 CARRERA GTS 2022/2023/2024; PORSCHE 911 CARRERA S 2020/2021/2023; PORSCHE 911 CARRERA T 2023/2024; PORSCHE 911 DAKAR 2023/2024; PORSCHE 911 GT3 2021/2022/2023/2024/2025/2026; PORSCHE 911 GT3 RS 2023/2024","Information on Advanced Technical Information for Critical 12V Li-ion Battery Recycling","https://www.nhtsa.gov/recalls?nhtsaId=11037058","",""
"near","1.0400","jeep-wrangler","2022 Jeep Wrangler Unlimited Rubicon 4xe","nhtsa-rcl-26E064000","recall","2026-09-10","Recall 26E064000: STRUCTURE:BODY:ROOF AND PILLARS","MOPAR ROOF RACK KIT ","Chrysler (FCA US, LLC) is recalling certain MOPAR roof rack kits with part numbers 68747056AA, 68529228AA, 68529228AB, 68442426AA, 68442426AB, and 68442426AC. The pivot bolts for the roof rack crossbars may not have been tightened properly, allowing them to detach.","https://www.nhtsa.gov/recalls?nhtsaId=26E064000","",""
"near","1.0400","ford-bronco","2023 Ford Bronco Badlands 4-Door","nhtsa-cmpl-11765442","complaint","2026-09-19","Owner complaint 11765442: UNKNOWN UNKNOWN","UNKNOWN UNKNOWN ","I was in the vehicle that was parked in my driveway and the passenger door airbag deployed into my right ear, and there was no crash or anything it just deployed on its own. vehicle was running and I was cleaning the vehicle.","https://www.nhtsa.gov/recalls?nhtsaId=11765442","",""
"near","1.0400","chevy-silverado","2022 Chevrolet Silverado 1500 LT Trail Boss Crew Cab","nhtsa-cmpl-11764103","complaint","2026-09-14","Owner complaint 11764103: CHEVROLET TAHOE 2023","CHEVROLET TAHOE 2023","The contact owns a 2023 Chevrolet Tahoe. The contact stated there was a misfire in the engine, with the engine warning light illuminated. The message “Collision Mitigation System Off” was displayed. There was a burning odor coming from the vehicle after the failure. The vehicle started shaking abnormally. The vehicle was taken to the local dealer, where it was diagnosed and determined that the lifter and crankshaft needed to be replaced. The contact purchased a rebuilt engine, and the engine was replaced at another service center. The failure mileage was approximately 82,000.","https://www.nhtsa.gov/recalls?nhtsaId=11764103","",""
"near","1.0400","chevy-silverado","2022 Chevrolet Silverado 1500 LT Trail Boss Crew Cab","nhtsa-cmpl-11763791","complaint","2026-09-12","Owner complaint 11763791: CHEVROLET SILVERADO 1500 2018","CHEVROLET SILVERADO 1500 2018","Several times, while driving, the truck will simply shut down. It will becoime difficult to steer, then the engine will stall, killing the rest of the steering and the breaks as well as the dashboard, radio, etc. This can happen at any speed, low speed especially. I will give you an approximate date below, but there have been several incidents. The truck was looked at by our local mechanice, who could not find a problem and by the dealership electrical specialist who has also been unable to locate a problem.","https://www.nhtsa.gov/recalls?nhtsaId=11763791","",""
"near","1.0400","chevy-silverado","2022 Chevrolet Silverado 1500 LT Trail Boss Crew Cab","nhtsa-cmpl-11765013","complaint","2026-09-17","Owner complaint 11765013: GMC SIERRA 1500 2024","GMC SIERRA 1500 2024","On 9-5-26 while on interstate 75 going about 75 miles per hour truck started losing propulsion and speed started dropping. No warning light or anything. Navigated over to shoulder turn truck off for about 5-10 minutes and started back. On 9-8-26 on the way from Dr. appt. starting truck up it acted like it didn't want to start but did. Eventually stopped at red light and truck died and wouldn't start. Dash board lighting up and when trying to start the engine would not turn over. No warning light or anything. Truck towed but had to drag on the wrecker due to wheels locked up. On 9-16 GMC advised engine fail and will need replacing at 12,000 miles. VERY UNACCEPTABLE FOR 2024. Truck was bought new in October 2023 with 4 miles. Found out it is a known issue with the 6.2 V8. Be careful. We could have been killed in the flow of traffic and truck losing power with no warning. Couldn't even turn hazard lights on or anything. 18 wheelers coming all around and we trying to navigate to safe spot on the shoulder when we was on the interstate. GMC need to get their stuff together, you are putting people lives is danger. GMC is feeling our anger right now. Who wants a new engine in a $90,000 top","https://www.nhtsa.gov/recalls?nhtsaId=11765013","",""
"near","1.0400","bmw-x5","2021 BMW X5 xDrive45e","nhtsa-mc-11037028","manufacturer_communication","2026-09-04","Service bulletin QR-084","EQUIPMENT EQUIPMENT ","Document is intended to help verify the correct location and tolerance of the slide-out gap between the column and the slide-out.","https://www.nhtsa.gov/recalls?nhtsaId=11037028","",""
"far","79.1467","ford-mach-e","2023 Ford Mustang Mach-E GT, extended range","nhtsa-cmpl-11765715","complaint","2026-09-20","Owner complaint 11765715: HONDA CR-V 2021","HONDA CR-V 2021","NHTSA SAFETY COMPLAINT SUMMARY Vehicle Identification: 2021 Honda CR-V Touring (1.5L Turbo) Current Mileage: 91,259 miles Failed Component: High-Pressure Fuel Pump (HPFP) & Associated High-Pressure Fuel System Diagnostic Trouble Codes: ⁠P0087⁠ (Fuel Rail/System Pressure Too Low) Technician Diagnostic Findings & Symptoms: Vehicle experienced sudden loss of power, erratically low fuel pressure under load, hard starting, and multiple dash warning lights. Independent repair shop technician confirmed the High-Pressure Fuel Pump was internally failing and dropping fuel pressure under load. The failing pump caused low fuel pressure readings at the fuel rail, resulting in severe engine power loss while driving. Total Repair Estimate Amount: $3,222.65 HPFP Assembly Replacement: $1,453.78 Fuel Pressure Rail Replacement: $1,193.80 Spark Plugs Replacement: $318.00 Engine Oil/Filter Change: $69.65 Safety Hazard Narrative: The internal mechanical failure of the high-pressure fuel pump causes a sudden loss of engine power and hesitation during vehicle acceleration, posing a severe traffic hazard and risk of rear-end collision when merging onto highways. Furthermore, internal HPFP failures on Hond","https://www.nhtsa.gov/recalls?nhtsaId=11765715","",""
"far","79.1467","ram-2500","2019 Ram 2500 Laramie Crew Cab","nhtsa-mc-11036811","manufacturer_communication","2026-09-03","Service bulletin 02-196-26R","SUBARU ASCENT 2019/2020/2021/2022/2023/2024/2025/2026; SUBARU LEGACY 2020/2021/2022/2023/2024/2025; SUBARU OUTBACK 2020/2021/2022/2023/2024/2025/2026; SUBARU WRX 2022/2023/2024/2025/2026","This service bulletin outlines the diagnostic and repair procedure for white smoke emitted from the exhaust after startup. This is an revised version of the original bulletin.","https://www.nhtsa.gov/recalls?nhtsaId=11036811","",""
"far","79.1467","tesla-model-x","2024 Tesla Model X Plaid","nhtsa-mc-11036458","manufacturer_communication","2026-08-29","Manufacturer communication PI2601B_DP","KIA EV9 2024/2025/2026","PRODUCT IMPROVEMENT CAMPAIGN: DEALER PRINCIPAL MEMO (PI2601B) - This document is the announcement to the dealer principals advising that Kia is conducting a Product Improvement Campaign on all 2024-2025 MY and certain 2026 MY EV9 vehicles, manufactured from September 25, 2023 through July 16, 2026, to install enhanced windshield wiper software that provides drivers with additional reminders related to the use of the windshield wipers during winter weather conditions.","https://www.nhtsa.gov/recalls?nhtsaId=11036458","",""
"far","79.1467","ford-f150","2022 Ford F-150 Lariat SuperCrew","nhtsa-mc-11036892","manufacturer_communication","2026-09-04","Service campaign Audi closures 20260901","AUDI A7 2021; AUDI A8 2020/2021; AUDI E-TRON SPORTBACK 2020/2021; AUDI Q5 2020/2021","September expirations","https://www.nhtsa.gov/recalls?nhtsaId=11036892","",""
"far","79.1467","rivian-r1s","2023 Rivian R1S Adventure, Quad-Motor, Large pack","nhtsa-mc-11037351","manufacturer_communication","2026-09-17","Service bulletin 9100897Rev1","JEEP GRAND CHEROKEE 2011/2012/2013/2014/2015/2016/2017/2018/2019/2020/2021/2022","Qudra Lift Reman Compressor Excessive Repairs on Quadra Lift Reman Compressors Part Numbers: 68041137AF / R8572790AA / 68087233AA / 52124932AE / 52124934AE / 68064343AC Purpose The Star Parts Catalog has been updated to support component-level repair of the Quadra-Lift air suspension system. Replace only the component confirmed failed through diagnostics. Avoid replacing the complete assembly when an individual service component can correct the concern. Available Service Components Part Number Description R8572790AA Air Suspension Compressor 68087233AA Air Suspension Valve Block 52124932AE Front Air Suspension Hose Assembly 52124934AE Rear Air Suspension Hose Assembly 68064343AC Air Suspension Reservoir 68087240AA Temperature Sensor 68041137AF Compressor Assembly Diagnostic Decision Tree Customer Complaint: Service Air Suspension Message / Sagging / Unable to Adjust Ride Height / Compressor Running Continuously. Step 1: Retrieve and record all DTCs. C15D9 (Low Air Mass): Perform air mass test, complete system fill, leak-down test, and leak source identification before compressor replacement. C15A1 (Unable to Obtain Desired Ride Height): Verify ride height, perform leak-down test, i","https://www.nhtsa.gov/recalls?nhtsaId=11037351","",""
"far","79.1467","jeep-wrangler","2022 Jeep Wrangler Unlimited Rubicon 4xe","nhtsa-cmpl-11766638","complaint","2026-09-24","Owner complaint 11766638: CADILLAC ESCALADE ESV 2023","CADILLAC ESCALADE ESV 2023","My 2023 Cadillac Escalade ESV, equipped with the 6.2L V8 engine, developed an abnormal engine knocking/clicking noise despite previously receiving the remedy for GM engine safety recall N252494000, NHTSA campaign 25V274. On August 21, 2025, at 37,437 miles, Costa Mesa GMC Cadillac performed the recall inspection. The repair invoice states that the engine passed the PicoScope inspection and that the dealer changed the oil and filter and installed a new oil-fill cap. On September 16, 2026, at approximately 49,000 miles, I first noticed an unusual engine noise while driving through a store parking lot. After returning home, I observed a clicking/knocking noise at approximately 1,500–2,000 RPM. On September 17, I brought the vehicle to Costa Mesa GMC Cadillac at 49,093 miles. Repair order 61438 documents an engine knock during acceleration. Approximately two hours after drop-off, the service adviser informed me that GM had authorized replacement of the engine. As of September 24, 2026, the vehicle has remained at the dealership for one week and is awaiting a replacement engine. The vehicle is available at the dealership for inspection, subject to coordination with the dealer. Whether t","https://www.nhtsa.gov/recalls?nhtsaId=11766638","",""
"far","79.1467","ram-2500","2019 Ram 2500 Laramie Crew Cab","nhtsa-mc-11036610","manufacturer_communication","2026-09-02","Service bulletin IK2300016","IC BUS EVSB 2022/2023/2024/2025/2026/2027; INTERNATIONAL EMV 2023/2024/2025","This document will guide the user through diagnosing a failed high-voltage battery when there is a suspected concern indicated by symptom or fault code.","https://www.nhtsa.gov/recalls?nhtsaId=11036610","",""
"far","79.1467","porsche-911","2022 Porsche 911 Carrera S (992)","nhtsa-mc-11036998","manufacturer_communication","2026-09-04","Service campaign 2081624/3","BENTLEY CONTINENTAL GT 2026; BENTLEY CONTINENTAL GT CABRIO 2026","Software Update | Window Short Drop Deletion | Continental GT/GTC | 26MY (SC26/08) Software update is available for the left and right hand rear door control modules - Diagnostic address 00BB Driver side and 00BC Passenger side. The software eliminates the rear window short drop function.","https://www.nhtsa.gov/recalls?nhtsaId=11036998","",""
"far","79.1467","hyundai-ioniq5","2023 Hyundai Ioniq 5 SEL AWD Long Range","nhtsa-mc-11036657","manufacturer_communication","2026-09-02","Over-the-air update notice AA27867","HONDA CIVIC SI 2025","Over the Air System Updates - 2025 Civic Si: Software Update for Audio System software version 8A050-T20-AA31.","https://www.nhtsa.gov/recalls?nhtsaId=11036657","",""
"far","79.1467","tesla-model-x","2024 Tesla Model X Plaid","nhtsa-mc-11036989","manufacturer_communication","2026-09-04","Service bulletin TSB_2083116_1","AUDI A5 2025/2026; AUDI A6 2026; AUDI Q5 2025/2026; AUDI Q5 SPORTBACK 2025/2026; AUDI S5 2025/2026; AUDI SQ5 2025/2026; AUDI SQ5 SPORTBACK 2025/2026","This bulletin provides information when there is a parking aid fault when the combustion engine is running, DTC DA0009 is stored.","https://www.nhtsa.gov/recalls?nhtsaId=11036989","",""
"far","79.1467","ford-mach-e","2023 Ford Mustang Mach-E GT, extended range","nhtsa-mc-11037137","manufacturer_communication","2026-09-08","Manufacturer communication D100 Range Rover 21AUG26","LAND ROVER RANGE ROVER 2023/2024/2025; LAND ROVER RANGE ROVER SPORT 2023/2024/2025","Inadequate penetration of welding between the cells, the battery’s capacity and therefore the vehicle’s electric range may be depleted below the design intent condition.","https://www.nhtsa.gov/recalls?nhtsaId=11037137","",""
"far","79.1467","toyota-tacoma","2024 Toyota Tacoma TRD Off-Road Double Cab","nhtsa-mc-11036997","manufacturer_communication","2026-09-04","Warranty program No. 50-26-2","PORSCHE PANAMERA 4 E-HYBRID 2017/2018/2019/2020/2021/2022/2023; PORSCHE PANAMERA 4S E-HYBRID 2019/2020/2021/2022/2023; PORSCHE PANAMERA E-HYBRID 2022/2023; PORSCHE PANAMERA TURBO S E-HYBRID 2017/2018/2019/2020/2021/2022/2023","Update to Warranty Information: Warranty Extension for Additional Coolant Pump","https://www.nhtsa.gov/recalls?nhtsaId=11036997","",""
"far","79.1467","toyota-tacoma","2024 Toyota Tacoma TRD Off-Road Double Cab","nhtsa-mc-11037408","manufacturer_communication","2026-09-21","Warranty program BW2079","BENDIX TRAILER SYSTEM GUARD ","LIMITED WARRANTY TRAILER SYSTEM-GUARD® AIR DRYER AND CYCLONE DURADRAIN® WATER SEPARATOR","https://www.nhtsa.gov/recalls?nhtsaId=11037408","",""
"far","79.1467","chevy-silverado","2022 Chevrolet Silverado 1500 LT Trail Boss Crew Cab","nhtsa-mc-11036583","manufacturer_communication","2026-09-01","Service bulletin CBR 2429 202608","MACK PIONEER PR (4) 2025/2026/2027","This CBR solution outlines the procedures for diagnosing, replacing, calibrating, and programming Flexible Switch Panels and the Security and Cab Interface Module (SCIM) to resolve switch malfunction notifications and associated fault codes.","https://www.nhtsa.gov/recalls?nhtsaId=11036583","",""
"far","79.1467","hyundai-ioniq5","2023 Hyundai Ioniq 5 SEL AWD Long Range","nhtsa-cmpl-11763635","complaint","2026-09-11","Owner complaint 11763635: FORD FOCUS 2015","FORD FOCUS 2015","The contact owns a 2015 Ford Focus. The contact stated that while attempting to reverse, the vehicle failed to respond, with the check engine warning light illuminated. The vehicle was towed to an independent mechanic to be diagnosed, and the contact was informed that the TCM was faulty and needed to be replaced. The vehicle was not repaired. The manufacturer was not notified of the failure. The failure mileage was 56,990.","https://www.nhtsa.gov/recalls?nhtsaId=11763635","",""
"far","79.1467","bmw-x5","2021 BMW X5 xDrive45e","nhtsa-mc-11037056","manufacturer_communication","2026-09-04","Service bulletin No. 57-26","PORSCHE TAYCAN 2025/2026; PORSCHE TAYCAN 4 2026; PORSCHE TAYCAN 4 CROSS TURISMO 2025/2026; PORSCHE TAYCAN 4S 2025/2026; PORSCHE TAYCAN 4S CROSS TURISMO 2025/2026; PORSCHE TAYCAN GTS SPORT TURISMO 2025/2026; PORSCHE TAYCAN TURBO 2025/2026; PORSCHE TAYCAN TURBO CROSS TURISM 2025/2026; PORSCHE TAYCAN TURBO GT 2025/2026; PORSCHE TAYCAN TURBO S 2025/2026; PORSCHE TAYCAN TURBO S CROSS TURI 2025/2026","Symptom-based workshop manual for Clunking Noises from the Front Axle Area when Driving Over Uneven Surfaces","https://www.nhtsa.gov/recalls?nhtsaId=11037056","",""
"far","79.1467","toyota-camry","2023 Toyota Camry SE","nhtsa-mc-11036758","manufacturer_communication","2026-09-03","Service bulletin 114259","RAM 2500 2025/2026; RAM 3500 2025/2026; RAM 4500 2025/2026; RAM 5500 2025/2026","MODULE - A/C AND HEATER","https://www.nhtsa.gov/recalls?nhtsaId=11036758","",""
"far","79.1467","ford-f150","2022 Ford F-150 Lariat SuperCrew","nhtsa-mc-11037228","manufacturer_communication","2026-09-09","Service bulletin LI46.35-P-067339","MERCEDES BENZ AMG GLC 53 4MATIC+ 2027; MERCEDES BENZ AMG GLC 53 4MATIC+ COUPE 2027; MERCEDES BENZ AMG GLE53 4MATIC 2025/2026; MERCEDES BENZ AMG GLE53 4MATIC+ 2026; MERCEDES BENZ AMG GLE53 4MATIC+ COUPE 2026; MERCEDES BENZ AMG GLE63 S 4MATIC 2026; MERCEDES BENZ AMG GLE63 S 4MATIC+ 2025/2026; MERCEDES BENZ AMG GLE63 S 4MATIC+ COUPE 2026; MERCEDES BENZ AMG GLS63 4MATIC 2026; MERCEDES BENZ AMG GLS63 4MATIC+ 2026; MERCEDES BENZ AMG GLS63 4MATIC+ COUPE 2026; MERCEDES BENZ C 300 4MATIC 2018","Complaint During part of the steering movement, it feels heavier or more difficult to steer in the same spot every time. OR Rattling, humming, dry sliding/gravel noise from the electric steering system when steering (see attachment). Complaint does not impact the ability to safely steer or control the vehicle. Cause Ball screw drive (KGT) of electric steering damaged by: 1. External force due to: ‑ Hitting the curb/posts with the front wheels. ‑ Driving over obstacles (e.g. pothole/ threshold/ speed bump/ gully) at an inappropriate speed. 2. Corrosion/ water ingress through a damaged boot (see attachment). ‑ Cracks (1) ‑ High pressure cleaner (2) ‑ Animal bite (3) See various examples listed in the attachments for examples of outside influence. Remedy Remove boot clamps closest to steering gear housing on both left and right (as seen in ""Steering Rack Boot Clamp Location""). Pull back boot and inspect for rust, broken end stops, water, or any other anomalies. Replace electric steering. Note: Steering gears replaced due to outside influence or damage must not be claimed under warranty!","https://www.nhtsa.gov/recalls?nhtsaId=11037228","",""
"far","79.1467","subaru-outback","2020 Subaru Outback Premium","nhtsa-cmpl-11764272","complaint","2026-09-15","Owner complaint 11764272: HONDA ODYSSEY 2025","HONDA ODYSSEY 2025","The transmission has been having issues since it had 10 miles on it, it locks at certain speeds and wont go higher than 35, it misfires at lights, it will randomly make clunking sounds when driving and you can feel the vehicle throw you forward, ive taken it in multiple times, we have multiple cases open with Honda and they will not respond but it doesnt give any lights so dealership says they cant do anything even though theyve said they have felt it","https://www.nhtsa.gov/recalls?nhtsaId=11764272","",""
"far","79.1467","chevy-silverado","2022 Chevrolet Silverado 1500 LT Trail Boss Crew Cab","nhtsa-mc-11036872","manufacturer_communication","2026-09-04","Service bulletin V2724012073810_7","VOLKSWAGEN ATLAS 2024/2025/2026; VOLKSWAGEN ATLAS CROSS SPORT 2024/2025/2026; VOLKSWAGEN GOLF R 2024/2025/2026; VOLKSWAGEN GTI 2024/2025/2026; VOLKSWAGEN ID. BUZZ 2025; VOLKSWAGEN ID.4 2024/2025/2026; VOLKSWAGEN JETTA 2024/2025/2026; VOLKSWAGEN TAOS 2024/2025/2026; VOLKSWAGEN TIGUAN 2024/2025/2026","Battery Checking Procedure before replacement","https://www.nhtsa.gov/recalls?nhtsaId=11036872","",""
"far","79.1467","ram-2500","2019 Ram 2500 Laramie Crew Cab","nhtsa-mc-11036463","manufacturer_communication","2026-08-29","Service bulletin PI2601B_TSB","KIA EV9 2024/2025/2026","TECHNICAL SERVICE BULLETIN: PRODUCT IMPROVEMENT CAMPAIGN: WIPER MESSAGE LOGIC IMPROVEMENT (PI2601B) - This bulletin provides information to install enhanced windshield wiper software on certain 2024–2026MY EV9 (MV1, MV1a) vehicles as listed.","https://www.nhtsa.gov/recalls?nhtsaId=11036463","",""
"far","79.1467","tesla-model-x","2024 Tesla Model X Plaid","nhtsa-mc-11037204","manufacturer_communication","2026-09-09","Over-the-air update notice L-SB-0037-22 Rev2","LEXUS LS HYBRID 2022/2023","Some 2022 – 2023 model year LS 500h AWD vehicles are equipped with Lexus Advanced Drive. This system provides driving support through automated steering, acceleration, and braking under specific operating conditions within controlled access highways. Lexus Advanced Drive utilizes an array of sensors and cameras, high definition maps, and the vehicle navigation system to provide hands-free (SAE level: 2) driving assistance for engaged drivers. Updates to enhance Lexus Advanced Drive operation or to add features/functions are delivered to the vehicle directly through the Lexus Enform multimedia head unit (version 4.00 or earlier). The updates include the following: • Enhancements to the detection and response of vehicle merging into the preceding lane. • Enhancements to Advance Drive to driver hand-over at lower speeds. • Expanded speed range for system operation. Some 2022 – 2023 model year LS 500h AWD vehicles are equipped with Lexus Advanced Drive. This system provides driving support through automated steering, acceleration, and braking under specific operating conditions within controlled access highways. Lexus Advanced Drive utilizes an array of sensors and cameras, high defini","https://www.nhtsa.gov/recalls?nhtsaId=11037204","",""
"far","79.1467","rivian-r1s","2023 Rivian R1S Adventure, Quad-Motor, Large pack","nhtsa-mc-11037300","manufacturer_communication","2026-09-12","Manufacturer communication ONL6UV09092026","HONDA ACCORD 2018/2019/2020; HONDA ACCORD HYBRID 2018/2019/2020; HONDA CR-V 2017/2018/2019","Owner Notification Letter - Honda has developed software updates to the Honda Sensing system to enhance driver experience by modifying the circumstances when the advanced driver assist system (ADAS) decelerates the vehicle or the extent of deceleration. The software covers Adaptive Cruise Control (ACC), Collision Mitigation Braking System (CMBS), and Road Departure Mitigation (RDM).","https://www.nhtsa.gov/recalls?nhtsaId=11037300","",""
"far","79.1467","ford-f150","2022 Ford F-150 Lariat SuperCrew","nhtsa-cmpl-11761191","complaint","2026-09-01","Owner complaint 11761191: HONDA ACCORD 2019","HONDA ACCORD 2019","ALL THE SAFETY DASHBOARD LIGHTS ARE ON, WHAT IS THE PROBLEM? I NEED THIS SITUATION TO BE FIXED ASAP, IT DOESNT EVEN LET ME DRIVE, IT LOSES POWER AND THE BATTERY IS BRAND NEW.","https://www.nhtsa.gov/recalls?nhtsaId=11761191","",""
"far","79.1467","porsche-911","2022 Porsche 911 Carrera S (992)","nhtsa-mc-11036433","manufacturer_communication","2026-08-28","Manufacturer communication B064226","BMW 530I 2026; BMW 740I 2026; BMW M5 2026; BMW X3 2026","Bonnet Release Holder","https://www.nhtsa.gov/recalls?nhtsaId=11036433","",""
"far","79.1467","bmw-x5","2021 BMW X5 xDrive45e","nhtsa-mc-11037349","manufacturer_communication","2026-09-17","Service bulletin 9100904","JEEP WRANGLER 2025/2026/2027; JEEP WRANGLER 4XE 2025/2026","Shifter If shifter is having trouble shifting between 1st and 2nd gear, then adjust cables as described in service library.","https://www.nhtsa.gov/recalls?nhtsaId=11037349","",""
"far","79.1467","jeep-wrangler","2022 Jeep Wrangler Unlimited Rubicon 4xe","nhtsa-cmpl-11759904","complaint","2026-08-27","Owner complaint 11759904: CHEVROLET BLAZER 2020","CHEVROLET BLAZER 2020","Car is in park but the car alerts that it is not in park ( causing radio and light s to stay on ) - happens continually and from what I have heard from other people and mechanics - this is a known issue with Chevy","https://www.nhtsa.gov/recalls?nhtsaId=11759904","",""
"far","79.1467","porsche-911","2022 Porsche 911 Carrera S (992)","nhtsa-mc-11036767","manufacturer_communication","2026-09-03","Service bulletin 9100889","JEEP GRAND CHEROKEE 2026; JEEP GRAND CHEROKEE 4XE 2026; JEEP GRAND CHEROKEE L 2026","SEAL, Sunroof, Interior Prior to replacing this part, please ensure the repair is due to issues other than water leaks. This seal is exclusively for acoustic insulation, do not replace for water leak issues.","https://www.nhtsa.gov/recalls?nhtsaId=11036767","",""
"far","79.1467","jeep-wrangler","2022 Jeep Wrangler Unlimited Rubicon 4xe","nhtsa-mc-11037184","manufacturer_communication","2026-09-09","Emissions communication 26TF01","TOYOTA AVALON HYBRID 2019/2020/2021/2022; TOYOTA CAMRY HYBRID 2018/2019/2020/2021/2022/2023/2024","Under certain conditions, debris can accumulate inside the fuel cap causing potential fuel vapor leaks that can cause increased evaporative emissions to exceed the regulated limits. This issue will not trigger the M.I.L. (Malfunction Indicator Lamp)","https://www.nhtsa.gov/recalls?nhtsaId=11037184","",""
"far","79.1467","ford-mach-e","2023 Ford Mustang Mach-E GT, extended range","nhtsa-cmpl-11766456","complaint","2026-09-23","Owner complaint 11766456: TOYOTA RAV4 2019","TOYOTA RAV4 2019","The wipers started acting up a few months ago, the low setting would cycle 7 times then stop randomly, the high setting would cycle 11 times then stop randomly. I could reset it by turning off, then on. On 9/22/2026 I was driving home when it started to down pour. The wipers at first did as previous. But at a critical moment they completely stopped and would not cycle again. I had to pull over to the side while in traffic and not being able to see. I have replaced the wiper motor and switch but to no avail.","https://www.nhtsa.gov/recalls?nhtsaId=11766456","",""
"far","79.1467","hyundai-ioniq5","2023 Hyundai Ioniq 5 SEL AWD Long Range","nhtsa-cmpl-11766248","complaint","2026-09-22","Owner complaint 11766248: CADILLAC ESCALADE ESV 2026","CADILLAC ESCALADE ESV 2026","Vehicle Issues / Defects 1. Damaged Passenger Entertainment Screen at Delivery The passenger-side entertainment screen was damaged when the truck was delivered. The damage was present from the time the vehicle was received and was not caused by the owner. 2. Engine Failure at Approximately 7,000 Miles The vehicle suffered a complete engine failure at approximately 7,000 miles. Given the extremely low mileage, this represents a significant mechanical failure very early in the vehicle’s service life. These issues should be documented as part of the vehicle’s warranty and service history, including all repair orders, photographs, dates the vehicle was unavailable for use, and communications with the dealer/manufacturer.","https://www.nhtsa.gov/recalls?nhtsaId=11766248","",""
"far","79.1467","honda-crv","2023 Honda CR-V Sport Touring Hybrid","nhtsa-cmpl-11762101","complaint","2026-09-04","Owner complaint 11762101: JEEP RENEGADE 2022","JEEP RENEGADE 2022","Engine oil leak. My mechanic found an engine oil leak that is very substantial. I have spoken to several other Jeep renegade owners who have stated that theirs is also leaking. These need to be checked out by an authorized deal ASAP due to the danger of fire. I smell burning all the while I am driving it and constantly adding oil. Mine is a 2022 model Jeep renegade and I have owned it since 2024. I need to have this repaired or Ill need to get rid of it. I think the dealership I bought it from knew there was a problem but neglected to inform me as I would not have bought it.","https://www.nhtsa.gov/recalls?nhtsaId=11762101","",""
"far","79.1467","tesla-model-x","2024 Tesla Model X Plaid","nhtsa-mc-11037295","manufacturer_communication","2026-09-12","Service bulletin SSM 55149","FORD BRONCO SPORT 2021/2022/2023/2024","Some 2021-2024 Bronco Sport vehicles equipped with a 1.5L may exhibit a lack of air conditioning (A/C) cooling while at a stop and idling in ambient temperatures of 100°F (38°C) or higher. In addition, there are no diagnostic trouble codes (DTC) present related to A/C system functionality, refrigerant charge levels are to specification and system is free of refrigerant leaks and/or A/C compressor related concerns. Customers may also report that A/C system cooling will be restored once the vehicle starts moving or placed in park/neutral.<br /><br /> This condition does not affect vehicle durability and no additional diagnosis or service is required for this condition at this time. Inform customers that they can continue to drive the vehicle and engineering is currently working on a solution for this condition that is expected in Q4 2026. Replacement or reprogramming of any components will not resolve this condition. Monitor Professional Technician System (PTS) for additional information and schedule service appointments for customers once the repair becomes available.<br /><br /> If the vehicle exhibit","https://www.nhtsa.gov/recalls?nhtsaId=11037295","",""
"far","79.1467","subaru-outback","2020 Subaru Outback Premium","nhtsa-cmpl-11765091","complaint","2026-09-17","Owner complaint 11765091: FORD EXPLORER 2021","FORD EXPLORER 2021","I had a very serious safety failure of my 2021 Ford explorer. On Monday, XXX my 2021 Explorer suffered an unprompted, catastrophic failure matching recall 26S48, but Ford is denying coverage based on build dates. After driving roughly 35mph, pressing the brake, and nearing a stop sign, the explorer put itself into park. The engine compartment made noises and the vehicle continued to roll until the I quickly prompted activating the emergency brake before rolling into the intersection with heavy traffic. Even in park, the vehicle continued to roll (until the e-brake was activated). I had my [XXX] child in the vehicle with me, and thankfully nobody was injured. I had no dash warning lights, or any other signs of impending failure. I had it towed to my trusted (certified) mechanic who inspected the vehicle and diagnosed the following: The transmission output shaft is sheered off, right at the parking pawl. He states this would only happen if the vehicle put itself into park, while moving. This catastrophic failure could lead to a tragic accident, and could kill somebody. INFORMATION REDACTED PURSUANT TO THE FREEDOM OF INFORMATION ACT (FOIA), 5 U.S.C. 552(B)(6)","https://www.nhtsa.gov/recalls?nhtsaId=11765091","",""
"far","79.1467","toyota-tacoma","2024 Toyota Tacoma TRD Off-Road Double Cab","nhtsa-mc-11037091","manufacturer_communication","2026-09-04","Service bulletin TD-26-03","EMBER OVERLAND SERIES 2026/2027; EMBER TOURING EDITION 2026/2027","Revised TD-26-03 supersedes revision 04.14.2026","https://www.nhtsa.gov/recalls?nhtsaId=11037091","",""
"far","79.1467","ford-bronco","2023 Ford Bronco Badlands 4-Door","nhtsa-mc-11037456","manufacturer_communication","2026-09-23","Service campaign N262568370","CHEVROLET BOLT EV 2027","Certain vehicles listed above may have a condition in which there is a water leak due to a partially seated tail-lamp harness grommet. Dealers will inspect and reseat grommet if necessary.","https://www.nhtsa.gov/recalls?nhtsaId=11037456","",""
"far","79.1467","ford-bronco","2023 Ford Bronco Badlands 4-Door","nhtsa-cmpl-11762998","complaint","2026-09-09","Owner complaint 11762998: CHEVROLET SILVERADO 1500 2021","CHEVROLET SILVERADO 1500 2021","Following recall review by the dealership, experienced sudden, catastrophic engine failure nearly stranding me on the road with my son. Awaiting final diagnostics from the dealership, but every indication, errors, and symptoms align with all the other complaints that I have reviewed on line for the make/model of my vehicle. Recall assessment and corrective actions ineffective resolving engine failure.","https://www.nhtsa.gov/recalls?nhtsaId=11762998","",""
"far","79.1467","jeep-wrangler","2022 Jeep Wrangler Unlimited Rubicon 4xe","nhtsa-mc-11037213","manufacturer_communication","2026-09-09","Service bulletin TSB-A1793-008","PLEASURE WAY TOFINO 2021","Technical service bulletin pertaining to the procedure to replace the strut for the pop top of the Tofino.","https://www.nhtsa.gov/recalls?nhtsaId=11037213","",""
"far","79.1467","rivian-r1s","2023 Rivian R1S Adventure, Quad-Motor, Large pack","nhtsa-mc-11037094","manufacturer_communication","2026-09-04","Over-the-air update notice v3.6.4","LUCID GRAVITY 2025/2026/2027","This software update brings improvements to the reliability of the Driver Monitoring Camera that contributes to the effectiveness of Hands-Free Drive Assist and also improves key fob detection.","https://www.nhtsa.gov/recalls?nhtsaId=11037094","",""
"far","79.1467","ford-f150","2022 Ford F-150 Lariat SuperCrew","nhtsa-mc-11037227","manufacturer_communication","2026-09-09","Service bulletin TSB-A1807-008","PLEASURE WAY PLATEAU 2024","Technical service bulletin pertaining to the procedure to adjust the hinge of the bathroom door.","https://www.nhtsa.gov/recalls?nhtsaId=11037227","",""
"far","79.1467","porsche-911","2022 Porsche 911 Carrera S (992)","nhtsa-mc-11036676","manufacturer_communication","2026-09-02","Manufacturer communication FleetCom 1_6x4 eAxle","FREIGHTLINER E-CASCADIA 2024/2025/2026/2027","Fleet Communications for Transmission Oil Cooler Lines Rubbing","https://www.nhtsa.gov/recalls?nhtsaId=11036676","",""
"far","79.1467","hyundai-ioniq5","2023 Hyundai Ioniq 5 SEL AWD Long Range","nhtsa-mc-11037036","manufacturer_communication","2026-09-04","Service bulletin TSB260118","CUMMINS B6.7O ","This Technical Service Bulletin describes the verification and resolution steps for the Front End Accessory Drive (FEAD) on certain B6.7O engines in PACCAR U-Haul applications which may exhibit alternator-to-compressor pulley misalignment, resulting in belt noise or whining from the Front End Accessory Drive (FEAD).","https://www.nhtsa.gov/recalls?nhtsaId=11037036","",""
"far","79.1467","chevy-silverado","2022 Chevrolet Silverado 1500 LT Trail Boss Crew Cab","nhtsa-mc-11036912","manufacturer_communication","2026-09-04","Service bulletin TSB_2070281_5","AUDI RS Q8 2020/2021/2022/2023/2024/2025/2026; AUDI SQ7 2020/2021/2022/2023/2024/2025/2026; AUDI SQ8 2020/2021/2022/2023/2024/2025/2026","This bulletin provides information when the MIL is on, DTC P310B00 is stored; low fuel pressure regulation, fuel pressure outside of tolerance, symptom 2638.","https://www.nhtsa.gov/recalls?nhtsaId=11036912","",""
"far","79.1467","ford-bronco","2023 Ford Bronco Badlands 4-Door","nhtsa-mc-11037274","manufacturer_communication","2026-09-10","Service bulletin 08-328-26","RAM 1500 2026","Wrong Instrument Panel Cluster (IPC) Configuration Customers may comment on one or more the following: SYMPTOM: ● Oil pressure gauge and battery life gauges are blank or missing from the IPC Fig. 1. ● The Trailer Brake radial slider movement will not move past one bar and is inaccurate Fig. 2. NOTE: The Trailer Brake percentage does display correctly. This bulletin involves performing a reconfigure and Proxi alignment on the IPC.","https://www.nhtsa.gov/recalls?nhtsaId=11037274","",""
"far","79.1467","bmw-x5","2021 BMW X5 xDrive45e","nhtsa-cmpl-11763414","complaint","2026-09-10","Owner complaint 11763414: BMW X5 2016","BMW X5 2016","I am reporting a suspected high-pressure fuel pump safety defect involving my 2016 BMW X5 xDrive35d, VIN [XXX], with approximately 103,186 miles. The check engine light illuminated and BMW Fort Walton diagnosed failed fuel injectors and recommended injector replacement. I subsequently had the vehicle inspected by Techmaster in Fort Walton, Florida, where metallic shavings and debris were discovered within the high-pressure fuel system. After notifying BMW Fort Walton of these findings, I was advised that my VIN is not included in NHTSA Recall 21V-586: High Pressure Fuel Pump. I am concerned because the metallic contamination found in my vehicle appears similar or identical to the high-pressure fuel pump failure conditions addressed by Recall 21V-586. The contamination may also have caused consequential damage to the fuel injectors and other associated fuel-system components. I respectfully request that NHTSA review whether my vehicle, and potentially other BMW X5 xDrive35d vehicles currently excluded from Recall 21V-586, may be experiencing the same or substantially similar high-pressure fuel pump defect. Replacing only the failed injectors without identifying and correcting the so","https://www.nhtsa.gov/recalls?nhtsaId=11763414","",""
"far","79.1467","rivian-r1s","2023 Rivian R1S Adventure, Quad-Motor, Large pack","nhtsa-mc-11037274","manufacturer_communication","2026-09-10","Service bulletin 08-328-26","RAM 1500 2026","Wrong Instrument Panel Cluster (IPC) Configuration Customers may comment on one or more the following: SYMPTOM: ● Oil pressure gauge and battery life gauges are blank or missing from the IPC Fig. 1. ● The Trailer Brake radial slider movement will not move past one bar and is inaccurate Fig. 2. NOTE: The Trailer Brake percentage does display correctly. This bulletin involves performing a reconfigure and Proxi alignment on the IPC.","https://www.nhtsa.gov/recalls?nhtsaId=11037274","",""
"far","79.1467","toyota-tacoma","2024 Toyota Tacoma TRD Off-Road Double Cab","nhtsa-mc-11037061","manufacturer_communication","2026-09-04","Service bulletin No. 2433-4","PORSCHE CAYENNE E-HYBRID 2019/2020/2021/2022/2023/2024/2025/2026; PORSCHE CAYENNE E-HYBRID COUPE 2024/2025/2026; PORSCHE CAYENNE S E-HYBRID 2020; PORSCHE CAYENNE TURBO E-HYBRID 2024/2025/2026; PORSCHE CAYENNE TURBO E-HYBRID COUPE 2024/2025/2026; PORSCHE CAYENNE TURBO S E-HYBRID 2019/2020/2021/2022/2023; PORSCHE MACAN 4 ELECTRIC 2024/2025/2026; PORSCHE MACAN 4S ELECTRIC 2025; PORSCHE MACAN ELECTRIC 2024/2025/2026; PORSCHE MACAN TURBO ELECTRIC 2024/2025/2026; PORSCHE PANAMERA 4 E-HYBRID 2018/2019/2020/2021/2022/2023; PORSCHE PANAMERA 4 HYBRID 2018","Information on Advanced Technical Information for Porsche Mobile Charger NEMA Supply Cable Initialization Failure","https://www.nhtsa.gov/recalls?nhtsaId=11037061","",""
"far","79.1467","ford-bronco","2023 Ford Bronco Badlands 4-Door","nhtsa-mc-11037057","manufacturer_communication","2026-09-04","Service bulletin No. 2304-2","PORSCHE CAYENNE GT 2020/2021/2022; PORSCHE CAYENNE GTS 2021/2022/2023/2024/2025/2026; PORSCHE CAYENNE GTS COUPE 2024/2025/2026; PORSCHE CAYENNE S 2024; PORSCHE CAYENNE S COUPE 2024/2025/2026; PORSCHE CAYENNE TURBO 2019/2020/2023; PORSCHE CAYENNE TURBO COUPE 2020; PORSCHE CAYENNE TURBO E-HYBRID 2024/2025/2026; PORSCHE CAYENNE TURBO E-HYBRID COUPE 2024/2025/2026; PORSCHE CAYENNE TURBO GT 2022/2023/2024; PORSCHE CAYENNE TURBO GT COUPE 2025; PORSCHE CAYENNE TURBO S E-HYBRID 2019/2020/2021/2022/2023","Information on Advanced Technical Information for E3.I/G2 V8 – Oil/Air Separator Membrane Failure","https://www.nhtsa.gov/recalls?nhtsaId=11037057","",""
"far","79.1467","ford-mach-e","2023 Ford Mustang Mach-E GT, extended range","nhtsa-cmpl-11764233","complaint","2026-09-14","Owner complaint 11764233: AUDI Q8 2024","AUDI Q8 2024","Electrical vehicle started displaying electrical malfunction issue since December 2025, at the time Audi San Juan said there was not fix available at the time. Finally I was told that an issue fix was available, took it back in May and they said it was fixed but it wasn't. Waited for another appointment available for them to have a loner vehicle available. Took it back on June 3rd and finally on June 22nd they said that the issue detected was one of the cells in the battery ha gone bad. Unfortunately the part was on back order and Germany could not confirm when it could be sent. Part was finally received on September 3rd, today I received a call that the part did not fix the issue and they need to check with Germany how to proceed next. So short story this issue started since Dec 2025, From Dec 50 June I was driving a vehicle that was not deemed safe. It's been in the shop for 3 months and I still do not know when I am getting my vehicle back. My car is a lease and all extended warranties were purchased. Currently is has about 32K miles","https://www.nhtsa.gov/recalls?nhtsaId=11764233","",""
"far","79.1467","toyota-tacoma","2024 Toyota Tacoma TRD Off-Road Double Cab","nhtsa-mc-11037125","manufacturer_communication","2026-09-08","Manufacturer communication D011 Range Rover 21AUG26","LAND ROVER RANGE ROVER 2023; LAND ROVER RANGE ROVER SPORT 2023","Coolant Bypass Hose Leak","https://www.nhtsa.gov/recalls?nhtsaId=11037125","",""
"far","79.1467","honda-crv","2023 Honda CR-V Sport Touring Hybrid","nhtsa-cmpl-11761984","complaint","2026-09-03","Owner complaint 11761984: FORD ESCAPE 2017","FORD ESCAPE 2017","My Ford Escape Titanium 2.0L 2017 started overheating. The coolant had just disappeared. The car sputtered in the morning with large plumes of white smoke. Due to the overheating my thermostat failed. I brought my car to the Art Hill Ford dealership in Merrilville Indiana for service. After a 5 hour pressure test, Tiffany A Depowski at Art Hill Ford Lincoln brought me to her desk and notified me and confirmed that I need a new engine due to Coolant Intrusion. The check engine light had been on for a couple months. I kept bringing the vehicle to my local mechanic. After he couldn't fix it I brought it to the dealer where they told me my engine needs to be replaced. Fortunately safety wasn't a direct factor. The risk of the engine seizing up while driving was a key factor with safety. The Ford invoice states verified coolant leak, recommend new engine is on the upload I sent under the section J#2","https://www.nhtsa.gov/recalls?nhtsaId=11761984","",""
"far","79.1467","ram-2500","2019 Ram 2500 Laramie Crew Cab","nhtsa-mc-11037090","manufacturer_communication","2026-09-04","Service bulletin 70-26","PORSCHE CAYENNE 2026","Technical Information for Water Collection in the Rear Doors - Heavy Water Leak when Opening the Rear Doors. Note that this bulletin is only applicable to all Cayenne Electric models for model year 2026. The combustion and hybrid Cayenne variants are not applicable to this bulletin.","https://www.nhtsa.gov/recalls?nhtsaId=11037090","",""
"far","79.1467","toyota-camry","2023 Toyota Camry SE","nhtsa-mc-11036470","manufacturer_communication","2026-08-31","Over-the-air update notice 662.20","CHEVROLET SILVERADO 2500 2025; GMC SIERRA 2500 2025","• Improvements to active cabin ventilation • Additional protection for the health of your battery • Improvements to the software update system • Fixes to help ensure proper functionality for heating and cooling features. • Improvements to night mode lights for shifting gears. • Fixes for Daytime Running Lamps turning on when set to Off. • Fixes to help prevent erroneous missing key messages on driver display. • Fixes for accuracy of low tire pressure alert. • Fixes for speed threshold for pedestrian alerts. • Improvements to help reduce check engine light activation and emissions system messages. • Improves behavior of aero shutter system in freezing temperatures • Improvements to reliability when extending the running boards on your vehicle.","https://www.nhtsa.gov/recalls?nhtsaId=11036470","",""
"far","79.1467","porsche-911","2022 Porsche 911 Carrera S (992)","nhtsa-mc-11036480","manufacturer_communication","2026-08-31","Over-the-air update notice 662.31","CHEVROLET SILVERADO 1500 2025; GMC SIERRA 1500 2025","• Improvements to reliability when extending the running boards on your vehicle • Improvements to accuracy for Diesel Exhaust Fluid level shown in driver display.","https://www.nhtsa.gov/recalls?nhtsaId=11036480","",""
"far","79.1467","chevy-silverado","2022 Chevrolet Silverado 1500 LT Trail Boss Crew Cab","nhtsa-mc-11036631","manufacturer_communication","2026-09-02","Warranty program WTY048_DP","KIA CARNIVAL 2022/2023/2024","WARRANTY EXTENSION CAMPAIGN: DEALER PRINCIPAL MEMO (WTY048) - This document is the announcement to the dealer principals advising that Kia is s extending the New Vehicle Limited Warranty coverage, to all owners, for repairs related to the horn assembly for certain 2022-2024 MY Carnival vehicles manufactured from January 4, 2021 through July 4, 2024, from 5 years / 60,000 miles to 10 years / 120,000 miles, whichever comes first, from the date the vehicle was first put into service. This warranty extension is to address a horn sound malfunction condition.","https://www.nhtsa.gov/recalls?nhtsaId=11036631","",""
"far","79.1467","honda-crv","2023 Honda CR-V Sport Touring Hybrid","nhtsa-mc-11037265","manufacturer_communication","2026-09-10","Service campaign 74D Combo Rev2","DODGE CHARGER EV 2024/2025/2026; JEEP WAGONEER S 2024/2025","Revised Customer Satisfaction Notification 74D – Powertrain Modules Software Update Dealer Notification The powertrain modules software on about 18,900 of the above vehicles may contain multiple software issues that could cause various vehicle operating symptoms or conditions.","https://www.nhtsa.gov/recalls?nhtsaId=11037265","",""
"far","79.1467","toyota-camry","2023 Toyota Camry SE","nhtsa-cmpl-11762569","complaint","2026-09-07","Owner complaint 11762569: HONDA ODYSSEY 2025","HONDA ODYSSEY 2025","The idle stop function failed to restart the vehicle while in traffic at a red light. The vehicle was in traffic on a state highway and was unable to restart without shutting the vehicle off and on again. The problem has happened frequently the past few weeks to where I was able to reproduce and record the incident. The battery light appeared before shutting off the car with the push button on/off.","https://www.nhtsa.gov/recalls?nhtsaId=11762569","",""
"far","79.1467","chevy-silverado","2022 Chevrolet Silverado 1500 LT Trail Boss Crew Cab","nhtsa-mc-11036792","manufacturer_communication","2026-09-03","Service bulletin 19-03-26","SUBARU SOLTERRA 2026; SUBARU TRAILSEEKER 2026; SUBARU UNCHARTED 2026","This bulletin announces the availability of reprogramming files for the Plug-in Control Module and the High Level Communication Module.","https://www.nhtsa.gov/recalls?nhtsaId=11036792","",""
"far","79.1467","toyota-tacoma","2024 Toyota Tacoma TRD Off-Road Double Cab","nhtsa-mc-11037420","manufacturer_communication","2026-09-21","Service bulletin TSB 26-2421","FORD MUSTANG MACH E 2024/2025","This bulletin updates 25-2622. Reason for update: * Update the Service Procedure to: - Remove Step related connecting a battery charger - Add Step 7 and Step 29 along with Figure 4 to include mass damper remove and install. * Update the Parts list: - Updated to include rear electric drive assembly studded bolts and nuts to secure the mass damper. Some of the vehicles listed in the Model statement above may exhibit at least one of the following conditions: * Stuck in park * ""Service Vehicle Soon"" message in the instrument panel cluster (IPC) * Illuminated powertrain malfunction (wrench) indicator with diagnostic trouble code (DTC) P07E6:71 stored in the secondary on-board diagnostic control module C (SOBDMC) This may be due to high ground resistance of the park pawl motor.","https://www.nhtsa.gov/recalls?nhtsaId=11037420","",""
"far","79.1467","kia-telluride","2022 Kia Telluride SX","nhtsa-cmpl-11764558","complaint","2026-09-15","Owner complaint 11764558: GMC SIERRA 1500 2021","GMC SIERRA 1500 2021","Dashboard keeps returning to aljarir type writing. We bought it with American English but won't stay in English. Monday will be 30 day and I believe the dealer is ghosting me. Y'all have any ideas how to reset the dashboard without replacing the radio??? Closest answer I was given.","https://www.nhtsa.gov/recalls?nhtsaId=11764558","",""
"far","79.1467","ram-2500","2019 Ram 2500 Laramie Crew Cab","nhtsa-mc-11037137","manufacturer_communication","2026-09-08","Manufacturer communication D100 Range Rover 21AUG26","LAND ROVER RANGE ROVER 2023/2024/2025; LAND ROVER RANGE ROVER SPORT 2023/2024/2025","Inadequate penetration of welding between the cells, the battery’s capacity and therefore the vehicle’s electric range may be depleted below the design intent condition.","https://www.nhtsa.gov/recalls?nhtsaId=11037137","",""
"far","79.1467","tesla-model-x","2024 Tesla Model X Plaid","nhtsa-cmpl-11763596","complaint","2026-09-11","Owner complaint 11763596: LEXUS IS 2020","LEXUS IS 2020","Sunroof exploded outwards while driving on the freeway. Temperature about 56degrees F, humidity 92% pressure 29.94. Unsafe, glass exploding, sharp glass","https://www.nhtsa.gov/recalls?nhtsaId=11763596","",""
"far","79.1467","subaru-outback","2020 Subaru Outback Premium","nhtsa-mc-11037185","manufacturer_communication","2026-09-09","Emissions communication 26TF01","TOYOTA AVALON HYBRID 2019/2020/2021/2022; TOYOTA CAMRY HYBRID 2018/2019/2020/2021/2022/2023/2024","TECHNICAL INSTRUCTIONS FOR EMISSION NONCOMPLIANCE RECALL 26TF01 Certain 2018 – 2024 Model Year Camry HV and 2019-2022 Avalon HV Fuel Cap Negative Pressure Valve & Fuel Filler Dust Intrusion","https://www.nhtsa.gov/recalls?nhtsaId=11037185","",""
"far","79.1467","kia-telluride","2022 Kia Telluride SX","nhtsa-mc-11036594","manufacturer_communication","2026-09-01","Warranty program N242484750-02","BUICK ENCORE GX 2022; CHEVROLET TRAILBLAZER 2022","Special Coverage. Certain 2022 model year Buick Encore GX and Chevrolet Trailblazer vehicles, equipped with a 1.2L engine, may have a condition that could cause the turbocharger to fail. If this condition occurs, the Malfunction Indicator Lamp (Check Engine Light) will illuminate, and a diagnostic trouble code will set. Additionally, a message may be displayed indicating the vehicle’s available engine power is reduced. This special coverage covers the condition described above for a period of 15 years or 150,000 miles (240,000 km), whichever occurs first, from the date the vehicle was originally placed in service, regardless of ownership. For vehicles covered by Vehicle Service Contracts, all eligible claims with repair orders on or after January 14, 2025, are covered by this special coverage and must be submitted using the labor operation codes provided with this bulletin. Claims with repair orders prior to January 14, 2025, must be submitted to the Service Contract provider. Vehicle owners or lessees who paid for repairs referenced in this Special Coverage (“Customers”) are eligible for reimbursement of their reasonable and customary expenses in accordance with the procedures spe","https://www.nhtsa.gov/recalls?nhtsaId=11036594","",""
"far","79.1467","hyundai-ioniq5","2023 Hyundai Ioniq 5 SEL AWD Long Range","nhtsa-mc-11036588","manufacturer_communication","2026-09-01","Service bulletin CBR 2598 202608","MACK ANTHEM AN (4) 2026/2027; MACK PIONEER PR (4) 2026/2027","The purpose of this CBR is to provide steps on how to utilize the injector widget (within workshop toolbox) to aid with injection system issues.","https://www.nhtsa.gov/recalls?nhtsaId=11036588","",""
"far","79.1467","hyundai-ioniq5","2023 Hyundai Ioniq 5 SEL AWD Long Range","nhtsa-mc-11036678","manufacturer_communication","2026-09-02","Manufacturer communication FleetCom 1_X-Series HD Su","WESTERN STAR 47X 2022/2023/2024/2025/2026","Fleet Communications for X-Series HD Front Suspension Threaded","https://www.nhtsa.gov/recalls?nhtsaId=11036678","",""
"far","79.1467","hyundai-ioniq5","2023 Hyundai Ioniq 5 SEL AWD Long Range","nhtsa-rcl-26V556000","recall","2026-08-31","Recall 26V556000: EQUIPMENT ADAPTIVE/MOBILITY:WHEELCHAIR LIFT/RAMP:CONTROLS/CONTROL WIRING","BLUE BIRD VISION SCHOOL BUS 2025/2026/2027","Blue Bird Body Company (Blue Bird) is recalling certain 2025-2027 Vision school buses equipped with Ricon K-Series wheelchair platform lifts. The electrical contactor may fail, preventing the controls from stopping the lift.","https://www.nhtsa.gov/recalls?nhtsaId=26V556000","",""
"far","79.1467","jeep-wrangler","2022 Jeep Wrangler Unlimited Rubicon 4xe","nhtsa-mc-11037268","manufacturer_communication","2026-09-10","Service bulletin 9100895","CHRYSLER PACIFICA 2024/2025/2026; CHRYSLER PACIFICA PLUG-IN HYBRID 2024/2025/2026; CHRYSLER VOYAGER 2024/2025/2026","ACTUATOR Park Brake Do NOT replace actuator before checking for latest ABS software referencing TSB 08-010-26 and TSB 08-066-26. This update will eliminate the false occurrence of the DTCs below: C10EA-00 - Left Park Brake Actuator C10EB-00 - Right Park Brake Actuator C10EC-00 - Park Brake Actuator Correlation","https://www.nhtsa.gov/recalls?nhtsaId=11037268","",""
"far","79.1467","kia-telluride","2022 Kia Telluride SX","nhtsa-cmpl-11764571","complaint","2026-09-15","Owner complaint 11764571: NISSAN VERSA 2025","NISSAN VERSA 2025","Water accumulating on plastic valve cover in recessed areas exposing metal fasteners to corrosion. Metal fasteners showing sings of corrosion.","https://www.nhtsa.gov/recalls?nhtsaId=11764571","",""
"far","79.1467","chevy-silverado","2022 Chevrolet Silverado 1500 LT Trail Boss Crew Cab","nhtsa-mc-11037167","manufacturer_communication","2026-09-09","Service bulletin TSB-24-34-001","MITSUBISHI OUTLANDER 2022/2023/2024; MITSUBISHI OUTLANDER PHEV 2023","This revised Technical Service Bulletin provides instructions on how to remedy fluid leaks from the Rear Shock Absorber.","https://www.nhtsa.gov/recalls?nhtsaId=11037167","",""
"far","79.1467","honda-crv","2023 Honda CR-V Sport Touring Hybrid","nhtsa-cmpl-11764558","complaint","2026-09-15","Owner complaint 11764558: GMC SIERRA 1500 2021","GMC SIERRA 1500 2021","Dashboard keeps returning to aljarir type writing. We bought it with American English but won't stay in English. Monday will be 30 day and I believe the dealer is ghosting me. Y'all have any ideas how to reset the dashboard without replacing the radio??? Closest answer I was given.","https://www.nhtsa.gov/recalls?nhtsaId=11764558","",""
"far","79.1467","jeep-wrangler","2022 Jeep Wrangler Unlimited Rubicon 4xe","nhtsa-cmpl-11761308","complaint","2026-09-01","Owner complaint 11761308: CHEVROLET SILVERADO 1500 2024","CHEVROLET SILVERADO 1500 2024","I applied brake and pedal went straight to floor without any stopping. I had to steer into a ditch to avoid a collision resulting in more damage to steering system, frame, windshield and body. This was complete brake system failure and yes is available for inspection. I was in a very rural area at time and was able to avoid a collision however, if I had been in city or on highway it could have easily resulted in injury or fatalities. The problem is currently under federal investigation and has been widely reported as a serious problem which may soon result in widespread recall. The vehicle has not been inspected yet by dealership or anywhere else as it just happened 18 hours ago. There were no warning lights or chimes before the incident when pedal went to the floor. After incident dashboard lit up with warning lights including, Brake, ABS, Traction control, power steering, Collision system, Engine light, Steering Column and others. Truck speed limited to 43 mph. And pedal still goes to the floor without applying brakes.","https://www.nhtsa.gov/recalls?nhtsaId=11761308","",""
"far","79.1467","toyota-camry","2023 Toyota Camry SE","nhtsa-mc-11037134","manufacturer_communication","2026-09-08","Manufacturer communication D067 Range Rover 21AUG26","LAND ROVER RANGE ROVER 2024; LAND ROVER RANGE ROVER SPORT 2024","The Malfunction Indicator Lamp (MIL) is illuminated on the vehicles instrument panel cluster, due to a Transmission Control Module (TCM) network communication fault. There are no other effects on the vehicle, or loss of functionality.","https://www.nhtsa.gov/recalls?nhtsaId=11037134","",""
"far","79.1467","ford-mach-e","2023 Ford Mustang Mach-E GT, extended range","nhtsa-mc-11037142","manufacturer_communication","2026-09-08","Manufacturer communication D130 Defender 21AUG26","LAND ROVER DEFENDER 2024","Quality defect may be present on the Stitching of the Rear Seatbelt Assembly.","https://www.nhtsa.gov/recalls?nhtsaId=11037142","",""
"far","79.1467","kia-telluride","2022 Kia Telluride SX","nhtsa-mc-11037190","manufacturer_communication","2026-09-09","Service bulletin T-SB-0046-26","TOYOTA BZ WOODLAND 2027","Pre-Delivery Service (PDS) is a critical step in satisfying our new car customers. Customer feedback indicates the following areas deserve special attention when performing PDS: • Careful inspection for paint chips/scratches and body dents/dings. • Proper operation of electrical accessories (including interior light, clock, and radio reset). • Interior cleanliness. • Proper function of mechanical systems. The PDS process helps identify potential vehicle concerns before customer delivery. After completing the PDS process, maintain accurate PDS records by ensuring the required documents listed below are completed and recorded in accordance with Toyota Warranty Policy. • GTS+ Health Check • Completed PDS Check Sheet • Battery Charge Test Print Out • GTS+ Tire Pressure Information Customer retention and proper maintenance of vehicles are and have always been a major focus for Toyota. To help remind customers that regular service is essential to the proper maintenance of the vehicle, dealers are required to install a service reminder sticker before delivery. By doing this, customers will be reminded to return to your dealership for service. Your current service reminder sticker may be u","https://www.nhtsa.gov/recalls?nhtsaId=11037190","",""
"far","79.1467","chevy-silverado","2022 Chevrolet Silverado 1500 LT Trail Boss Crew Cab","nhtsa-cmpl-11766118","complaint","2026-09-22","Owner complaint 11766118: TESLA MODEL Y 2023","TESLA MODEL Y 2023","On September 13, 2026, my 2023 Tesla Model Y (13,300 miles) displayed a High Voltage System alert stating the vehicle may not restart and service was required. I brought the vehicle to the Tesla Service Center for diagnosis. The technician found the alert occurred when the brake pedal was applied and identified electromagnetic interference affecting signal integrity in that circuit. On September 17, 2026, a ferrite suppressor was installed to address the interference, and the technician noted the alert cleared. He advised that if the concern returned, replacement of the CHMSL (Center High Mount Stop Lamp) may be required. The same day I picked up the vehicle after this repair, the High Voltage System alert recurred. Both occurrences happened while the vehicle was operating under Full Self-Driving (FSD), not under manual braking. My foot was not on the brake pedal either time. This detail was not accounted for in the original diagnosis, which was based on manual pedal actuation as the trigger. I have raised this discrepancy with Tesla and requested a re-diagnosis based on FSD-commanded brake actuation, including review of vehicle logs for both incident timestamps. My safety concern ","https://www.nhtsa.gov/recalls?nhtsaId=11766118","",""
"far","79.1467","porsche-911","2022 Porsche 911 Carrera S (992)","nhtsa-mc-11036908","manufacturer_communication","2026-09-04","Service bulletin TSB_2068999_4","AUDI A3 2015/2016/2017/2018/2019/2020/2022/2023/2024/2025/2026; AUDI A3 CABRIOLET 2015/2016/2017/2018/2019; AUDI A3 SPORTBACK E-TRON 2016/2017/2018; AUDI A4 2017/2018/2019/2020/2021/2022/2023/2024/2025; AUDI A4 ALLROAD 2017/2018/2019/2020/2021/2022/2023/2024/2025; AUDI A5 2018/2019/2020/2021/2022/2023/2024/2025/2026; AUDI A5 CABRIOLET 2018/2019/2020/2021/2022/2023/2024; AUDI A5 SPORTBACK 2018/2019/2020/2021/2022/2023/2024/2025; AUDI A6 2013/2014/2015/2016/2017/2018/2019/2020/2021/2022/2023/2024/2025/2026/2027; AUDI A6 ALLROAD 2020/2021/2022/2023/2024/2025/2026; AUDI A6 SPORTBACK E-TRON 2025/2027; AUDI A7 2013/2014/2015/2016/2017/2018/2019/2020/2021/2022/2023/2024/2025","This TSB describes a corrosion issue due to outside influence and the prohibition of warranty in these cases.","https://www.nhtsa.gov/recalls?nhtsaId=11036908","",""
"far","79.1467","subaru-outback","2020 Subaru Outback Premium","nhtsa-cmpl-11763713","complaint","2026-09-11","Owner complaint 11763713: HONDA ODYSSEY 2012","HONDA ODYSSEY 2012","The contact owns a 2012 Honda Odyssey. The contact stated that while the vehicle was parked or while driving at undisclosed speeds, the clock on the vehicle was flashing, causing a distraction to the driver while driving. The contact stated that the flashing of the clock was controlled by satellite GPS, and the system could not be reset. The dealer was contacted. The failure mileage was approximately 180,000.","https://www.nhtsa.gov/recalls?nhtsaId=11763713","",""
"far","79.1467","rivian-r1s","2023 Rivian R1S Adventure, Quad-Motor, Large pack","nhtsa-cmpl-11763336","complaint","2026-09-10","Owner complaint 11763336: HYUNDAI SANTA FE 2020","HYUNDAI SANTA FE 2020","At approximately 122,000 miles, my 2020 Hyundai Santa Fe experienced a serious engine malfunction while I was driving on the highway. The check engine light suddenly illuminated and the vehicle began thrusting/jerking forward unexpectedly. We immediately took action to exit the highway and were able to get off the highway, but the engine died before we could fully stop the vehicle. This created a serious safety risk because the unexpected jerking and subsequent loss of engine power occurred while traveling at highway speeds and could have resulted in loss of control or a collision. The vehicle was towed to a local independent mechanic. After inspecting it, the mechanic stated that the engine needed to be replaced and recommended taking it to a Hyundai dealership because of the continuing issues associated with the Theta II engine. The vehicle was then towed to the Hyundai dealership. The Hyundai dealership inspected the vehicle and determined that cylinders 2 and 4 were not firing and recommended replacing the valve shaft. We requested a complete engine replacement. Hyundai initially offered a 50/50 split of the repair cost, but after we requested an engine replacement, Hyundai dec","https://www.nhtsa.gov/recalls?nhtsaId=11763336","",""
"far","79.1467","toyota-tacoma","2024 Toyota Tacoma TRD Off-Road Double Cab","nhtsa-cmpl-11766339","complaint","2026-09-23","Owner complaint 11766339: FORD ESCAPE 2016","FORD ESCAPE 2016","See attached document for complaint.","https://www.nhtsa.gov/recalls?nhtsaId=11766339","",""
"far","79.1467","chevy-silverado","2022 Chevrolet Silverado 1500 LT Trail Boss Crew Cab","nhtsa-cmpl-11763128","complaint","2026-09-09","Owner complaint 11763128: GMC YUKON XL 2026","GMC YUKON XL 2026","Computer screen is black 90% of the time. During this vehicle has no back up cameras, no control of air conditioning, no control of heat or defrost, no heated seats, no mapping system, no vehicle safety display of tire pressure, oil life, brake life, no ability to control radio. These features cannot be turned on with manual push buttons as they are controlled thru the computer screen. 2 complaints to GMC have resulted in them stating they have no fix as it is a software issue. They have refused dealer request to replace the computer. As a [XXX] with health issues, the vehicle has sat parked due to no air conditioning. With NNY winter weather approaching, vehicle is unsafe without heat or defrost. Vehicle was purchased on XXX and problem was immediate. I find it amazing that GMC has had 9 months to resolve and they do not have a single competent software engineer! GMC case #XXX issued on XXX6. Buy back denied as GMC states it does not meet NYS Lemon law because vehicle is drivable. I disagree as I feel it is unsafe. GMC case # XXX opened on XXX. On XXX I was notified by phone from GMC that Tech case was being closed as they have no way of repairing. Again, requested new computer bu","https://www.nhtsa.gov/recalls?nhtsaId=11763128","",""
"far","79.1467","jeep-wrangler","2022 Jeep Wrangler Unlimited Rubicon 4xe","nhtsa-cmpl-11765962","complaint","2026-09-21","Owner complaint 11765962: BMW X5 2022","BMW X5 2022","The contact owns a 2022 BMW X5. The contact stated that while attempting to start the vehicle, the vehicle hesitated while starting. The vehicle was jump-started. The vehicle was taken to an independent mechanic to be diagnosed, and the contact was informed that the starter needed to be replaced. The vehicle was repaired. The manufacturer was notified of the failure. The failure mileage was 43,709.","https://www.nhtsa.gov/recalls?nhtsaId=11765962","",""
"far","79.1467","toyota-tacoma","2024 Toyota Tacoma TRD Off-Road Double Cab","nhtsa-mc-11037153","manufacturer_communication","2026-09-08","Service bulletin CSB26-150-004","SPARTAN FIRE GLADIATOR 2026; SPARTAN FIRE METROSTAR 2026","This service bulletin is about certain vehicles equipped with flip down grills that have the incorrect label installed on the grill.","https://www.nhtsa.gov/recalls?nhtsaId=11037153","",""
"far","79.1467","ford-mach-e","2023 Ford Mustang Mach-E GT, extended range","nhtsa-cmpl-11760892","complaint","2026-08-31","Owner complaint 11760892: FORD F-150 2017","FORD F-150 2017","On XXX, my [XXX] son was driving this 2017 Ford F-150 when the transmission suddenly downshifted while traveling on the road. The downshift was severe enough that the rear tires lost traction and the vehicle fishtailed, nearly resulting in an accident. The vehicle was taken to an authorized Ford dealer on 8/18/2026. We reported the sudden downshift, but the dealer was unable to duplicate the condition. The dealer performed Ford Recall 26S28/NHTSA 26V-237 and campaign 19G01, and the vehicle was returned on XXX. On XXX, only two days after the recall repair, the engine unexpectedly shut off while the vehicle was being driven. It restarted afterward. On XXX, the engine again unexpectedly stalled while the vehicle was moving. When the engine stopped, power-steering assist was lost and the driver had to coast the vehicle safely to the side of the road. The engine restarted immediately. When attempting to drive away, the transmission appeared to be starting in approximately third gear rather than first gear. After the vehicle was moving, the transmission eventually began operating normally again. Ford Customer Relationship Center was notified on XXX and formally documented these incident","https://www.nhtsa.gov/recalls?nhtsaId=11760892","",""
"far","79.1467","ford-bronco","2023 Ford Bronco Badlands 4-Door","nhtsa-mc-11036693","manufacturer_communication","2026-09-02","Service bulletin PIT6196A","BUICK ENCORE GX 2020/2021/2022/2023/2024/2025/2026; CHEVROLET TRAILBLAZER 2021/2022/2023/2024/2025/2026","This Preliminary Information provides a diagnostic tip for diagnosing an issue with Cruise Control, Adaptive Cruise and Lane Keep Assist Turns Off or Inoperative.","https://www.nhtsa.gov/recalls?nhtsaId=11036693","",""
"far","79.1467","tesla-model-x","2024 Tesla Model X Plaid","nhtsa-cmpl-11762621","complaint","2026-09-07","Owner complaint 11762621: TOYOTA RAV4 2020","TOYOTA RAV4 2020","cracking, bending, and failing liftgate hinges and struts.","https://www.nhtsa.gov/recalls?nhtsaId=11762621","",""
"far","79.1467","jeep-wrangler","2022 Jeep Wrangler Unlimited Rubicon 4xe","nhtsa-cmpl-11762335","complaint","2026-09-05","Owner complaint 11762335: CHRYSLER PACIFICA 2019","CHRYSLER PACIFICA 2019","On 7/16/26 vehicle would not start; high-pitched noise heard near engine during no-start diagnosis. Towed to Goldy Chrysler Dodge Jeep Ram, Huntington WV. Per dealer invoice #27136: blown 500-amp main battery fuse found; after jumping past fuse, white smoke from exhaust and no coolant in system, diagnosed as blown head gasket. Repair: both-side head gasket replacement plus fuse assembly. Vehicle in shop 7+ weeks, returned 9/4/26 with new unresolved issue: strong smell of burned electronics and antifreeze in cabin. All failed components available for inspection upon request. Safety risk: head gasket failure/coolant intrusion caused engine hydrolock, a sudden uncommanded loss of engine power that can occur without warning, including while driving in traffic. Burned-electronics smell raises electrical/fire risk; antifreeze odor raises cabin fume exposure and window-fogging visibility concerns. Confirmed by dealer: Yes. Goldy diagnosed and documented the fuse failure, coolant loss, and head gasket failure in writing, and performed the repair. Manufacturer/police/insurance inspection: Not by police or insurance. Spoke by phone with a Chrysler HQ rep 5 times (8/13-9/1/26) who was informe","https://www.nhtsa.gov/recalls?nhtsaId=11762335","",""
"far","79.1467","toyota-camry","2023 Toyota Camry SE","nhtsa-mc-11036466","manufacturer_communication","2026-08-29","Manufacturer communication PI2605_OWNR","KIA EV6 2025/2026","PRODUCT IMPROVEMENT CAMPAIGN: OWNER NOTIFICATION (PI2605) - This document is the owner notification advising that Kia is conducting a Product Improvement Campaign on certain 2025-2026 MY EV6 vehicles to upgrade the Battery Management System (BMS) diagnostic software logic. Our records indicate that you own or lease one of the potentially affected vehicles.","https://www.nhtsa.gov/recalls?nhtsaId=11036466","",""
"far","79.1467","porsche-911","2022 Porsche 911 Carrera S (992)","nhtsa-cmpl-11760216","complaint","2026-08-28","Owner complaint 11760216: JEEP WRANGLER 2026","JEEP WRANGLER 2026","Vehicle has a bad stumble/misfire under light load around 19 mph and 40 mph the vehicle lunges forward.After being at the dealership for over a month, They say it is normal operation that all their vehicles 3.6L.Being a mechanic for 30 years this is not normal operating conditions. I have researched this online as many Jeep owners complain about the same problem.","https://www.nhtsa.gov/recalls?nhtsaId=11760216","",""
"far","79.1467","ford-bronco","2023 Ford Bronco Badlands 4-Door","nhtsa-mc-11036871","manufacturer_communication","2026-09-04","Service bulletin V0126032083018_1","VOLKSWAGEN JETTA 2022; VOLKSWAGEN TAOS 2022","Update Programming of the Engine/Motor Control Module -J623-","https://www.nhtsa.gov/recalls?nhtsaId=11036871","",""
"far","79.1467","bmw-x5","2021 BMW X5 xDrive45e","nhtsa-mc-11037287","manufacturer_communication","2026-09-11","Manufacturer communication LX3 2026 Postcard","HYUNDAI PALISADE 2026; HYUNDAI PALISADE HYBRID 2026","Updates have been made to your vehicle Owner’s Manual regarding the instructions for the second- and third-row power seat operation.","https://www.nhtsa.gov/recalls?nhtsaId=11037287","",""
"far","79.1467","toyota-camry","2023 Toyota Camry SE","nhtsa-mc-11036469","manufacturer_communication","2026-08-31","Over-the-air update notice 663.20","CADILLAC ESCALADE 2026; CADILLAC ESCALADE ESV 2026; CHEVROLET SUBURBAN 1500 2026; CHEVROLET TAHOE 2026; GMC YUKON 2026; GMC YUKON XL 2026","• Improves transmission diagnostic software. • Reduces unnecessary check engine light activations. • Improved braking performance and reduced unnecessary messages and alerts","https://www.nhtsa.gov/recalls?nhtsaId=11036469","",""
"far","79.1467","rivian-r1s","2023 Rivian R1S Adventure, Quad-Motor, Large pack","nhtsa-mc-11037321","manufacturer_communication","2026-09-16","Service campaign N262558690","BUICK ENCLAVE 2022; CADILLAC ESCALADE 2022; CADILLAC ESCALADE ESV 2022; CHEVROLET CAMARO 2022; CHEVROLET COLORADO 2023; CHEVROLET EQUINOX 2023; CHEVROLET SILVERADO 1500 2022/2023; CHEVROLET SUBURBAN 2022; CHEVROLET SUBURBAN 1500 2022; CHEVROLET TAHOE 2022; CHEVROLET TRAVERSE 2022; GMC CANYON 2023","General Motors has decided to conduct a Voluntary Emission Recall. Certain vehicles may have a condition which can cause the fuel pump power control module to fail. If this were to occur, fuel flow to the engine could be interrupted. Dealers will replace the fuel pump power control module.","https://www.nhtsa.gov/recalls?nhtsaId=11037321","",""
"far","79.1467","toyota-tacoma","2024 Toyota Tacoma TRD Off-Road Double Cab","nhtsa-mc-11036942","manufacturer_communication","2026-09-04","Service bulletin TSB_2081656_2","AUDI A5 2025/2026; AUDI A6 2026/2027; AUDI A6 SPORTBACK E-TRON 2025/2027; AUDI Q5 2025/2026; AUDI Q5 SPORTBACK 2025/2026; AUDI Q6 E-TRON 2025/2027; AUDI Q6 SPORTBACK E-TRON 2025/2027; AUDI S5 2025/2026; AUDI S6 SPORTBACK E-TRON 2025/2027; AUDI SQ5 2025/2026; AUDI SQ5 SPORTBACK 2025/2026; AUDI SQ6 E-TRON 2025/2027","This bulletin provides information when central locking is not working; DTC B147611 or B147711 in diagnostic address 0009.","https://www.nhtsa.gov/recalls?nhtsaId=11036942","",""
"far","79.1467","subaru-outback","2020 Subaru Outback Premium","nhtsa-cmpl-11763271","complaint","2026-09-10","Owner complaint 11763271: FORD EDGE 2018","FORD EDGE 2018","Coolant intrusion on cylinder 1.","https://www.nhtsa.gov/recalls?nhtsaId=11763271","",""
"far","79.1467","honda-crv","2023 Honda CR-V Sport Touring Hybrid","nhtsa-cmpl-11764246","complaint","2026-09-14","Owner complaint 11764246: TOYOTA GRAND HIGHLANDER 2026","TOYOTA GRAND HIGHLANDER 2026","My 2026 Toyota Grand Highlander XLE has a recurring gasoline smell near the rear driver’s side after long trips or when parked with the engine idling. The source of the odor and the specific component involved are unknown. I am concerned about a possible fuel or vapor leak and the potential fire risk to myself and my passengers.","https://www.nhtsa.gov/recalls?nhtsaId=11764246","",""
"far","79.1467","subaru-outback","2020 Subaru Outback Premium","nhtsa-mc-11037113","manufacturer_communication","2026-09-08","Service bulletin JLRTB02149NAS3 -14AUG26","LAND ROVER RANGE ROVER 2022/2023/2024/2025/2026; LAND ROVER RANGE ROVER SPORT 2023/2024/2025/2026","Fuel Vapor Smell in Passenger Compartment","https://www.nhtsa.gov/recalls?nhtsaId=11037113","",""
"far","79.1467","hyundai-ioniq5","2023 Hyundai Ioniq 5 SEL AWD Long Range","nhtsa-mc-11036488","manufacturer_communication","2026-08-31","Over-the-air update notice 663.60","CADILLAC CELESTIQ 2025/2026","• Improvements to prevent loss of audio, including chimes and turn signal indicator sound • Reduced brightness of front passenger display to improve viewing at night","https://www.nhtsa.gov/recalls?nhtsaId=11036488","",""
"far","79.1467","toyota-camry","2023 Toyota Camry SE","nhtsa-mc-11036405","manufacturer_communication","2026-08-27","Service bulletin A26-006","HONDA ACCORD HYBRID 2018/2019/2020/2021/2022","Service Bulletin - Under certain conditions, the cylinder head gasket effectiveness may be reduced which may cause vehicles to experience overheating, coolant loss, misfire and/or DTCs P0300 thru P0304 stored.","https://www.nhtsa.gov/recalls?nhtsaId=11036405","",""
"far","79.1467","subaru-outback","2020 Subaru Outback Premium","nhtsa-mc-11036912","manufacturer_communication","2026-09-04","Service bulletin TSB_2070281_5","AUDI RS Q8 2020/2021/2022/2023/2024/2025/2026; AUDI SQ7 2020/2021/2022/2023/2024/2025/2026; AUDI SQ8 2020/2021/2022/2023/2024/2025/2026","This bulletin provides information when the MIL is on, DTC P310B00 is stored; low fuel pressure regulation, fuel pressure outside of tolerance, symptom 2638.","https://www.nhtsa.gov/recalls?nhtsaId=11036912","",""
"far","79.1467","toyota-camry","2023 Toyota Camry SE","nhtsa-cmpl-11766196","complaint","2026-09-22","Owner complaint 11766196: FORD F-150 2018","FORD F-150 2018","While driving my brakes went from normal, to squishy, to total loss of brakes. Brake indicator light came on while in the squishy phase. After avoid collision by nothing other than sure luck I was able to slow the vehicle and use the emergency brake to stop. Once stopped I popped the hood and found the master cylinder to be all but empty. I obtained brake fluid, filled the cylinder and the brakes appeared to be normal. After a very short drive I lost brake function again and the MC was empty. No leaks could be found from lines or around the wheels Truck was towed to an independent shop where the diagnostic determined the master cylinder seal had failed and leaked brake fluid into the brake booster. I believe the Hitachi master cylinder failure is a known Ford defect. It has been recalled on the 3.5L model F150's but not the 2.7L and 5.0L models. My loss of brakes could have led to serious or fatal traffic incidence. The master cylinder is defective on all models of the years involving the recall of the 3.5L models. The recall should be extended before someone loses their life. Please look to extend the recall to include the other models of F150s.","https://www.nhtsa.gov/recalls?nhtsaId=11766196","",""
"far","79.1467","ram-2500","2019 Ram 2500 Laramie Crew Cab","nhtsa-mc-11037058","manufacturer_communication","2026-09-04","Service bulletin No. 2109-3","PORSCHE 911 2020/2021/2022/2023/2024/2025/2026; PORSCHE 911 4S 2022; PORSCHE 911 CARRERA 2020/2021/2022/2023/2024/2025/2026; PORSCHE 911 CARRERA 4 2023; PORSCHE 911 CARRERA 4 GTS 2022/2023; PORSCHE 911 CARRERA 4S 2023; PORSCHE 911 CARRERA GTS 2022/2023/2024; PORSCHE 911 CARRERA S 2020/2021/2023; PORSCHE 911 CARRERA T 2023/2024; PORSCHE 911 DAKAR 2023/2024; PORSCHE 911 GT3 2021/2022/2023/2024/2025/2026; PORSCHE 911 GT3 RS 2023/2024","Information on Advanced Technical Information for Critical 12V Li-ion Battery Recycling","https://www.nhtsa.gov/recalls?nhtsaId=11037058","",""
"far","79.1467","subaru-outback","2020 Subaru Outback Premium","nhtsa-mc-11037193","manufacturer_communication","2026-09-09","Service bulletin T-TT-0808-26","TOYOTA COROLLA CROSS 2025/2026","Customer states MIL ON (P04602A) and fuel gauge indicating incorrect fuel level, showing that there is more/less fuel in the vehicle.","https://www.nhtsa.gov/recalls?nhtsaId=11037193","",""
"far","79.1467","chevy-silverado","2022 Chevrolet Silverado 1500 LT Trail Boss Crew Cab","nhtsa-mc-11036387","manufacturer_communication","2026-08-27","Service bulletin MC770126","BMW R 1300 RT 2026","The mechanism of the release lever is jammed. When trying to open the case, the release lever does not open after the lock barrel has been pressed.","https://www.nhtsa.gov/recalls?nhtsaId=11036387","",""
"far","79.1467","ford-bronco","2023 Ford Bronco Badlands 4-Door","nhtsa-mc-11036550","manufacturer_communication","2026-09-01","Manufacturer communication 26N15","FORD ESCAPE PHEV 2020/2021/2022/2023/2024/2025/2026; LINCOLN CORSAIR PHEV 2021/2022/2023/2024/2025/2026","Customer Satisfaction Program 26N15 Certain 2020-2026 Model Year Escape and 2021-2026 Model Year Corsair Plug-in Hybrid Electric Vehicles (PHEV) – High Voltage Battery Replacement","https://www.nhtsa.gov/recalls?nhtsaId=11036550","",""
"far","79.1467","subaru-outback","2020 Subaru Outback Premium","nhtsa-cmpl-11765767","complaint","2026-09-21","Owner complaint 11765767: HYUNDAI SONATA HYBRID 2015","HYUNDAI SONATA HYBRID 2015","The contact owns a 2015 Hyundai Sonata. The contact stated that while driving approximately 65 MPH, the vehicle failed to properly accelerate. Later, while attempting to accelerate from a yield sign, the vehicle suddenly stalled. The vehicle was later towed to the local dealer to be diagnosed, and it was determined that the engine bearings had failed and the engine needed to be replaced. The manufacturer was notified of the failure. The failure mileage was 97,000.","https://www.nhtsa.gov/recalls?nhtsaId=11765767","",""
"far","79.1467","hyundai-ioniq5","2023 Hyundai Ioniq 5 SEL AWD Long Range","nhtsa-mc-11037109","manufacturer_communication","2026-09-06","Service bulletin PIT6542","CHEVROLET EQUINOX 2025/2026/2027; GMC TERRAIN 2025/2026/2027","This preliminary information addresses a clunk noise in the front suspension traced to the control arm bushings.","https://www.nhtsa.gov/recalls?nhtsaId=11037109","",""
"far","79.1467","subaru-outback","2020 Subaru Outback Premium","nhtsa-mc-11036852","manufacturer_communication","2026-09-03","Service campaign NCU - 2026060005","MERCEDES-BENZ AMG S 63 E 4MATIC+ 2026; MERCEDES-BENZ S 500 4MATIC 2026; MERCEDES-BENZ S 580 4MATIC 2026; MERCEDES-BENZ S 580 E 4MATIC 2026; MERCEDES-MAYBACH S 580 4MATIC 2026; MERCEDES-MAYBACH S 680 4MATIC 2026","Issue The transmission control unit (VGS) in the automatic transmission does not comply with our currently valid specifications in the vehicles of the above-mentioned model series delivered to you. It is possible that the polarities of the magnets in the transmission control unit (VGS) have been swapped. This could in turn result in shift quality issues and gear lockouts. Remedy MBUSA will conduct a service campaign. We therefore request that you replace the electrohydraulic controller unit (EHS) of the automatic transmission in the affected vehicles. Please refer to the attached work description for details on the operations required.","https://www.nhtsa.gov/recalls?nhtsaId=11036852","",""
"far","79.1467","rivian-r1s","2023 Rivian R1S Adventure, Quad-Motor, Large pack","nhtsa-mc-11036970","manufacturer_communication","2026-09-04","Service bulletin TSB_2082962_1","AUDI Q4 E-TRON 2024/2025/2026; AUDI Q4 SPORTBACK E-TRON 2024/2025/2026","This bulletin provides information about the combined softare update ID.S 5.6.3 Audi Q4 - with V7T and without S7E.","https://www.nhtsa.gov/recalls?nhtsaId=11036970","",""
"far","79.1467","ram-2500","2019 Ram 2500 Laramie Crew Cab","nhtsa-cmpl-11764168","complaint","2026-09-14","Owner complaint 11764168: CHEVROLET COLORADO 2018","CHEVROLET COLORADO 2018","Crankshaft Position Tone Wheel delaminated, mechanic changed it out and not sure what they did with it. Stalled vehicle on uphill passing lane during rush hour traffic, cars where inches from me as they passed at 65-70 mph, I called 911 and had a state trooper come and direct traffic. Joe's Garage inspected my vehicle and did the repair. It was not inspected by anyone besides Joe's Garage to my knowledge. No warning, dashlights came on after engine stalled.","https://www.nhtsa.gov/recalls?nhtsaId=11764168","",""
"far","79.1467","ford-mach-e","2023 Ford Mustang Mach-E GT, extended range","nhtsa-mc-11037450","manufacturer_communication","2026-09-23","Service bulletin P003","KENWORTH T680 2025; KENWORTH T880 2025; PETERBILT 579 2025/2026","""KW: A link to the PACCAR Powertrain Prognostics Webcast has been added in the Links section. PB: The chassis list has been updated to include 1 chassis. The total chassis count is now 10. A link to the PACCAR Powertrain Prognostics Webcast has been added in the Links section.""","https://www.nhtsa.gov/recalls?nhtsaId=11037450","",""
"far","79.1467","kia-telluride","2022 Kia Telluride SX","nhtsa-cmpl-11765364","complaint","2026-09-18","Owner complaint 11765364: BMW X5 2018","BMW X5 2018","TWO INCIDENTS ACCURED WITH 24HRS. MY WIFE CALLED ME INFORMING THAT THE 2018 X5 WAS SMOKING FROM THE FRONT AND MAKING A WEIRD NOISE, SHE STOPPED THE VEHICLE AND THE VEHICLE STARTED AGAIN. WHEN SHE GOT HOME, I CHECKED THE UNDER THE HOOD, BUT COULD NOT SEE ANYTHING. BUT, CAN SMELL LIKE BURNED WIRING, BUT NOT VISIBLE. I CONNECTED EV WIRE TO THE VEHICLE AND NEXT MORNING DISCONNECTED THE CABLE AND WHEN I STARTED THE VEHICLE, I SAW SMOKE COMING OUT OF THE INSIDE BOTTOM OF THE REAR WHERE THE BATTERIES ARE LOCATED. I OPENED THE REAR DOOR AND RAISED THE COVER TO SEE SMOKE COMING FROM MELTED WIRING. I IMMEDIATELLY DISCONNECTED ONE OF THE BATTERY WIRES.","https://www.nhtsa.gov/recalls?nhtsaId=11765364","",""
"far","79.1467","ram-2500","2019 Ram 2500 Laramie Crew Cab","nhtsa-mc-11037065","manufacturer_communication","2026-09-04","Over-the-air update notice WTH1","PORSCHE MACAN 4 ELECTRIC 2026; PORSCHE MACAN ELECTRIC 2026; PORSCHE MACAN TURBO ELECTRIC 2026","Porsche intranet post for Campaign WTH1 Over-the-Air (OTA) Update - Reprogramming high-voltage central box (JX6)","https://www.nhtsa.gov/recalls?nhtsaId=11037065","",""
"far","79.1467","jeep-wrangler","2022 Jeep Wrangler Unlimited Rubicon 4xe","nhtsa-rcl-26E062000","recall","2026-09-03","Recall 26E062000: ENGINE AND ENGINE COOLING:COOLING SYSTEM","CASCO COOLANT LEVEL(ECL) SENSOR ","Nova Bus (US) Inc. (Nova Bus) is recalling certain Casco engine coolant level sensors with part number N108036. The coolant sensor could send a false signal, causing the engine to shut down.","https://www.nhtsa.gov/recalls?nhtsaId=26E062000","",""
"far","79.1467","tesla-model-x","2024 Tesla Model X Plaid","nhtsa-mc-11036578","manufacturer_communication","2026-09-01","Service bulletin M1733","HARLEY-DAVIDSON FLDE 2017/2018/2019/2020; HARLEY-DAVIDSON FLFB 2018/2019; HARLEY-DAVIDSON FLFBS 2018/2019/2020/2021/2022/2023; HARLEY-DAVIDSON FLFBS ANV 2018; HARLEY-DAVIDSON FLFBS ANX 2018; HARLEY-DAVIDSON FLFBSANV 2020/2023; HARLEY-DAVIDSON FLH 2021; HARLEY-DAVIDSON FLHC 2018/2019/2020/2021; HARLEY-DAVIDSON FLHCS 2018/2019/2020/2021/2022/2023; HARLEY-DAVIDSON FLHCS ANV 2018/2019/2020/2021/2022/2023; HARLEY-DAVIDSON FLHFB 2023; HARLEY-DAVIDSON FLHP 2017/2018/2019/2020/2021/2022/2023","SERVICE BULLETIN M1733: COSMETIC CYLINDER STAINING (ALL MILWAUKEE-EIGHT MODELS). PURPOSE: Initial release. This bulletin informs dealers that cosmetic staining or etching on the inside of the cylinder bore does not have an impact on engine performance, oil consumption, or overall functionality. This bulletin provides example images of cylinders with cosmetic staining, and images of cases where cylinder replacement would be recommended.","https://www.nhtsa.gov/recalls?nhtsaId=11036578","",""
"far","79.1467","toyota-tacoma","2024 Toyota Tacoma TRD Off-Road Double Cab","nhtsa-mc-11037051","manufacturer_communication","2026-09-04","Service bulletin No. 71-26","PORSCHE MACAN 4 ELECTRIC 2024/2025; PORSCHE MACAN 4S ELECTRIC 2025; PORSCHE MACAN ELECTRIC 2024/2025; PORSCHE MACAN TURBO ELECTRIC 2024/2025","Technical Information for The Second Hand of the Sport Chrono Clock (Stopwatch) Runs Unevenly or Jumps Anti-Clockwise","https://www.nhtsa.gov/recalls?nhtsaId=11037051","",""
"far","79.1467","toyota-camry","2023 Toyota Camry SE","nhtsa-mc-11036457","manufacturer_communication","2026-08-29","Over-the-air update notice OTA_ELE427_RELEASE_NOTES","KIA EV9 2025/2026","OVER-THE-AIR: OVER-THE-AIR SOFTWARE UPDATE FOR COMMUNICATION CONTROL UNIT: This Over-the-Air (OTA)software update is designed to update the Communication Control Unit (CCU) logic of certain 2025 – 2026MY EV9 vehicles. This update is designed to improve the Communication Control Unit (CCU) logic to enhance charging-related messaging in the app.","https://www.nhtsa.gov/recalls?nhtsaId=11036457","",""
"far","79.1467","bmw-x5","2021 BMW X5 xDrive45e","nhtsa-cmpl-11761425","complaint","2026-09-01","Owner complaint 11761425: CHRYSLER PACIFICA 2018","CHRYSLER PACIFICA 2018","While driving my 2018 Chrysler Pacifica FWD with approximately 86,000 miles, I have noticed abnormal steering behavior when going around gradual curves. The steering does not feel smooth and natural through the turn, and I feel like I have to pull/force the steering wheel to continue through the curve. The steering can feel like it is sticking or resisting rather than smoothly following the turn. This is concerning because it affects the vehicle’s steering response while driving. I brought the vehicle to a mechanic, who inspected it and diagnosed a problem with the steering rack assembly. I was quoted approximately $3,400 to replace the steering rack assembly. I am reporting this because I understand NHTSA is investigating steering problems involving 2017–2018 Chrysler Pacifica vehicles, including reports of steering sticking during gradual turns. The steering wheel does not simply pull to one side; rather, it feels as though the steering itself is resisting or sticking while I am making the turn.","https://www.nhtsa.gov/recalls?nhtsaId=11761425","",""
"far","79.1467","jeep-wrangler","2022 Jeep Wrangler Unlimited Rubicon 4xe","nhtsa-cmpl-11764597","complaint","2026-09-16","Owner complaint 11764597: VOLVO C40BEV 2023","VOLVO C40BEV 2023","Volvo offers a One-Pedal Drive (OPD) where the car can be driven exclusively with the accelerator on its C40 electric cars. Foot off is braking and foot on is accelerating. While using this mode I experienced an uncommanded acceleration of the vehicle. I was creeping forward, applying slight pressure on the accelerator, when the car lurched forward suddenly and was close to impacting a stopped car in front of me. The amount the car accelerated did not match the amount of pressure I exerted on the accelerator pedal. After the car in front of me moved up, I again began to creep and again the car began to lurch forward suddenly in a manner that did not match the amount of pressure I exerted on the pedal. After this I turned off OPD and made a report to Volvo regarding the uncommanded acceleration incident. Road conditions were dry, weather was clear and about 85-90F, there was one car in front of me, and I almost exclusively used OPD before this incident so I was familiar with the pressures required to accelerate","https://www.nhtsa.gov/recalls?nhtsaId=11764597","",""
"far","79.1467","rivian-r1s","2023 Rivian R1S Adventure, Quad-Motor, Large pack","nhtsa-cmpl-11760138","complaint","2026-08-27","Owner complaint 11760138: JEEP COMPASS 2018","JEEP COMPASS 2018","The contact owns a 2018 Jeep Compass. The contact stated while driving at an undisclosed speed, the infotainment center display intermittently was distorted, flashed on and off, and independently initiated calls; the contact stated that the failure occurred every time the temperature was warm and/or hot outside and inside of the vehicle and that when the air conditioner was on and/or it was cold outside the vehicle returned to normal operation. No warning lights were illuminated. The vehicle was taken to a dealer where it was diagnosed that the infotainment screen display was delaminated and that an unknown part needed to be replaced. The vehicle was not repaired. The manufacturer was notified of the failure. The failure mileage was approximately 160,000.","https://www.nhtsa.gov/recalls?nhtsaId=11760138","",""
"far","79.1467","toyota-camry","2023 Toyota Camry SE","nhtsa-mc-11037337","manufacturer_communication","2026-09-17","Service bulletin 23-039-26","JEEP WRANGLER 2026","Steel Hood Vent Gap Customers may comment on one or more of the following: SYMPTOM: ● Gap between Steel Hood Vent and Performance Hood Fig. 1. ● Buzz, squeak and rattle noise. ● Hood pad water soaked after rain. ● Water leak through into the engine compartment. This bulletin involves Inspecting and possibly reseating the plastic hood vent.","https://www.nhtsa.gov/recalls?nhtsaId=11037337","",""
"far","79.1467","toyota-tacoma","2024 Toyota Tacoma TRD Off-Road Double Cab","nhtsa-mc-11036740","manufacturer_communication","2026-09-03","Manufacturer communication 167-P2609-2","HINO HINO ","PARTS TRAINING","https://www.nhtsa.gov/recalls?nhtsaId=11036740","",""
"far","79.1467","ram-2500","2019 Ram 2500 Laramie Crew Cab","nhtsa-rcl-26V592000","recall","2026-09-11","Recall 26V592000: EQUIPMENT ADAPTIVE/MOBILITY:WHEELCHAIR LIFT/RAMP:CONTROLS/CONTROL WIRING","FARBER SPECIALTY CHEVROLET 7500XD 2025; FARBER SPECIALTY FORD E450 2023/2024/2025/2026; FARBER SPECIALTY FORD F550 2022/2023/2024/2025; FARBER SPECIALTY FORD F600 2024; FARBER SPECIALTY FORD F650 2027; FARBER SPECIALTY FORD TRANSIT 2024/2025; FARBER SPECIALTY FREIGHTLINER M2 2024; FARBER SPECIALTY FREIGHTLINER M2 106 2024; FARBER SPECIALTY FREIGHTLINER MT50E 2024; FARBER SPECIALTY FREIGHTLINER MT55 2023/2024; FARBER SPECIALTY INTERNATIONAL MV607 SBA 4X2 2024; FARBER SPECIALTY M-B SPRINTER 2022/2023/2024/2025","Farber Specialty Vehicles (Farber Specialty) is recalling certain Farber vehicles equipped with certain S-Series and K-Series wheelchair platform lifts. Please see the recall report for a complete list of models. The electrical contactor may fail, preventing the controls from stopping the lift.","https://www.nhtsa.gov/recalls?nhtsaId=26V592000","",""
"far","79.1467","honda-crv","2023 Honda CR-V Sport Touring Hybrid","nhtsa-cmpl-11761360","complaint","2026-09-01","Owner complaint 11761360: HONDA ODYSSEY 2019","HONDA ODYSSEY 2019","The multipurpose camera went out due to heat apparently and stops the advanced driver assistance systems from working on the vehicle. It was taken to a dealership and was told it’s a known issue and is about 2k to fix.","https://www.nhtsa.gov/recalls?nhtsaId=11761360","",""
"far","79.1467","jeep-wrangler","2022 Jeep Wrangler Unlimited Rubicon 4xe","nhtsa-mc-11037434","manufacturer_communication","2026-09-22","Service bulletin 26-EM-014H TSB","HYUNDAI TUCSON 2016/2017/2018/2019/2020/2021","Some Tucson (TL) vehicles equipped with a 2.0L engine may exhibit a continued DTC P132600 after an ECM logic update has been performed per TSB 24-01-068H, Engine Monitoring Logic (Service Campaign 966). This bulletin provides instructions to inspect and resolve other engine mechanical issues and if DTC P132600 remains, then a procedure and manual mode passwords are given to perform the update again in manual mode to resolve this condition.","https://www.nhtsa.gov/recalls?nhtsaId=11037434","",""
"far","79.1467","tesla-model-x","2024 Tesla Model X Plaid","nhtsa-mc-11037443","manufacturer_communication","2026-09-22","Service bulletin PIT6548","CHEVROLET EQUINOX EV 2026","This preliminary information is explaining a possible scenario where the door locks may not manually lock using the door handle pad in temperatures above 90 degrees F.","https://www.nhtsa.gov/recalls?nhtsaId=11037443","",""
"far","79.1467","ford-bronco","2023 Ford Bronco Badlands 4-Door","nhtsa-mc-11036812","manufacturer_communication","2026-09-03","Service bulletin WRG-26R","SUBARU SOLTERRA 2026","Subaru of America, Inc. (Subaru) has initiated a safety recall for certain 2026 model year Solterra vehicles to update the software of the battery ECU. This is an revised version of the original bulletin.","https://www.nhtsa.gov/recalls?nhtsaId=11036812","",""
"far","79.1467","porsche-911","2022 Porsche 911 Carrera S (992)","nhtsa-mc-11036729","manufacturer_communication","2026-09-03","Warranty program CSP14 Owner Ltr e","MAZDA CX-90 2024/2025/2026; MAZDA CX-90 PLUG-IN HYBRID 2024/2025/2026","CSP14 – 2024-2026 CX-90 Subject: Mazda Rear Brake Pad Customer Service Program Limited Warranty Extension – (CSP14 – CX-90 models) - Phase 1 Mailing – May 2026 In late April we announced two Customer Service Programs (CSP14 & CSP15) where certain vehicles are covered under these two Limited Warranty Extensions, (defined as “Covered Vehicle”); 2024-2026 CX-90 (CSP14) and 2025-2026 CX-70 (CSP15) produced November 18, 2025 and prior. Owner Notification: We are pleased to announce the first phase of Owner Letters will mail on May 29, 2026, to approximately 18,000 owners in campaign CSP14. As stated in our prior communication, we will send subsequent dealer emails with future phased mailings planned throughout Summer 2026. We have also released the Repair Procedure under TSB 04-003/26, the Parts & Warranty information and updated all dealer-facing FAQ documents. ATTENTION ALL DEALERS - Vehicles to be repaired: Due to limited parts supply only the vehicles in this notice can be repaired. To help your Mazda dealer staff identify which vehicles can be repaired we have created an Excel-based VIN look-up tool in Mazda Global Service Support (MGSS) under this campaign. Please enter the VIN in","https://www.nhtsa.gov/recalls?nhtsaId=11036729","",""
"far","79.1467","hyundai-ioniq5","2023 Hyundai Ioniq 5 SEL AWD Long Range","nhtsa-mc-11036710","manufacturer_communication","2026-09-02","Service campaign DRW60 Dlr Ltr","MAZDA CX-50 2026; MAZDA CX-50 HYBRID 2026","Subject: Notification of Dealer Re-Work (DRW60) – 2026MY CX-50 and CX-50 Hybrid - Rear Door Glass Holder Detach Issue Dear Mazda Dealer Colleagues, Mazda Motor Corporation has decided to conduct a Dealer Re-Work on certain 2026MY CX-50 and CX-50 Hybrid vehicles. Please see the description, model, year, and VIN range below. Concern Outline: On certain subject vehicles, the rear door glass holder may detach from the door glass due to improper urethane adhesion. If the glass holder separates from the door glass, a rattling noise may occur, and the door glass may not roll down. Repair Outline: Replace both rear door glass in the vehicle (the rear door quarter glass is not affected).","https://www.nhtsa.gov/recalls?nhtsaId=11036710","",""
"far","79.1467","toyota-tacoma","2024 Toyota Tacoma TRD Off-Road Double Cab","nhtsa-mc-11037186","manufacturer_communication","2026-09-09","Warranty program 24TE04","TOYOTA AVALON 2019/2020/2021; TOYOTA AVALON HYBRID 2019/2020/2021; TOYOTA CAMRY 2018/2019/2020/2021; TOYOTA CAMRY HYBRID 2018/2019/2020/2021; TOYOTA COROLLA 2020/2021; TOYOTA COROLLA HATCHBACK 2019/2020/2021; TOYOTA HIGHLANDER HYBRID 2020/2021; TOYOTA RAV4 2019/2020/2021; TOYOTA RAV4 HYBRID 2019/2020/2021; TOYOTA RAV4 PRIME 2021; TOYOTA SIENNA HYBRID 2021; TOYOTA VENZA HYBRID 2021","Although the flow shut-off valve is covered by Toyota’s New Vehicle Limited Warranty for 36 months or 36,000 miles (whichever comes first), we at Toyota care about the customers’ ownership experience. Toyota is providing coverage for repairs related to Flow Shut-off Valve Coolant Leak.","https://www.nhtsa.gov/recalls?nhtsaId=11037186","",""
"far","79.1467","ford-mach-e","2023 Ford Mustang Mach-E GT, extended range","nhtsa-cmpl-11762452","complaint","2026-09-06","Owner complaint 11762452: CHRYSLER PACIFICA 2017","CHRYSLER PACIFICA 2017","Steering is sticking at 11:00 and 1:00 positions.","https://www.nhtsa.gov/recalls?nhtsaId=11762452","",""
"far","79.1467","ford-bronco","2023 Ford Bronco Badlands 4-Door","nhtsa-mc-11037378","manufacturer_communication","2026-09-18","Service bulletin CSR-3319","ALTEC DIGGER DERRICK 2026; ALTEC SERVICE BODY 2026","Altec Industries, Inc. has been notified by Daimler Truck that a condition related to operation or customer satisfaction exists in certain 2026 Freightliner 108SD, 114SD, M2, and Western Star 47X vehicles equiped with Altec equipment. Due to a software integration delay, certain vehicles ordered with Detroit Assurance were not equipped with Automatic Cruise Control (ACC).","https://www.nhtsa.gov/recalls?nhtsaId=11037378","",""
"far","79.1467","ford-mach-e","2023 Ford Mustang Mach-E GT, extended range","nhtsa-mc-11037144","manufacturer_communication","2026-09-08","Manufacturer communication N881 Discovery 21AUG26","LAND ROVER DISCOVERY 2017/2018/2019/2020","Malfunction Indicator Lamp (MIL) may illuminate if the vehicle is refueled within 15 seconds of turning the engine off.","https://www.nhtsa.gov/recalls?nhtsaId=11037144","",""
"far","79.1467","subaru-outback","2020 Subaru Outback Premium","nhtsa-mc-11037420","manufacturer_communication","2026-09-21","Service bulletin TSB 26-2421","FORD MUSTANG MACH E 2024/2025","This bulletin updates 25-2622. Reason for update: * Update the Service Procedure to: - Remove Step related connecting a battery charger - Add Step 7 and Step 29 along with Figure 4 to include mass damper remove and install. * Update the Parts list: - Updated to include rear electric drive assembly studded bolts and nuts to secure the mass damper. Some of the vehicles listed in the Model statement above may exhibit at least one of the following conditions: * Stuck in park * ""Service Vehicle Soon"" message in the instrument panel cluster (IPC) * Illuminated powertrain malfunction (wrench) indicator with diagnostic trouble code (DTC) P07E6:71 stored in the secondary on-board diagnostic control module C (SOBDMC) This may be due to high ground resistance of the park pawl motor.","https://www.nhtsa.gov/recalls?nhtsaId=11037420","",""
"far","79.1467","hyundai-ioniq5","2023 Hyundai Ioniq 5 SEL AWD Long Range","nhtsa-mc-11037450","manufacturer_communication","2026-09-23","Service bulletin P003","KENWORTH T680 2025; KENWORTH T880 2025; PETERBILT 579 2025/2026","""KW: A link to the PACCAR Powertrain Prognostics Webcast has been added in the Links section. PB: The chassis list has been updated to include 1 chassis. The total chassis count is now 10. A link to the PACCAR Powertrain Prognostics Webcast has been added in the Links section.""","https://www.nhtsa.gov/recalls?nhtsaId=11037450","",""
"far","79.1467","ram-2500","2019 Ram 2500 Laramie Crew Cab","nhtsa-mc-11036393","manufacturer_communication","2026-08-27","Service bulletin PIC6661","CADILLAC OPTIQ 2025/2026/2027","This Preliminary information communicates to the technician a diagnostic tip when they encounter a condition that involves the tail lights staying on after the vehicle has been turned off.","https://www.nhtsa.gov/recalls?nhtsaId=11036393","",""
"far","79.1467","chevy-silverado","2022 Chevrolet Silverado 1500 LT Trail Boss Crew Cab","nhtsa-mc-11036877","manufacturer_communication","2026-09-04","Service bulletin V4619022015173_35","VOLKSWAGEN ARTEON 2023; VOLKSWAGEN ATLAS 2023/2024/2025/2026; VOLKSWAGEN ATLAS CROSS SPORT 2023/2024/2025/2026; VOLKSWAGEN GOLF R 2024/2025/2026; VOLKSWAGEN GTI 2023/2024/2025/2026; VOLKSWAGEN ID. BUZZ 2025; VOLKSWAGEN ID.4 2023/2024/2025/2026; VOLKSWAGEN JETTA 2023/2024/2025/2026; VOLKSWAGEN TAOS 2023/2024/2025/2026; VOLKSWAGEN TIGUAN 2023/2024/2025/2026","Brake rotor resurfacing","https://www.nhtsa.gov/recalls?nhtsaId=11036877","",""
"far","79.1467","ford-mach-e","2023 Ford Mustang Mach-E GT, extended range","nhtsa-cmpl-11763232","complaint","2026-09-09","Owner complaint 11763232: NISSAN ROGUE 2022","NISSAN ROGUE 2022","When starting the car a warning ⚠️ light comes on. Engine malfunction Power Reduction Service now So the car will not gain speed. I can turn the car off and restart an the light goes off. But will come back on in a couple of days.","https://www.nhtsa.gov/recalls?nhtsaId=11763232","",""
"far","79.1467","ford-bronco","2023 Ford Bronco Badlands 4-Door","nhtsa-mc-11036852","manufacturer_communication","2026-09-03","Service campaign NCU - 2026060005","MERCEDES-BENZ AMG S 63 E 4MATIC+ 2026; MERCEDES-BENZ S 500 4MATIC 2026; MERCEDES-BENZ S 580 4MATIC 2026; MERCEDES-BENZ S 580 E 4MATIC 2026; MERCEDES-MAYBACH S 580 4MATIC 2026; MERCEDES-MAYBACH S 680 4MATIC 2026","Issue The transmission control unit (VGS) in the automatic transmission does not comply with our currently valid specifications in the vehicles of the above-mentioned model series delivered to you. It is possible that the polarities of the magnets in the transmission control unit (VGS) have been swapped. This could in turn result in shift quality issues and gear lockouts. Remedy MBUSA will conduct a service campaign. We therefore request that you replace the electrohydraulic controller unit (EHS) of the automatic transmission in the affected vehicles. Please refer to the attached work description for details on the operations required.","https://www.nhtsa.gov/recalls?nhtsaId=11036852","",""
"far","79.1467","ford-mach-e","2023 Ford Mustang Mach-E GT, extended range","nhtsa-mc-11037349","manufacturer_communication","2026-09-17","Service bulletin 9100904","JEEP WRANGLER 2025/2026/2027; JEEP WRANGLER 4XE 2025/2026","Shifter If shifter is having trouble shifting between 1st and 2nd gear, then adjust cables as described in service library.","https://www.nhtsa.gov/recalls?nhtsaId=11037349","",""
"far","79.1467","porsche-911","2022 Porsche 911 Carrera S (992)","nhtsa-cmpl-11765754","complaint","2026-09-21","Owner complaint 11765754: FORD F-150 2018","FORD F-150 2018","The contact owns a 2018 Ford F-150. While approaching a light and entering a loop while driving 55 MPH, the transmission unexpectedly shifted from 7th gear to 1st gear. The vehicle stalled, was shifted into park, and restarted. There was vibration in the floor at the time of the purchase. The vehicle was taken to the local dealer, where the torque converter was repaired under warranty. The vehicle was taken to the local dealer again, where it was diagnosed and the failure was associated with the valve body. There were no codes present. The vehicle stalled on Interstate I-20 while driving 60 MPH, causing an unsafe situation. The wrench symbol was displayed after the failure. The vehicle was taken to a transmission center for a scheduled repair. The contact associated the failure with NHTSA Campaign Number: 25V164000 (Power Train). The manufacturer was contacted on two occasions, and the contact was provided a case number. The failure mileage was approximately 108,000.","https://www.nhtsa.gov/recalls?nhtsaId=11765754","",""
"far","79.1467","hyundai-ioniq5","2023 Hyundai Ioniq 5 SEL AWD Long Range","nhtsa-cmpl-11763427","complaint","2026-09-10","Owner complaint 11763427: FORD F-150 2019","FORD F-150 2019","My 2019 Ford F-150 3.5L EcoBoost with the 10-speed 10R80 transmission has developed severe shifting and acceleration problems that create a safety risk. The transmission frequently appears to skip 2nd gear and bangs very hard into 3rd. This 1st-to-3rd harsh shift is persistent and does not go away after the truck warms up. I also experience delayed shifts including 3rd-4th, 6th-7th, 8th-9th and sometimes 9th-10th. Downshifts into 4th can also cause a hard bang. More concerning, the truck intermittently hesitates and loses forward momentum when accelerating. This happens with light, moderate or heavy throttle. It commonly occurs during the first 3-4 miles but can happen with a cold or warm start. It can also return after the truck has been driven, parked briefly, and restarted. This creates a serious crash risk when I pull onto a main road or merge onto a highway. After I commit to entering traffic, the truck can hesitate and lose momentum instead of accelerating. I must wait for an unusually large gap in traffic because I cannot predict whether the truck will accelerate normally. I regularly have my two young children in the vehicle and no longer feel safe driving it. There are no ","https://www.nhtsa.gov/recalls?nhtsaId=11763427","",""
"far","79.1467","ford-f150","2022 Ford F-150 Lariat SuperCrew","nhtsa-mc-11037035","manufacturer_communication","2026-09-04","Service bulletin TSB260117","CUMMINS B6.7O ","This Technical Service Bulletin describes the verification and resolution steps for the nut holding down the ignition coil grounding wire on certain B6.7O engines which may cause the studded capscrew underneath it to rotate when trying to remove the nut during a service event, resulting in the ring terminal on the grounding wire connector rotating against the side of the ignition coil and breaking off from the grounding wire.","https://www.nhtsa.gov/recalls?nhtsaId=11037035","",""
"far","79.1467","ford-bronco","2023 Ford Bronco Badlands 4-Door","nhtsa-mc-11036833","manufacturer_communication","2026-09-03","Manufacturer communication KA-01636 V4","MCLAREN ARTURA 2020/2021/2022/2023/2024/2025; MCLAREN ARTURA SPIDER 2024/2025","McLaren Artura Engine Oil Leak Diagnosis Guide - Oil Cooler","https://www.nhtsa.gov/recalls?nhtsaId=11036833","",""
"far","79.1467","ram-2500","2019 Ram 2500 Laramie Crew Cab","nhtsa-mc-11037057","manufacturer_communication","2026-09-04","Service bulletin No. 2304-2","PORSCHE CAYENNE GT 2020/2021/2022; PORSCHE CAYENNE GTS 2021/2022/2023/2024/2025/2026; PORSCHE CAYENNE GTS COUPE 2024/2025/2026; PORSCHE CAYENNE S 2024; PORSCHE CAYENNE S COUPE 2024/2025/2026; PORSCHE CAYENNE TURBO 2019/2020/2023; PORSCHE CAYENNE TURBO COUPE 2020; PORSCHE CAYENNE TURBO E-HYBRID 2024/2025/2026; PORSCHE CAYENNE TURBO E-HYBRID COUPE 2024/2025/2026; PORSCHE CAYENNE TURBO GT 2022/2023/2024; PORSCHE CAYENNE TURBO GT COUPE 2025; PORSCHE CAYENNE TURBO S E-HYBRID 2019/2020/2021/2022/2023","Information on Advanced Technical Information for E3.I/G2 V8 – Oil/Air Separator Membrane Failure","https://www.nhtsa.gov/recalls?nhtsaId=11037057","",""
"far","79.1467","ford-bronco","2023 Ford Bronco Badlands 4-Door","nhtsa-mc-11037376","manufacturer_communication","2026-09-18","Manufacturer communication MAS005254 MTB 26-14","MASERATI GRANCABRIO 2024/2025/2026/2027; MASERATI GRANCABRIO FOLGORE 2025/2026/2027; MASERATI GRANTURISMO 2008/2009/2010/2011/2012/2013/2014/2015/2016/2017/2018/2019/2020/2021/2022/2023/2024/2025/2026/2027; MASERATI GRANTURISMO FOLGORE 2025/2026/2027; MASERATI NUOVA GRANCABRIO 2024/2025; MASERATI NUOVA GRANTURISMO 2024/2025","GranTurismo and GranCabrio - Unexpected Alarm Activation . In case of unexpected alarm activation, proceed with software updates to the BCM ECU, with Software Number F188 670363089 ROW. In order to obtain the compatibility of this SW and to complete all the necessary steps and procedures with MDEVO, it is mandatory to open a BOL as Support Request. After updating the software to the version mentioned above, perform the BCM procedure 'BCM Initialization.","https://www.nhtsa.gov/recalls?nhtsaId=11037376","",""
"far","79.1467","subaru-outback","2020 Subaru Outback Premium","nhtsa-mc-11037409","manufacturer_communication","2026-09-21","Warranty program BW1716","BENDIX BENDIX ","LIMITED WARRANTY TOTAL AIR GUARANTEE (T.A.G.) AIR BRAKE SYSTEM EXTENDED WARRANTY","https://www.nhtsa.gov/recalls?nhtsaId=11037409","",""
"far","79.1467","hyundai-ioniq5","2023 Hyundai Ioniq 5 SEL AWD Long Range","nhtsa-cmpl-11761737","complaint","2026-09-02","Owner complaint 11761737: JAGUAR I-PACE 2024","JAGUAR I-PACE 2024","The contact witnessed a near-crash involving a 2024 Jaguar I-PACE Waymo Autonomous Vehicle. The contact was positioned approximately 5 feet away from the vehicle at an intersection. The contact observed a father and daughter walking across the crosswalk when the daughter fell to the ground. The Waymo vehicle started approaching the fallen child, and the father threw a stroller in front of the vehicle. Simultaneously, the contact positioned herself against the side of the vehicle, prompting the autonomous system to come to a stop and preventing the child from being struck. Once the pedestrians had cleared the crosswalk, the Waymo vehicle abruptly accelerated and sped away from the scene. The contact was document the license plate information. The contact stated the information was reported to the local news authority; however, the news authority was providing incorrect information.","https://www.nhtsa.gov/recalls?nhtsaId=11761737","",""
"far","79.1467","toyota-tacoma","2024 Toyota Tacoma TRD Off-Road Double Cab","nhtsa-mc-11036476","manufacturer_communication","2026-08-31","Over-the-air update notice 662.40","CHEVROLET SILVERADO EV 2024; GMC SIERRA EV 2024","• Additional protection for battery health and to help prevent battery drain • Improved charging messaging in the driver display • Improved vehicle diagnostics","https://www.nhtsa.gov/recalls?nhtsaId=11036476","",""
"far","79.1467","subaru-outback","2020 Subaru Outback Premium","nhtsa-cmpl-11762413","complaint","2026-09-06","Owner complaint 11762413: CHRYSLER PACIFICA 2017","CHRYSLER PACIFICA 2017","Mainly driving on highways at the end of long curves the steering is sticky and it is difficult to change the steering wheel back to 12 o'clock. Unpleasant and probably unsafe driving, as overreacting could occur, if it will stick more. It is happening more and more often.","https://www.nhtsa.gov/recalls?nhtsaId=11762413","",""
"far","79.1467","ford-mach-e","2023 Ford Mustang Mach-E GT, extended range","nhtsa-mc-11037457","manufacturer_communication","2026-09-23","Service bulletin PIC6663","CADILLAC LYRIQ 2027; CHEVROLET SUBURBAN 1500 2027; CHEVROLET TAHOE 2027; GMC YUKON 2027; GMC YUKON XL 2027","This PI communicates the possibility of a B1599 setting and directs to contact TCSC.","https://www.nhtsa.gov/recalls?nhtsaId=11037457","",""
"far","79.1467","rivian-r1s","2023 Rivian R1S Adventure, Quad-Motor, Large pack","nhtsa-cmpl-11762140","complaint","2026-09-04","Owner complaint 11762140: VOLVO EX90 2025","VOLVO EX90 2025","Failure of the onboard AC charging component, known as the Grid to High Voltage Converter A (GHCA) or onboard charger module. This vehicle would not charge on AC current, but could only be charged on DC current. This is a safety issue, as you may get stranded without access to a DC capable charger, since AC is the primary source for a majority of EV owners. Problem has been confirmed by the dealer. Volvo seems to be aware of the issue, as this is a common failure point according to other Volvo EX90 owners. Warnings that occur is a red illuminated light near the charge port when it is unable to accept a AC charge due to failure.","https://www.nhtsa.gov/recalls?nhtsaId=11762140","",""
"far","79.1467","hyundai-ioniq5","2023 Hyundai Ioniq 5 SEL AWD Long Range","nhtsa-cmpl-11764727","complaint","2026-09-16","Owner complaint 11764727: BMW R 1200 R 2010","BMW R 1200 R 2010","This motorcycle is a 2010 BMW R1200 which had a safety recall of 20V-471. This recall covered this make, model and year of this motorcycle from the recall initiated on XXX. This motorcycle went into MAX BMW Motorcycles on XXX and they inspected the fuel pump and reported no leaks at that time. They did not replace the fuel pump. However the fuel pump is leaking so I would like to have this replaced under the recall.","https://www.nhtsa.gov/recalls?nhtsaId=11764727","",""
"far","79.1467","ford-mach-e","2023 Ford Mustang Mach-E GT, extended range","nhtsa-mc-11037122","manufacturer_communication","2026-09-08","Manufacturer communication SSM76498 - 24AUG26","LAND ROVER RANGE ROVER 2022/2023/2024/2025/2026; LAND ROVER RANGE ROVER SPORT 2023/2024/2025/2026","Door Handle Will Not Deploy When Unlocked Or Button Pressed","https://www.nhtsa.gov/recalls?nhtsaId=11037122","",""
"far","79.1467","chevy-silverado","2022 Chevrolet Silverado 1500 LT Trail Boss Crew Cab","nhtsa-mc-11037184","manufacturer_communication","2026-09-09","Emissions communication 26TF01","TOYOTA AVALON HYBRID 2019/2020/2021/2022; TOYOTA CAMRY HYBRID 2018/2019/2020/2021/2022/2023/2024","Under certain conditions, debris can accumulate inside the fuel cap causing potential fuel vapor leaks that can cause increased evaporative emissions to exceed the regulated limits. This issue will not trigger the M.I.L. (Malfunction Indicator Lamp)","https://www.nhtsa.gov/recalls?nhtsaId=11037184","",""
"far","79.1467","jeep-wrangler","2022 Jeep Wrangler Unlimited Rubicon 4xe","nhtsa-mc-11036445","manufacturer_communication","2026-08-28","Service bulletin ITB26-010","INFINITI QX80 2025/2026","IVI AUDIO DISPLAY SCREEN FLICKERING IF YOU CONFIRM The right side of the Display Unit (infotainment display) is flickering or glitching, AND No DTCs are stored in the Display ECU, AND All wiring harness connections are fully seated to the AV Control Unit and the Display Unit. ACTION Refer to the SERVICE PROCEDURE in this bulletin to replace the CABLE-LVDS (AV Control Unit to Display Unit LVDS Cable) starting on page 2. IMPORTANT: The purpose of ACTION (above) is to give you a quick idea of the work you will be performing. You MUST closely follow the entire SERVICE PROCEDURE as it contains information that is essential to successfully completing this repair.","https://www.nhtsa.gov/recalls?nhtsaId=11036445","",""
"far","79.1467","toyota-camry","2023 Toyota Camry SE","nhtsa-mc-11036932","manufacturer_communication","2026-09-04","Service bulletin TSB_2079245_3","AUDI A5 2025/2026; AUDI A6 2026/2027; AUDI S5 2025/2026","This bulletin provides information when the windshield washer does not work.","https://www.nhtsa.gov/recalls?nhtsaId=11036932","",""
"far","79.1467","honda-crv","2023 Honda CR-V Sport Touring Hybrid","nhtsa-mc-11036897","manufacturer_communication","2026-09-04","Service campaign Dealer 06K2_20260804","AUDI A6 SPORTBACK E-TRON 2025; AUDI Q6 E-TRON 2025; AUDI Q6 SPORTBACK E-TRON 2025; AUDI S6 SPORTBACK E-TRON 2025; AUDI SQ6 E-TRON 2025","Under this service action, Audi is providing a proactive quality initiative through a vehicle software update (KD2*). This update is designed to address customer satisfaction concerns and deliver improvements and enhancements to various vehicle systems. Updates have been made to the affected vehicle chart to include PPC vehicles. TPI/TSB numbers referenced have been updated for Canada and will be visible tomorrow, August 5, 2026.","https://www.nhtsa.gov/recalls?nhtsaId=11036897","",""
"far","79.1467","honda-crv","2023 Honda CR-V Sport Touring Hybrid","nhtsa-mc-11037338","manufacturer_communication","2026-09-17","Service bulletin 23-043-26","JEEP WRANGLER 2026","Powertrain Control Module (PCM) Bracket Not Properly Secured Customers may comment on the following: SYMPTOM: ● Buzz, Squeak or Rattle (BSR) from the front of vehicle in the engine compartment. This bulletin involves inspecting and possibly remounting the PCM bracket.","https://www.nhtsa.gov/recalls?nhtsaId=11037338","",""
"far","79.1467","subaru-outback","2020 Subaru Outback Premium","nhtsa-mc-11036427","manufacturer_communication","2026-08-27","Service bulletin P002","KENWORTH L770 2024/2025; KENWORTH T680 2024/2025; KENWORTH T880 2024/2025; KENWORTH W990 2024/2025; PETERBILT 520 2024/2025; PETERBILT 567 2024/2025; PETERBILT 579 2024/2025; PETERBILT 589 2024/2025","""KW: A link to the PACCAR Powertrain Prognostics Webcast has been added in the Links section. PB: The chassis list has been updated to include 2 chassis. The total chassis count is now 4. A link to the PACCAR Powertrain Prognostics Webcast has been added in the Links section.""","https://www.nhtsa.gov/recalls?nhtsaId=11036427","",""
"far","79.1467","porsche-911","2022 Porsche 911 Carrera S (992)","nhtsa-mc-11036496","manufacturer_communication","2026-08-31","Over-the-air update notice 662.20","CHEVROLET BLAZER EV 2025","• Improvements to active cabin ventilation • Additional protection for the health of your battery • Improvements to the software update system • Improves traction and stability control when accelerating or on uneven terrain • Improves braking and stopping performance on low-traction surfaces • Fixes to help ensure driver assistance features remain functional when the windshield freezes. • Improvements to the performance of Automatic Emergency Braking and Adaptive Cruise Control braking. • Fixes to help ensure proper functionality of Forward Collision Alert and availability of driver assistance features. • Fixes to help ensure accurate driver display messages and alerts. • Improvements to the performance of One-Pedal Driving • Improvements to propulsion and acceleration.","https://www.nhtsa.gov/recalls?nhtsaId=11036496","",""
"far","79.1467","ford-bronco","2023 Ford Bronco Badlands 4-Door","nhtsa-mc-11037022","manufacturer_communication","2026-09-04","Manufacturer communication KA-01754 V5","MCLAREN ARTURA 2020/2021/2022/2023/2024/2025; MCLAREN ARTURA SPIDER 2024/2025","McLaren Artura Transmission Oil Leak Diagnosis Guide","https://www.nhtsa.gov/recalls?nhtsaId=11037022","",""
"far","79.1467","toyota-camry","2023 Toyota Camry SE","nhtsa-mc-11036452","manufacturer_communication","2026-08-28","Service bulletin TSB_ENG263","KIA FORTE 2020/2021/2022/2023/2024; KIA SOUL 2020/2021/2022","TECHNICAL SERVICE BULLETIN: MISFIRE CONCERN DUE TO OVERRUNNING ALTERNATOR DECOUPLER - This bulletin provides information to address unresolved misfire events on some 2020–2024MY Forte (BDm) produced from January 1, 2019 through September 30, 2024, and 2020–2022MY Soul (SK3) vehicles produced from November 1, 2018 through May 31, 2022 equipped with a Gamma 1.6L T‑GDI engine. In certain cases, misfire symptoms may persist after completing normal diagnostic procedures and replacing ignition‑related components (spark plugs, ignition coils, and fuel injectors). If misfire concerns remain after these repairs are performed, excessive torsional oscillation of the Overrunning Alternator Decoupler (OAD) pulley may be the contributing factor. This bulletin provides the procedure to replace the OAD pulley with the updated Overrunning Alternator Pulley (OAP) kit and associated damper components.","https://www.nhtsa.gov/recalls?nhtsaId=11036452","",""
"far","79.1467","chevy-silverado","2022 Chevrolet Silverado 1500 LT Trail Boss Crew Cab","nhtsa-mc-11037156","manufacturer_communication","2026-09-09","Service bulletin 2078395/3","BENTLEY BENTAYGA 2018/2019/2020/2021/2022/2023/2024/2025/2026/2027; BENTLEY CONTINENTAL GT 2020/2021/2022/2023/2024/2025/2026; BENTLEY CONTINENTAL GT CABRIO 2020/2021/2022/2023/2024/2025/2026; BENTLEY FLYING SPUR 2020/2021/2022/2023/2024/2025/2026","Service info: Leather Damage/Anomalies | All Models","https://www.nhtsa.gov/recalls?nhtsaId=11037156","",""
"far","79.1467","toyota-camry","2023 Toyota Camry SE","nhtsa-cmpl-11762062","complaint","2026-09-04","Owner complaint 11762062: MAZDA CX-5 2023","MAZDA CX-5 2023","When my car starts up, engine rpm is around 1500 or above 1000. If I would switch to reverse, the car sudden jerks back stronger and quicker than I expected even though my foot isn’t on the accelerator pedal and have pressed the brake lightly.","https://www.nhtsa.gov/recalls?nhtsaId=11762062","",""
"far","79.1467","ford-bronco","2023 Ford Bronco Badlands 4-Door","nhtsa-mc-11036490","manufacturer_communication","2026-08-31","Over-the-air update notice 663.80","CADILLAC CELESTIQ 2026","• Improvements to power door opening and closing performance • Improved vehicle performance when driving in Reverse on slippery surfaces • Better One-Pedal Driving performance • Additional protection for battery health and prevention for battery drain • Improved accuracy for driver display messages • Better performance and reliability of wireless phone charging","https://www.nhtsa.gov/recalls?nhtsaId=11036490","",""
"far","79.1467","hyundai-ioniq5","2023 Hyundai Ioniq 5 SEL AWD Long Range","nhtsa-cmpl-11760931","complaint","2026-08-31","Owner complaint 11760931: FORD F-150 2018","FORD F-150 2018","The contact owns a 2018 Ford F-150. The contact stated that the vehicle was previously repaired under NHTSA Campaign Number: 26V373000 (Exterior Lighting) and Customer Satisfaction Program: 25N17 (Rear View Camera Replacement If Required After Dealer Evaluation); however, the failure occurred after the repairs were performed. The contact stated that while driving at an undisclosed speed, the ""Parking Brake Engaged"" message displayed, and the blind spot sensor became inoperable. An unknown warning light was illuminated. Additionally, the TPMS was inoperable. The vehicle was taken back to the dealer, but the vehicle was not diagnosed or repaired. The manufacturer was made aware of the failure. The failure mileage was approximately 86,000.","https://www.nhtsa.gov/recalls?nhtsaId=11760931","",""
"far","79.1467","chevy-silverado","2022 Chevrolet Silverado 1500 LT Trail Boss Crew Cab","nhtsa-cmpl-11765728","complaint","2026-09-20","Owner complaint 11765728: FORD F-150 2022","FORD F-150 2022","The passenger side daytime running light has now failed leaving the vehicle less visible during low visibility times like fog or dawn and dusk. Problem can be reproduced but has not been inspected yet. No warning lamps or symptoms prior to failure. Problem occured 9-19-2026","https://www.nhtsa.gov/recalls?nhtsaId=11765728","",""
"far","79.1467","ram-2500","2019 Ram 2500 Laramie Crew Cab","nhtsa-rcl-26V575000","recall","2026-09-07","Recall 26V575000: ELECTRICAL SYSTEM: INSTRUMENT CLUSTER/PANEL","CAN-AM CANYON 2025/2026; CAN-AM ORIGIN 2025/2026; CAN-AM PULSE 2025/2026; CAN-AM SPYDER F3 2024/2025/2026; CAN-AM SPYDER RT 2024/2025/2026","Bombardier Recreational Products, Inc. (BRP) is recalling certain 2025-2026 Can-Am Origin, Can-Am Pulse, 2025-2027 Can-Am Canyon, 2024-2027 Can-Am Spyder RT, and Can-Am Spyder F3 motorcycles equipped with a touchscreen instrument cluster. The instrument cluster may reset, freeze, or go blank. As such, these vehicles fail to comply with the requirements of Federal Motor Vehicle Safety Standard (FMVSS) number 123, ""Motorcycle Control and Displays,"" and FMVSS number 122, ""Motorcycle Brake Systems.""","https://www.nhtsa.gov/recalls?nhtsaId=26V575000","",""
"far","79.1467","porsche-911","2022 Porsche 911 Carrera S (992)","nhtsa-cmpl-11763414","complaint","2026-09-10","Owner complaint 11763414: BMW X5 2016","BMW X5 2016","I am reporting a suspected high-pressure fuel pump safety defect involving my 2016 BMW X5 xDrive35d, VIN [XXX], with approximately 103,186 miles. The check engine light illuminated and BMW Fort Walton diagnosed failed fuel injectors and recommended injector replacement. I subsequently had the vehicle inspected by Techmaster in Fort Walton, Florida, where metallic shavings and debris were discovered within the high-pressure fuel system. After notifying BMW Fort Walton of these findings, I was advised that my VIN is not included in NHTSA Recall 21V-586: High Pressure Fuel Pump. I am concerned because the metallic contamination found in my vehicle appears similar or identical to the high-pressure fuel pump failure conditions addressed by Recall 21V-586. The contamination may also have caused consequential damage to the fuel injectors and other associated fuel-system components. I respectfully request that NHTSA review whether my vehicle, and potentially other BMW X5 xDrive35d vehicles currently excluded from Recall 21V-586, may be experiencing the same or substantially similar high-pressure fuel pump defect. Replacing only the failed injectors without identifying and correcting the so","https://www.nhtsa.gov/recalls?nhtsaId=11763414","",""
"far","79.1467","tesla-model-x","2024 Tesla Model X Plaid","nhtsa-cmpl-11764467","complaint","2026-09-15","Owner complaint 11764467: FORD EXPLORER 2025","FORD EXPLORER 2025","Just dropped off my [XXX] and [XXX] to elementary school drove to get gas and the passenger backseat behind the driver side fell forward and slid forward. I put it back in place drove again. It did it again and it is not staying in place. I called FORD. They told me they were supposed to be a remedy for it mid September. It is mid September but I can’t have my [XXX] getting hurt with a default seat and when I called today XXX at approximately 1:20 PM mountain time the lady on the phone told me pretty much. There’s nothing that they can do about it until there’s parts to replace it even though it opposes a danger to my child. INFORMATION REDACTED PURSUANT TO THE FREEDOM OF INFORMATION ACT (FOIA), 5 U.S.C. 552(B)(6)","https://www.nhtsa.gov/recalls?nhtsaId=11764467","",""
"far","79.1467","bmw-x5","2021 BMW X5 xDrive45e","nhtsa-mc-11036473","manufacturer_communication","2026-08-31","Over-the-air update notice Telematics 2026.3","CHEVROLET BOLT EV 2027","• Improved eCall system performance","https://www.nhtsa.gov/recalls?nhtsaId=11036473","",""
"far","79.1467","ford-f150","2022 Ford F-150 Lariat SuperCrew","nhtsa-mc-11036791","manufacturer_communication","2026-09-03","Service bulletin 07-231-26","SUBARU CROSSTREK 2025/2026; SUBARU IMPREZA 2025/2026","This bulletin announces the service procedure for battery replacement on 2025-2026MY Impreza and Crosstrek.","https://www.nhtsa.gov/recalls?nhtsaId=11036791","",""
"far","79.1467","jeep-wrangler","2022 Jeep Wrangler Unlimited Rubicon 4xe","nhtsa-mc-11037148","manufacturer_communication","2026-09-08","Manufacturer communication N955 Range Rover 21AUG26","LAND ROVER RANGE ROVER 2025; LAND ROVER RANGE ROVER SPORT 2025","A quality concern has been identified where there may be a missing fixing on the Mild Hybrid Electric Vehicle (MHEV) battery harness which is away from design specification.","https://www.nhtsa.gov/recalls?nhtsaId=11037148","",""
"far","79.1467","hyundai-ioniq5","2023 Hyundai Ioniq 5 SEL AWD Long Range","nhtsa-cmpl-11765832","complaint","2026-09-21","Owner complaint 11765832: JEEP WRANGLER 2022","JEEP WRANGLER 2022","The vehicle experiences a severe, violent, and sudden side-to-side shaking of the front suspension and steering wheel (commonly known as ""death wobble""). This dangerous oscillation typically occurs at highway speeds (approx. 55–70 mph) immediately after the vehicle strikes a normal highway bump, expansion joint, or pothole. Note: As a 4xe plug-in hybrid model, the vehicle carries substantially more curb weight than a standard internal combustion engine Wrangler due to the heavy battery pack and electric drivetrain components. This increased mass significantly magnifies the physical forces and wear placed on the front suspension and steering linkage during impact. Despite having less than 30,000 original miles and no history of accidents, the vehicle exhibits rapid component failure. Front-end steering and suspension components—including the inner drag link and tie rod ends—were previously replaced and aligned on March 17, 2026. However, the exact same dangerous steering instability and component wear reoccurred by September 17, 2026, indicating a persistent, underlying design or durability defect that standard parts replacement fails to resolve. When this failure occurs, vehicle co","https://www.nhtsa.gov/recalls?nhtsaId=11765832","",""
"far","79.1467","toyota-tacoma","2024 Toyota Tacoma TRD Off-Road Double Cab","nhtsa-mc-11036508","manufacturer_communication","2026-08-31","Service bulletin TB-26-90-01","KARMA REVERO 2025; KARMA REVERO GS-6 2020/2021/2022; KARMA REVERO GT 2020/2021/2022; KARMA REVERO GTS 2020/2021/2022","Alignment of headlamps service procedure","https://www.nhtsa.gov/recalls?nhtsaId=11036508","",""
"far","79.1467","hyundai-ioniq5","2023 Hyundai Ioniq 5 SEL AWD Long Range","nhtsa-cmpl-11764220","complaint","2026-09-14","Owner complaint 11764220: FORD EDGE 2021","FORD EDGE 2021","The left rear axle housing due to not enough lubricant. The ford maintenance shop states they can refill the lubricant but it doesn’t last long and will be back in the shop . So I’m having it replaced due to their recommendation which is a $1,835.00 fix. I see there were recalls on 2021 edges but mine wasn’t built in the right time frame apparently and it’s ironic that it is the same exact problem with several 2021 Edges but yet only the ones built in certain months are getting recalled. Makes no sense that if this is hazardous then for safety reasons shouldn’t there be a recall on all of them no matter where or what month they were built. Very disturbing and disappointing. It sure sheds some light on the Ford manufacturing!","https://www.nhtsa.gov/recalls?nhtsaId=11764220","",""
"far","79.1467","kia-telluride","2022 Kia Telluride SX","nhtsa-cmpl-11765429","complaint","2026-09-18","Owner complaint 11765429: FORD FUSION 2016","FORD FUSION 2016","The component that fail was the backup camera, and the dashboard screen was black. I was looking at the screen backing up, and I seen that the camera was black and had like colorful lines on it, and also my screen. One side was like a black spot inside of their screen on the deck of the radio. I proceeded to back up and turn my wheel and that’s when I a bump and grinding sound. Therefore, once I stopped backing up, I got out the car in my passenger rear bumper was hanging down, and I had a dent & white paint is coming up the side of the back passenger rear end. The paint that came on the rear passenger side was from me begging into the pole. I have called several times teo different Ford dealerships to see if they have the part for my car the camera & dash screen. Unfortunately, I was informed that the part have not came in and then I need to wait until another notice but I seem to have an accident since I called in April of this year 2026, and I also called in May and now I have had accident in June from this problem. Ford should have the parts or replace with updated parts. Due to this I am scared of backing into something else. I hope Ford can fix this recall on my Ford Fusion. ","https://www.nhtsa.gov/recalls?nhtsaId=11765429","",""
"far","79.1467","subaru-outback","2020 Subaru Outback Premium","nhtsa-mc-11036989","manufacturer_communication","2026-09-04","Service bulletin TSB_2083116_1","AUDI A5 2025/2026; AUDI A6 2026; AUDI Q5 2025/2026; AUDI Q5 SPORTBACK 2025/2026; AUDI S5 2025/2026; AUDI SQ5 2025/2026; AUDI SQ5 SPORTBACK 2025/2026","This bulletin provides information when there is a parking aid fault when the combustion engine is running, DTC DA0009 is stored.","https://www.nhtsa.gov/recalls?nhtsaId=11036989","",""
"far","79.1467","ford-bronco","2023 Ford Bronco Badlands 4-Door","nhtsa-mc-11037084","manufacturer_communication","2026-09-04","Service bulletin STPL2606c","PORSCHE CAYENNE 2026; PORSCHE CAYENNE COUPE 2026","Special Tools and Equipment Information for E4 Cayenne Launch Tools. Note that this bulletin only applies to all Cayenne Electric models for model year 2026. Combustion and hybrid Cayenne variants are not applicable to this bulletin.","https://www.nhtsa.gov/recalls?nhtsaId=11037084","",""
"far","79.1467","kia-telluride","2022 Kia Telluride SX","nhtsa-mc-11036766","manufacturer_communication","2026-09-03","Service bulletin 9100891","JEEP GRAND CHEROKEE 2026/2027; JEEP GRAND CHEROKEE 4XE 2026; JEEP GRAND CHEROKEE L 2026/2027","Display Verify ""Z"" part number availability. Order a ""Z"" part number for all Exchange Orders, Warranty, Mopar, Customer Pay and Service Contract. Order ""68"" part number for New, Unsold units only.","https://www.nhtsa.gov/recalls?nhtsaId=11036766","",""
"far","79.1467","kia-telluride","2022 Kia Telluride SX","nhtsa-mc-11037359","manufacturer_communication","2026-09-17","Manufacturer communication OTHERDOC_182","DODGE DURANGO 2027","Radio Over The Air Update to U43.17 R1H Software Version (FOTA) Customers may experience one or more of the following:- Navigation Stability - Android Auto & Carplay stability & connectivity- Distorted/glitchy display prior to start‑up animation- Text appearance display- Widget incorrect display- Turn signal blind spot response timing- Audio cut out - Drive Modes selection- Park assist Guidelines selctio","https://www.nhtsa.gov/recalls?nhtsaId=11037359","",""
"far","79.1467","toyota-camry","2023 Toyota Camry SE","nhtsa-mc-11036850","manufacturer_communication","2026-09-03","Service bulletin LI20_10-N-080868_1_en","FREIGHTLINER SPRINTER 1500 2023/2024; FREIGHTLINER SPRINTER 2500 2023/2024; FREIGHTLINER SPRINTER 3500 2023/2024; FREIGHTLINER SPRINTER 4500 2023/2024; MERCEDES-BENZ SPRINTER 1500 2023/2024/2025; MERCEDES-BENZ SPRINTER 2500 2023/2024/2025/2026; MERCEDES-BENZ SPRINTER 3500 2023/2024/2025/2026; MERCEDES-BENZ SPRINTER 4500 2023/2024","Complaint The coolant warning lamp may be displayed in the instrument cluster. The malfunction indicator lamp (MIL) may also be illuminated. Cause Moisture or corrosion may be present in the connector of the low‑temperature circuit switchover valve (Y97/6) or coolant pump 1 (M75/11). Remedy Inspect the connectors and pins at the low‑temperature circuit switchover valve and coolant pump 1 for moisture, corrosion, or terminal damage. If moisture, corrosion, or terminal damage is found, replace the affected connector or wiring harness and the corresponding component as required. If available, use the wiring harness as the repair measure. If the wiring harness is not available or is not applicable, replace the connector housing and required small parts in the wiring harness.","https://www.nhtsa.gov/recalls?nhtsaId=11036850","",""
"far","79.1467","ram-2500","2019 Ram 2500 Laramie Crew Cab","nhtsa-mc-11036910","manufacturer_communication","2026-09-04","Service bulletin TSB_2069331_8","AUDI A3 2022/2023/2024/2025/2026; AUDI A4 2020/2021/2022/2023/2024/2025; AUDI A4 ALLROAD 2020/2021/2022/2023/2024/2025; AUDI A5 2020/2021/2022/2023/2024; AUDI A5 CABRIOLET 2020/2021/2022/2023/2024; AUDI A5 SPORTBACK 2020/2021/2022/2023/2024/2025; AUDI A6 2021/2022/2023/2024/2025; AUDI A6 ALLROAD 2021/2022/2023/2024/2025/2026; AUDI A7 2021/2022/2023/2024/2025; AUDI A7 E 2021/2022; AUDI A8 2021/2022/2023/2024/2025; AUDI A8 L 2027","This bulletin provides informaitn when there is a warning messsage; ""Instrument cluster: fault. Limited warning messages. Please contact workshop""; DTC B200096.","https://www.nhtsa.gov/recalls?nhtsaId=11036910","",""
"far","79.1467","honda-crv","2023 Honda CR-V Sport Touring Hybrid","nhtsa-mc-11037355","manufacturer_communication","2026-09-17","Service bulletin S238A000038 REV.D","JEEP GRAND CHEROKEE 2022/2023/2024/2025/2026; JEEP GRAND CHEROKEE 4XE 2022/2023/2024/2025/2026; JEEP GRAND CHEROKEE L 2022/2023/2024/2025/2026","Auto Emergency Braking (AEB) Unavailable – Service Required Message In Cluster","https://www.nhtsa.gov/recalls?nhtsaId=11037355","",""
"far","79.1467","hyundai-ioniq5","2023 Hyundai Ioniq 5 SEL AWD Long Range","nhtsa-cmpl-11766820","complaint","2026-09-24","Owner complaint 11766820: FORD EDGE 2016","FORD EDGE 2016","I'm reporting a severe, well-documented manufacturing defect involving my 2016 Ford Edge with 2.0L EcoBoost engine. The vehicle has been losing radiator coolant constantly with no external puddles or leaks visible. Upon morning cold starts, the vehicle shakes, runs extremely rough and experiences severe engine misfires due to coolant intruding into the combustion cylinders overnight. This internal coolant leak defect caused ignition coil and spark plug failure. This structural defect creates a critical safety hazard. The coolant intrusion has caused the engine to stumble and threatens a total loss of motive power and engine stalling while operating in traffic, creating an imminent risk of a rear-end collision. This vehicle matches the exact failure profile detailed in Ford's Technical Service Bulletin TSB 19-2346 regarding structural engine block coolant intrusion. I'm filing this complaint to support the ongoing federal defect investigation for the Ford EcoBoost coolant intrusion issue and urge NHTSA to mandate a safety recall, as this engineering flaw creates a dangerous driving condition. Thank you for your time and attention to this important matter. I look forward to receiving","https://www.nhtsa.gov/recalls?nhtsaId=11766820","",""
"far","79.1467","toyota-camry","2023 Toyota Camry SE","nhtsa-mc-11037296","manufacturer_communication","2026-09-12","Service bulletin TSB 26-2252","FORD F-250 SD 2025; FORD F-350 SD 2025; FORD F-450 SD 2025; FORD F-550 SD 2025; FORD F-650 SD 2025; FORD F-750 SD 2025","Some of the vehicles listed in the Model statement above may exhibit at least one of the following conditions: Poor shift quality Illuminated powertrain malfunction (wrench) indicator with diagnostic trouble codes (DTCs) P2704 and P0771 stored in the powertrain control module (PCM)/transmission control module (TCM) This may be due to the software in the TCM (diesel only) and/or sticking valves in the main control valve body and/or damaged E clutch friction plates and E clutch steel plates. Additional model information: 6.7L Diesel Engine 7.3L Gas Engine 10R140 Automatic Transmission","https://www.nhtsa.gov/recalls?nhtsaId=11037296","",""
"far","79.1467","porsche-911","2022 Porsche 911 Carrera S (992)","nhtsa-mc-11036943","manufacturer_communication","2026-09-04","Service bulletin TSB_2081726_2","AUDI RS Q8 2025/2026/2027","This bulletin provides information when the center cover is fitted too loosely in the wheel rim.","https://www.nhtsa.gov/recalls?nhtsaId=11036943","",""
"far","79.1467","chevy-silverado","2022 Chevrolet Silverado 1500 LT Trail Boss Crew Cab","nhtsa-mc-11037076","manufacturer_communication","2026-09-04","Service bulletin TSTR2648","PORSCHE PIWIS TESTER III ","Information on PIWIS Tester update 44.300.035. PIWIS Tester update applies to all Porsche models that have an OBD2 port.","https://www.nhtsa.gov/recalls?nhtsaId=11037076","",""
"far","79.1467","hyundai-ioniq5","2023 Hyundai Ioniq 5 SEL AWD Long Range","nhtsa-cmpl-11765364","complaint","2026-09-18","Owner complaint 11765364: BMW X5 2018","BMW X5 2018","TWO INCIDENTS ACCURED WITH 24HRS. MY WIFE CALLED ME INFORMING THAT THE 2018 X5 WAS SMOKING FROM THE FRONT AND MAKING A WEIRD NOISE, SHE STOPPED THE VEHICLE AND THE VEHICLE STARTED AGAIN. WHEN SHE GOT HOME, I CHECKED THE UNDER THE HOOD, BUT COULD NOT SEE ANYTHING. BUT, CAN SMELL LIKE BURNED WIRING, BUT NOT VISIBLE. I CONNECTED EV WIRE TO THE VEHICLE AND NEXT MORNING DISCONNECTED THE CABLE AND WHEN I STARTED THE VEHICLE, I SAW SMOKE COMING OUT OF THE INSIDE BOTTOM OF THE REAR WHERE THE BATTERIES ARE LOCATED. I OPENED THE REAR DOOR AND RAISED THE COVER TO SEE SMOKE COMING FROM MELTED WIRING. I IMMEDIATELLY DISCONNECTED ONE OF THE BATTERY WIRES.","https://www.nhtsa.gov/recalls?nhtsaId=11765364","",""
"far","79.1467","toyota-camry","2023 Toyota Camry SE","nhtsa-mc-11037331","manufacturer_communication","2026-09-17","Service bulletin 08-178-26 REV. A","JEEP CHEROKEE 2026","Flash: Power Liftgate Module (PLGM) Update Customers may comment on one or more of the following: ● The power liftgate chime remains active continuously and does not stop after the liftgate is closed or after an ignition cycle. ● The vehicle will not start due to a discharged battery. NOTE: Battery discharge caused by a continuously active liftgate chime or liftgate remaining open for an extended period. The following PLGM software enhancements are available with this software release: ● New Diagnostic Trouble Codes (DTCs) have been added to the PLGM to report out-of-range ambient temperature and the PLGM being left in plant mode. This bulletin involves reprogramming the PLGM with the latest software.","https://www.nhtsa.gov/recalls?nhtsaId=11037331","",""
"far","79.1467","ford-f150","2022 Ford F-150 Lariat SuperCrew","nhtsa-cmpl-11760801","complaint","2026-08-30","Owner complaint 11760801: VOLKSWAGEN TIGUAN 2022","VOLKSWAGEN TIGUAN 2022","Oil consumption/ needs to replace cylinder head","https://www.nhtsa.gov/recalls?nhtsaId=11760801","",""
"far","79.1467","jeep-wrangler","2022 Jeep Wrangler Unlimited Rubicon 4xe","nhtsa-mc-11037185","manufacturer_communication","2026-09-09","Emissions communication 26TF01","TOYOTA AVALON HYBRID 2019/2020/2021/2022; TOYOTA CAMRY HYBRID 2018/2019/2020/2021/2022/2023/2024","TECHNICAL INSTRUCTIONS FOR EMISSION NONCOMPLIANCE RECALL 26TF01 Certain 2018 – 2024 Model Year Camry HV and 2019-2022 Avalon HV Fuel Cap Negative Pressure Valve & Fuel Filler Dust Intrusion","https://www.nhtsa.gov/recalls?nhtsaId=11037185","",""
"far","79.1467","ram-2500","2019 Ram 2500 Laramie Crew Cab","nhtsa-mc-11037464","manufacturer_communication","2026-09-23","Service bulletin 08-335-26","CHRYSLER PACIFICA PLUG-IN HYBRID 2023","Flash: Integrated Dual Charge Module (IDCM) Updates Customers must experience a Malfunction Indicator Lamp (MIL) illumination and the vehicle must SYMPTOM: exhibit/set one or more of the following Diagnostic Trouble Codes (DTCs): ● B22A9-87 - ECU Internal Performance-Missing Message. ● P0D21-00 - Battery Charger ""A"" Output Voltage Too Low. Customers may experience the following: ● Vehicle will not charge. This bulletin involves reprogramming the IDCM with the latest available software.","https://www.nhtsa.gov/recalls?nhtsaId=11037464","",""
"far","79.1467","ram-2500","2019 Ram 2500 Laramie Crew Cab","nhtsa-cmpl-11763778","complaint","2026-09-12","Owner complaint 11763778: KIA STINGER 2022","KIA STINGER 2022","Safety system not working forward collision avoidance system not working found DTC C160649 ECU HARDWARE ERROR & C160649 ECU SOFTWARE ERROR AND WAS CONFIRMED THE FRONT SYSTEM IS A FAULTY ALSO EVAPORATOR LEAKING CAUSING AC TO BLOW EXTREMELY HEAT","https://www.nhtsa.gov/recalls?nhtsaId=11763778","",""
"far","79.1467","jeep-wrangler","2022 Jeep Wrangler Unlimited Rubicon 4xe","nhtsa-mc-11037149","manufacturer_communication","2026-09-08","Service bulletin 26 TI 0086","KALMAR OTTAWA T2 2014/2015/2016/2017/2018/2019/2020/2021/2022/2023/2024/2025/2026","This bulletin identifies maintenance guidelines and inspection instructions of certain Kalmar Ottawa T2 models to prevent and identify premature component degradation or failure of the cabin power board caused by debris or moisture and requires immediate inspection of the power board (repeated every six months) to identify corrosion.","https://www.nhtsa.gov/recalls?nhtsaId=11037149","",""
"far","79.1467","ram-2500","2019 Ram 2500 Laramie Crew Cab","nhtsa-cmpl-11760515","complaint","2026-08-28","Owner complaint 11760515: FORD F-150 2017","FORD F-150 2017","This lead frame issue is never ending. Well over a decade without a proper remedy. I’m very familiar with it. but this one nearly ended my life. After the near collision I called my mechanic and bought a new ford lead frame from a dealership. It’s doing fine now, it’s been 1 year. the incident caused my truck to go into park or possibly reverse at highway speed just as I passed a semi truck and returned to the right lane. If the trucker had not been paying attention it would have been bad. There was nothing I could do. . On top of this, he was under the impression that it was intentional. So I almost got into a physical altercation until I convinced him to look inside my truck as my gear indicator light was dancing from gear to gear while not touching anything.. To add to the seriousness, my taillamps never came on because I didn’t touch the brake. It was a horrible timing.. . Shortly after this i received a notice from Ford explaining the cause and symptoms of this issue, but then stated there was no fix at the time, but the vehicle was “safe to drive.” That is irresponsible. This was the only time mine did it, no prior issues. I got new ford parts and had it replaced. my mechanic","https://www.nhtsa.gov/recalls?nhtsaId=11760515","",""
"far","79.1467","ford-f150","2022 Ford F-150 Lariat SuperCrew","nhtsa-mc-11036753","manufacturer_communication","2026-09-03","Service bulletin 114255","RAM 2500 2019/2020/2021/2022/2023/2024/2025/2026; RAM 3500 2019/2020/2021/2022/2023/2024/2025/2026; RAM 4500 2019/2020/2021/2022/2023/2024/2025/2026; RAM 5500 2019/2020/2021/2022/2023/2024/2025/2026","RADIATOR - ENGINE COOLING","https://www.nhtsa.gov/recalls?nhtsaId=11036753","",""
"far","79.1467","toyota-tacoma","2024 Toyota Tacoma TRD Off-Road Double Cab","nhtsa-mc-11037242","manufacturer_communication","2026-09-09","Service bulletin TD-26-04","EMBER OVERLAND SERIES 2026/2027; EMBER TOURING EDITION 2026/2027","Revised TD-26-04 supersedes revision 06.10.2026.","https://www.nhtsa.gov/recalls?nhtsaId=11037242","",""
"far","79.1467","honda-crv","2023 Honda CR-V Sport Touring Hybrid","nhtsa-mc-11037069","manufacturer_communication","2026-09-04","Service bulletin GR13D801","PORSCHE 911 2002/2003/2004/2005; PORSCHE 911 (997) 2005; PORSCHE 911 CARRERA 2002/2003/2004/2005; PORSCHE 911 CARRERA 4 CABRIOLET 2003; PORSCHE 911 CARRERA 4S 2003; PORSCHE 911 CARRERA CABRIOLET 2003; PORSCHE 911 CARRERA S 2005; PORSCHE 911 CARRERA S CABRIOLET 2005; PORSCHE 911 GT2 2003/2004/2005; PORSCHE 911 GT3 2003/2004/2005; PORSCHE 911 TARGA 2003; PORSCHE 911 TURBO 2002/2003/2004/2005","Parts Information for Parts Withdrawal - Radio & Satellite Radio Receiver. Note that part 91164559100 is also applicable to the following models not in the product list: 911 (1970-1989), 914 (1970-1976), 924 (1976-1985), 924S (1986-1988), 928 (1978-1995), 944 (1982-1991), 964 (1989-1994), 968 (1992-1995), and 993 (1994-1998). Note that part 99664259100 is also applicable to the following models not in the product list: 996 (1998-2001), 986 Boxster (1997-2001).","https://www.nhtsa.gov/recalls?nhtsaId=11037069","",""
"far","79.1467","hyundai-ioniq5","2023 Hyundai Ioniq 5 SEL AWD Long Range","nhtsa-mc-11037357","manufacturer_communication","2026-09-17","Manufacturer communication OTHERDOC_183","JEEP GRAND CHEROKEE 2026/2027; JEEP GRAND CHEROKEE 4XE 2026; JEEP GRAND CHEROKEE L 2026/2027; JEEP GRAND WAGONEER 2026/2027","Radio Over The Air Update to U43.17 R1H Software Version (FOTA) Customers may experience one or more of the following: - Navigation Stability - Android Auto & Carplay stability & connectivity - Power management app - Distorted/glitchy display prior to start‑up animation - Text appearance display - Widget incorrect display - Turn signal blind spot response timing - Audio cut out - Drive Modes selection - Park assist Guidelines selction","https://www.nhtsa.gov/recalls?nhtsaId=11037357","",""
"far","79.1467","ram-2500","2019 Ram 2500 Laramie Crew Cab","nhtsa-mc-11037275","manufacturer_communication","2026-09-10","Service bulletin 09-022-26","JEEP COMPASS 2022/2023/2024; JEEP RENEGADE 2022/2023","Not applicable to vehicles built for US market. Right Engine Insulator Noise **Customers may comment on the following:** SYMPTOM: ● Metallic clicking noises when when moving the vehicle forward and reverse. **This bulletin involves replacing the right engine insulator.**","https://www.nhtsa.gov/recalls?nhtsaId=11037275","",""
"far","79.1467","bmw-x5","2021 BMW X5 xDrive45e","nhtsa-cmpl-11761477","complaint","2026-09-01","Owner complaint 11761477: FORD ECOSPORT 2018","FORD ECOSPORT 2018","I have had issues in the past with the transmission of this car for the past few months, it initially started to give me issues around 49k miles in this car, so I got it flushed out by a mechanic and it ran fine for a few months. Just a few days ago, I was headed home and my transmission went completely out as I was about to enter a state highway and I had to pull over into a neighborhood to get it towed. I had to send it over to my mechanic again, and he said the transmission is completely done for. My car could've almost went out on me completely if I kept pushing it, but I knew it was a hazard. I've heard from multiple other sources as I checked online to see if this was an issue with other Ecosports as well, and it seems like there's multiple complaints of this issue. I had no idea this car had an issue, at there was no warning light or anything indicating there was something wrong with it, until I noticed the acceleration wasn't quite right.","https://www.nhtsa.gov/recalls?nhtsaId=11761477","",""
"far","79.1467","subaru-outback","2020 Subaru Outback Premium","nhtsa-mc-11036864","manufacturer_communication","2026-09-04","Service campaign Dealer 47DM","VOLKSWAGEN TIGUAN 2025","Volkswagen is providing a software update designed to prevent the Travel Assist/Emergency Assist feature from inadvertently deactivating when a brake‑jolt warning is detected.","https://www.nhtsa.gov/recalls?nhtsaId=11036864","",""
"far","79.1467","toyota-tacoma","2024 Toyota Tacoma TRD Off-Road Double Cab","nhtsa-mc-11036766","manufacturer_communication","2026-09-03","Service bulletin 9100891","JEEP GRAND CHEROKEE 2026/2027; JEEP GRAND CHEROKEE 4XE 2026; JEEP GRAND CHEROKEE L 2026/2027","Display Verify ""Z"" part number availability. Order a ""Z"" part number for all Exchange Orders, Warranty, Mopar, Customer Pay and Service Contract. Order ""68"" part number for New, Unsold units only.","https://www.nhtsa.gov/recalls?nhtsaId=11036766","",""
"far","79.1467","kia-telluride","2022 Kia Telluride SX","nhtsa-cmpl-11763713","complaint","2026-09-11","Owner complaint 11763713: HONDA ODYSSEY 2012","HONDA ODYSSEY 2012","The contact owns a 2012 Honda Odyssey. The contact stated that while the vehicle was parked or while driving at undisclosed speeds, the clock on the vehicle was flashing, causing a distraction to the driver while driving. The contact stated that the flashing of the clock was controlled by satellite GPS, and the system could not be reset. The dealer was contacted. The failure mileage was approximately 180,000.","https://www.nhtsa.gov/recalls?nhtsaId=11763713","",""
"far","79.1467","toyota-tacoma","2024 Toyota Tacoma TRD Off-Road Double Cab","nhtsa-mc-11037400","manufacturer_communication","2026-09-21","Service bulletin SD-13-47671","BENDIX TABS-6 TRAILER ABS STANDA ","Service Data - Bendix® TABS‑6™ Advanced Single-Channel Trailer ABS Module The Bendix® TABS‑6™ Advanced module is an integrated single-channel (2S/1M) trailer service brake module controller for air-braked heavy-duty semi-trailers that features Bendix® Antilock Brake System (ABS) and Bendix® Trailer Roll Stability Program (TRSP®). Installed on semi-trailers, the module acts as a relay valve during normal braking, but during ABS events it will intervene to help maintain vehicle stability and minimize stopping distance by preventing wheel lock-up. The Bendix TRSP monitors the trailer’s motion and reduces the risk of roll overs by automatically applying the brakes when a risk of roll over is detected.","https://www.nhtsa.gov/recalls?nhtsaId=11037400","",""
"far","79.1467","toyota-camry","2023 Toyota Camry SE","nhtsa-rcl-26V600000","recall","2026-09-18","Recall 26V600000: EQUIPMENT:OTHER:LABELS","VOLVO BUS 9700 2009/2010/2011/2012/2013/2014/2015/2016/2017/2018/2019/2020/2021/2022/2023/2024/2025","Volvo Bus Corporation (Volvo Bus) is recalling certain 2009-2025 Volvo 9700 buses. The emergency exit label on the entrance door is missing the exit operating instructions. As such, these vehicles fail to conform to Federal Motor Vehicle Safety Standard (FMVSS) number 217, ""Bus Emergency Exits and Window Retention and Release.""","https://www.nhtsa.gov/recalls?nhtsaId=26V600000","",""
"far","79.1467","kia-telluride","2022 Kia Telluride SX","nhtsa-mc-11037209","manufacturer_communication","2026-09-09","Service bulletin LI46.00-P-079786","MERCEDES BENZ AMG GLE53 4MATIC 2025/2026; MERCEDES BENZ AMG GLE53 4MATIC+ 2026; MERCEDES BENZ AMG GLE53 4MATIC+ COUPE 2026; MERCEDES BENZ AMG GLE63 S 4MATIC 2026; MERCEDES BENZ AMG GLE63 S 4MATIC+ 2025/2026; MERCEDES BENZ AMG GLE63 S 4MATIC+ COUPE 2026; MERCEDES BENZ AMG GLS63 4MATIC 2026; MERCEDES BENZ AMG GLS63 4MATIC+ 2026; MERCEDES BENZ AMG GLS63 4MATIC+ COUPE 2026; MERCEDES BENZ GLE 350 2025/2026; MERCEDES BENZ GLE 450E 4MATIC 2026; MERCEDES BENZ GLE 580 4MATIC 2026","Complaint Noise from front end thought to be from steering gear. Cause During diagnostics of a front end noise, workshop is under the impression the noise is coming from the steering gear. Remedy If the root cause of the noise cannot be found and is seemingly from the steering rack, perform the below LI's and diagnostics. If they have been performed and the root cause still cannot be determined, a TIPS case must be opened to the Body/Chassis/Entertainment team prior to replacing the steering rack. • LI46.35‑P‑067339 ‑ ""Rattling, Humming, Dry Sliding/Gravel Noise When Steering"" • LI46.35‑P‑071461 ‑ ""Check Tie Rod Outer Joint of Steering Gear"" • LI46.10‑P‑077391 ‑ ""Knocking Noise In The Area Of The Steering Gear or Steering Column Tube When Braking Or Moving Off; The Steering Wheel Can Also Be Felt To ""Crack"""" • Remove boot clamps closest to steering gear housing on both left and right (as seen in ""Steering Rack Boot Clamp Location""). Pull back boot and inspect for rust, broken end stops, water, or any other anomalies. Keep the boot clamps in case the rack is returned. • If the noise is described as ""clacking"" or ""knocking"" when moving the wheel back and forth in quick oscillations a","https://www.nhtsa.gov/recalls?nhtsaId=11037209","",""
"far","79.1467","toyota-tacoma","2024 Toyota Tacoma TRD Off-Road Double Cab","nhtsa-mc-11036843","manufacturer_communication","2026-09-03","Service bulletin KTB2612","KTM 1390 SUPER ADVENTURE R 2026; KTM 1390 SUPER ADVENTURE S EVO 2027","As part of ongoing product improvement and development, the control of the starter relay has been improved to prevent occasional relay failures. An adapter cable for the starter relay has been developed for this purpose. Therefore, KTM North America, Inc. instructs that the starter relay adapter cable be installed on affected vehicles.","https://www.nhtsa.gov/recalls?nhtsaId=11036843","",""
"far","79.1467","ford-mach-e","2023 Ford Mustang Mach-E GT, extended range","nhtsa-mc-11036422","manufacturer_communication","2026-08-27","Service bulletin B26-002","ACURA INTEGRA 2023/2024/2025/2026","Service Bulletin - Under certain conditions, the cylinder head gasket effectiveness may be reduced which may cause vehicles to experience overheating, coolant loss, misfire and/or DTCs P0300 thru P0304 stored.","https://www.nhtsa.gov/recalls?nhtsaId=11036422","",""
"far","79.1467","toyota-camry","2023 Toyota Camry SE","nhtsa-cmpl-11762218","complaint","2026-09-04","Owner complaint 11762218: FORD EXPLORER 2019","FORD EXPLORER 2019","The contact owns a 2019 Ford Explorer. The contact received notification of NHTSA Campaign Number: 24V031000 (Structure); however, the part to do the recall repair was not yet available. The contact stated that while driving at an undisclosed speed, the front A-pillar trims detached. The contact was able to replace both A-pillar trims; however, the failure reoccurred. The local dealer was contacted. The manufacturer was made aware of the failure. The failure mileage was approximately 50,000.","https://www.nhtsa.gov/recalls?nhtsaId=11762218","",""
"far","79.1467","toyota-camry","2023 Toyota Camry SE","nhtsa-cmpl-11764766","complaint","2026-09-16","Owner complaint 11764766: HONDA CR-V 2020","HONDA CR-V 2020","The contact owns a 2020 Honda CR-V. While the contact's wife was driving 55 MPH, the vehicle operated sluggishly with an engine misfire. The contact's daughter used a scan tool and retrieved information of a misfire in cylinder #2. The vehicle was taken to an independent mechanic, where it was diagnosed that cylinder #2 had failed and needed to be replaced. The vehicle was repaired; however, the failure recurred. Another check with the scan tool indicated a misfire in cylinder #3. The vehicle was taken back to the independent mechanic, where it was diagnosed that cylinder #3 had failed and needed to be replaced. The vehicle was repaired; however, the failure recurred. The contact contacted another independent mechanic, where the vehicle was diagnosed and DTC: P0299 (Blown head gasket) was retrieved. The dealer was contacted and made aware of the failure. The vehicle was taken to the dealer, where it was diagnosed that the engine had failed and needed to be replaced. The vehicle was not repaired. The contact was informed that the warranty mileage was exceeded. The manufacturer was made aware of the failure by phone, and a case was filed. The contact was advised to contact the dealer","https://www.nhtsa.gov/recalls?nhtsaId=11764766","",""
"far","79.1467","bmw-x5","2021 BMW X5 xDrive45e","nhtsa-cmpl-11765416","complaint","2026-09-18","Owner complaint 11765416: JEEP WRANGLER 2023","JEEP WRANGLER 2023","After a recent recall (68C) the vehicle performance has greatly deteriorated. The ELEC mode propulsion has been limited, the internal combustion engine (ICE) engages much sooner than previous. Instead of a 'warm-up' cycle for the ICE, it feels as though there is actual clutch engagement, but with limited power. I feel this could have the potential to accelerate engine wear with a 'cold' engine with rapid engagement, as well as increased fuel/oil dilution (inherent with direct injection turbo engines). In turn, causing the vehicle to experience Fuel Oil Refresh Mode (FORM) more frequently, due to short, repetitive engine cycles. Additionally, the regenerative braking has been cut in half, leading to a decrease in electric charger egeneration to the HV battery, as well as decreased range and power. It is most obvious in stop and go traffic, when attempting to pull out in traffic, as well as when attempting to merge onto a highway or interstate. I feel, without intervention, the current vehicle performance will certainly lead to increased mechanical issues, a potential for frequent service department visits, as well as an increased potential for probable incidents/accidents during ope","https://www.nhtsa.gov/recalls?nhtsaId=11765416","",""
"far","79.1467","porsche-911","2022 Porsche 911 Carrera S (992)","nhtsa-mc-11036974","manufacturer_communication","2026-09-04","Service bulletin TSB_2082977_1","AUDI A4 2017/2018/2019/2020/2021/2022/2023; AUDI A4 ALLROAD 2017/2018/2019/2020/2021/2022/2023; AUDI A5 2018/2019/2020/2021/2022/2023; AUDI A5 CABRIOLET 2018/2019/2020/2021/2022/2023; AUDI A5 SPORTBACK 2018/2019/2020/2021/2022/2023; AUDI Q7 2018/2019/2020/2021/2022/2023; AUDI Q8 2023; AUDI RS 5 2018/2019/2021/2022/2023; AUDI RS 5 SPORTBACK 2019/2021/2022/2023; AUDI RS Q8 2023; AUDI S4 2018/2019/2020/2021/2022/2023; AUDI S5 2018/2019/2020/2021/2022/2023","This bulletin provides informaiton when the airbag warning lamp is active, event memory ""B200000 - Faulty control module, symptom 305"".","https://www.nhtsa.gov/recalls?nhtsaId=11036974","",""
"far","79.1467","chevy-silverado","2022 Chevrolet Silverado 1500 LT Trail Boss Crew Cab","nhtsa-mc-11036596","manufacturer_communication","2026-09-02","Service campaign S4533 202608","MACK ANTHEM (AN) 2025","Mack Trucks has determined that certain AN model trucks equipped with an MP8 Turbo Compound (TC) engine may experience TC Double Idler Gear failure due to incorrect bearing preload. TC units within this population are suspected to be affected, which could result in failure and potential engine damage. For the affected vehicle population, please follow the instructions provided below to remove the TC unit, replace the double idler gear with a new one, and reinstall the TC unit.","https://www.nhtsa.gov/recalls?nhtsaId=11036596","",""
"far","79.1467","bmw-x5","2021 BMW X5 xDrive45e","nhtsa-mc-11036812","manufacturer_communication","2026-09-03","Service bulletin WRG-26R","SUBARU SOLTERRA 2026","Subaru of America, Inc. (Subaru) has initiated a safety recall for certain 2026 model year Solterra vehicles to update the software of the battery ECU. This is an revised version of the original bulletin.","https://www.nhtsa.gov/recalls?nhtsaId=11036812","",""
"far","79.1467","hyundai-ioniq5","2023 Hyundai Ioniq 5 SEL AWD Long Range","nhtsa-cmpl-11764701","complaint","2026-09-16","Owner complaint 11764701: KIA NIRO 2019","KIA NIRO 2019","On August 22nd, I was driving from the grocery story to my house (5 miles away) when the transmission started failing only going on 2nd gear and the check engine light came on, when I got home, I called my mechanic and he connected his code reader to my card and the error code is P090B$07E9 Clutch ""B"" actuator control circuit performance error, he told me that Kia motors had an open recall for the clutch actuator, I called the Kia dealer to make an appointment for August 26th I told them the issue with my car and they told me they will check that error, it took two weeks for them to return my car and they told me that they replaced only the fuse for the Recall SC275 / NHTSA 23V534000 and they told me that I needed a new transmission and the price to replace it was $6,000.00 plus tax, I told them that the issue it was because the clutch actuator, they said no, so I took my car home, and took it for a second opinion with an independent service center, after the inspection they told me that the transmission failed and it was stuck on the 2nd gear and it was better to replace the transmission, I went back to the Kia dealer ship and demand a formal diagnostic report explicitly stating w","https://www.nhtsa.gov/recalls?nhtsaId=11764701","",""
"far","79.1467","toyota-tacoma","2024 Toyota Tacoma TRD Off-Road Double Cab","nhtsa-mc-11036847","manufacturer_communication","2026-09-03","Service bulletin HTB2608","HUSQVARNA FE 350S 2022/2023/2024; HUSQVARNA FE 501S 2022/2023/2024","Husqvarna Mobility North America, Inc. has determined that a defect which relates to motor vehicle safety exists with certain model motorcycles listed above. During backwards rolling, the rear brake caliper may crack near the primary pin casting, which may cause the caliper to break when riding. Cracks or breaks in the rear brake caliper can reduce braking ability, increasing the risk of a crash. To remedy this defect, the rear brake caliper including the caliper bracket must be replaced on all affected motorcycles.","https://www.nhtsa.gov/recalls?nhtsaId=11036847","",""
"far","79.1467","hyundai-ioniq5","2023 Hyundai Ioniq 5 SEL AWD Long Range","nhtsa-cmpl-11763206","complaint","2026-09-09","Owner complaint 11763206: TESLA MODEL Y 2023","TESLA MODEL Y 2023","Today, the Tesla updated while my wife was in the car. During the update all electrical systems went down and the car was locked from the inside and out making it so she could not get out. Because the electrical systems were down while the update was going she did not have any AC either. So she was locked in the car without AC in 107F weather. This is an extreme danger to her health and should be taken care of right away. As well if you had dog mode on it would have locked dogs in the car without AC. This is also an extreme danger because there is not a safe dog mode. the truth is it could be disable at any time without the ability to interrupt or stop the update.","https://www.nhtsa.gov/recalls?nhtsaId=11763206","",""
"far","79.1467","hyundai-ioniq5","2023 Hyundai Ioniq 5 SEL AWD Long Range","nhtsa-cmpl-11761984","complaint","2026-09-03","Owner complaint 11761984: FORD ESCAPE 2017","FORD ESCAPE 2017","My Ford Escape Titanium 2.0L 2017 started overheating. The coolant had just disappeared. The car sputtered in the morning with large plumes of white smoke. Due to the overheating my thermostat failed. I brought my car to the Art Hill Ford dealership in Merrilville Indiana for service. After a 5 hour pressure test, Tiffany A Depowski at Art Hill Ford Lincoln brought me to her desk and notified me and confirmed that I need a new engine due to Coolant Intrusion. The check engine light had been on for a couple months. I kept bringing the vehicle to my local mechanic. After he couldn't fix it I brought it to the dealer where they told me my engine needs to be replaced. Fortunately safety wasn't a direct factor. The risk of the engine seizing up while driving was a key factor with safety. The Ford invoice states verified coolant leak, recommend new engine is on the upload I sent under the section J#2","https://www.nhtsa.gov/recalls?nhtsaId=11761984","",""
"far","79.1467","hyundai-ioniq5","2023 Hyundai Ioniq 5 SEL AWD Long Range","nhtsa-cmpl-11760372","complaint","2026-08-28","Owner complaint 11760372: VOLKSWAGEN ATLAS 2023","VOLKSWAGEN ATLAS 2023","Vehicle has issues with sputtering and stalling out when at idle and while reversing after warming up. The first time that the vehicle actually stalled while reversing, it had to be put into park and restarted. I took it to the dealership and they replaced the in tank fuel pump. When I got the car back it was still acting a little strange but I thought it was just the computer relearning process. Shortly afterward (approx 100-150 miles later) it started struggling at idle again. Yesterday the vehicle again died while reversing, which required being placed into park and restarting. The idle was struggling but I was able to reverse and continue driving. The idle remained in a state of struggle, sputtering and almost dying, as well as extremely slow acceleration until I was able to get onto the highway for a bit. However, it did struggle a bit during the bumper to bumper traffic that I came upon during the drive. At highway speeds the vehicle's acceleration is fine. I am able to use the Automatic Adaptive Cruise as well as drive without the cruise feature. The temperature of the vehicle is always normal and I ensure that the fuel gage does not drop below 1/4 of a tank and if it does i","https://www.nhtsa.gov/recalls?nhtsaId=11760372","",""
"far","79.1467","hyundai-ioniq5","2023 Hyundai Ioniq 5 SEL AWD Long Range","nhtsa-mc-11036674","manufacturer_communication","2026-09-02","Service campaign SF732-Bulletin","FREIGHTLINER 108SD 2025/2026; FREIGHTLINER 114SD 2025/2026; FREIGHTLINER BUSINESS CLASS M2 2025/2026","Revised Field Service Campaign for Power Acumen Fuse","https://www.nhtsa.gov/recalls?nhtsaId=11036674","",""
"far","79.1467","ford-bronco","2023 Ford Bronco Badlands 4-Door","nhtsa-mc-11037295","manufacturer_communication","2026-09-12","Service bulletin SSM 55149","FORD BRONCO SPORT 2021/2022/2023/2024","Some 2021-2024 Bronco Sport vehicles equipped with a 1.5L may exhibit a lack of air conditioning (A/C) cooling while at a stop and idling in ambient temperatures of 100°F (38°C) or higher. In addition, there are no diagnostic trouble codes (DTC) present related to A/C system functionality, refrigerant charge levels are to specification and system is free of refrigerant leaks and/or A/C compressor related concerns. Customers may also report that A/C system cooling will be restored once the vehicle starts moving or placed in park/neutral.<br /><br /> This condition does not affect vehicle durability and no additional diagnosis or service is required for this condition at this time. Inform customers that they can continue to drive the vehicle and engineering is currently working on a solution for this condition that is expected in Q4 2026. Replacement or reprogramming of any components will not resolve this condition. Monitor Professional Technician System (PTS) for additional information and schedule service appointments for customers once the repair becomes available.<br /><br /> If the vehicle exhibit","https://www.nhtsa.gov/recalls?nhtsaId=11037295","",""
"far","79.1467","chevy-silverado","2022 Chevrolet Silverado 1500 LT Trail Boss Crew Cab","nhtsa-cmpl-11760307","complaint","2026-08-28","Owner complaint 11760307: TESLA MODEL X 2026","TESLA MODEL X 2026","For over the past 18 months, Tesla FSD software deliberately removed the driver’s ability to control following distance, instead replacing it with fuzzy descriptions of “mad max, hurry, standard, chill, and sloth.” As a result the car cannot maintain a safe highway following distance as determined by the driver. When in Hurry and or Standard mode, the car will routinely reach speeds of 75 to 80 mph and decrease following distance to about 3 car lengths, with no car for more than 20 car lengths behind. When a sudden slowdown occurs, the tesla reacts slowly, often decreasing the following distance to 1 car length, as the car behind closes and misjudges the deceleration of the Tesla, resulting in a potential 3 car collision. Adjusting from hurry to standard, or even down to chill or sloth mode does not bring the following distance back to the driver’s education rule of thumb - 1 car length per 10 mph. About 3-10 seconds after the mode change, the software forces an unexpected lane change into a slower lane. The only solution is to disable all driver assistance measures, coast to the necessary following distance and then re-engage. The cycle then repeats. Sometimes when there are nearb","https://www.nhtsa.gov/recalls?nhtsaId=11760307","",""
"far","79.1467","ford-mach-e","2023 Ford Mustang Mach-E GT, extended range","nhtsa-mc-11036576","manufacturer_communication","2026-09-01","Service bulletin CBR 2598-2 082026","VOLVO VNL (4) 2024/2025/2026/2027; VOLVO VNR (4) 2025/2026/2027","CBR - Injector Widget to Assist in Proper Diagnostic / Injector Repair caused by offset learning max and misfire.","https://www.nhtsa.gov/recalls?nhtsaId=11036576","",""
"far","79.1467","jeep-wrangler","2022 Jeep Wrangler Unlimited Rubicon 4xe","nhtsa-mc-11036958","manufacturer_communication","2026-09-04","Service bulletin TSB_2082943_1","AUDI A5 2025/2026; AUDI A6 2026; AUDI A6 SPORTBACK E-TRON 2025/2027; AUDI Q5 2025/2026; AUDI Q5 SPORTBACK 2025/2026; AUDI Q6 E-TRON 2025/2027; AUDI Q6 SPORTBACK E-TRON 2025/2027; AUDI S5 2025/2026; AUDI S6 SPORTBACK E-TRON 2025/2027; AUDI SQ5 2025/2026; AUDI SQ5 SPORTBACK 2025/2026; AUDI SQ6 E-TRON 2025/2027","This Pending Service Solution (PSS) requests that technicans create a record in the PSS Database when the Anti-theft alarm is triggered for no good reason (triggered due to sounder alarm).","https://www.nhtsa.gov/recalls?nhtsaId=11036958","",""
"far","79.1467","bmw-x5","2021 BMW X5 xDrive45e","nhtsa-mc-11037409","manufacturer_communication","2026-09-21","Warranty program BW1716","BENDIX BENDIX ","LIMITED WARRANTY TOTAL AIR GUARANTEE (T.A.G.) AIR BRAKE SYSTEM EXTENDED WARRANTY","https://www.nhtsa.gov/recalls?nhtsaId=11037409","",""
"far","79.1467","chevy-silverado","2022 Chevrolet Silverado 1500 LT Trail Boss Crew Cab","nhtsa-mc-11036399","manufacturer_communication","2026-08-27","Service bulletin PIC6660","BUICK ENCORE GX 2024/2025/2026; BUICK ENVISTA 2024/2025/2026; CHEVROLET TRAILBLAZER 2024/2025/2026; CHEVROLET TRAX 2024/2025/2026","This Preliminary information communicates to the technician the repairs direction for addressing a customer concern of no airflow from dash vents when using air conditioning after an extended drive time.","https://www.nhtsa.gov/recalls?nhtsaId=11036399","",""
"far","79.1467","kia-telluride","2022 Kia Telluride SX","nhtsa-mc-11036518","manufacturer_communication","2026-09-01","Service bulletin SSM 55103","LINCOLN NAUTILUS 2024/2025/2026","Some 2024-2026 Nautilus vehicles may exhibit an inoperative segment or individual light emitting diode (LED) in the rear mounted deck lid lamp assembly (part of the rear lamp assembly). To correct this condition, replacement of the finished assembly (13A565) is not required. To repair, replace the rear mounted deck lid lamp sub-assembly (13434) and transfer components from the original rear liftgate lamp. Refer to Workshop Manual (WSM), Section 417-01 > Removal and Installation > Rear Lamp Assembly and perform Steps 9-11.","https://www.nhtsa.gov/recalls?nhtsaId=11036518","",""
"far","79.1467","subaru-outback","2020 Subaru Outback Premium","nhtsa-cmpl-11766482","complaint","2026-09-23","Owner complaint 11766482: AUDI Q5 2018","AUDI Q5 2018","I have a 2018 Audi Q5, VIN [XXX]. I am reporting a water intrusion/electrical defect involving the rear trunk area and the Comfort Control Module. My vehicle is within the model range affected by the water-intrusion recall 90S9. I want Audi to investigate whether the water intrusion that damaged my vehicle is related to the recall or a known manufacturing defect, and I am requesting that Audi cover the inspection, repair, and related expenses.It is unsafe driving the car as it is, and I can't afford the repairs. Audi dealer-hip in Alentown Pa diagnosis the car and found the problem. INFORMATION REDACTED PURSUANT TO THE FREEDOM OF INFORMATION ACT (FOIA), 5 U.S.C. 552(B)(6)","https://www.nhtsa.gov/recalls?nhtsaId=11766482","",""
"far","79.1467","toyota-tacoma","2024 Toyota Tacoma TRD Off-Road Double Cab","nhtsa-mc-11037226","manufacturer_communication","2026-09-09","Service bulletin DSC-A1806-008","PLEASURE WAY ONTOUR 2024","Dealer service communication pertaining to a failed gate valve.","https://www.nhtsa.gov/recalls?nhtsaId=11037226","",""
"far","79.1467","chevy-silverado","2022 Chevrolet Silverado 1500 LT Trail Boss Crew Cab","nhtsa-rcl-26E064000","recall","2026-09-10","Recall 26E064000: STRUCTURE:BODY:ROOF AND PILLARS","MOPAR ROOF RACK KIT ","Chrysler (FCA US, LLC) is recalling certain MOPAR roof rack kits with part numbers 68747056AA, 68529228AA, 68529228AB, 68442426AA, 68442426AB, and 68442426AC. The pivot bolts for the roof rack crossbars may not have been tightened properly, allowing them to detach.","https://www.nhtsa.gov/recalls?nhtsaId=26E064000","",""
"far","79.1467","ford-bronco","2023 Ford Bronco Badlands 4-Door","nhtsa-mc-11036751","manufacturer_communication","2026-09-03","Service bulletin 19-004-26","JEEP RENEGADE 2023","Not applicable to vehicles built for US market. Tingling/Vibration When Turning The Steering Wheel Customers may experience the following: SYMPTOM: ● Tingling sensation or vibration felt when holding the steering in a turned (off center) position.","https://www.nhtsa.gov/recalls?nhtsaId=11036751","",""
"far","79.1467","jeep-wrangler","2022 Jeep Wrangler Unlimited Rubicon 4xe","nhtsa-mc-11036410","manufacturer_communication","2026-08-27","Service bulletin A26-011","HONDA CIVIC 2022/2023/2024","Service Bulletin - Under certain conditions, the cylinder head gasket effectiveness may be reduced which may cause vehicles to experience overheating, coolant loss, misfire and/or DTCs P0300 thru P0304 stored.","https://www.nhtsa.gov/recalls?nhtsaId=11036410","",""
"far","79.1467","tesla-model-x","2024 Tesla Model X Plaid","nhtsa-mc-11036655","manufacturer_communication","2026-09-02","Manufacturer communication AATS31549","HONDA ACCORD 2018/2019/2020/2021/2022","Tech Line Summary - Customers may report that the center display unit changes screens on its own, registers unintended inputs, or operates erratically without user interaction. The condition may be more noticeable when vehicle interior temperatures are elevated.","https://www.nhtsa.gov/recalls?nhtsaId=11036655","",""
"far","79.1467","ford-f150","2022 Ford F-150 Lariat SuperCrew","nhtsa-mc-11036806","manufacturer_communication","2026-09-03","Service bulletin 16-132-20R","SUBARU ASCENT 2019/2020/2021/2022/2023; SUBARU CROSSTREK 2018/2019/2020/2021/2022/2023; SUBARU FORESTER 2019/2020/2021/2022/2023; SUBARU IMPREZA 2017/2018/2019/2020/2021/2022/2023; SUBARU LEGACY 2018/2019/2020/2021/2022/2023; SUBARU OUTBACK 2018/2019/2020/2021/2022/2023","This Bulletin provides updated diagnostic procedures to follow and a brief questionnaire to complete when diagnosing an alleged Chain Slip condition on the TR580 and TR690 model CVT transmissions used in the models listed. This is an revised version of the original bulletin.","https://www.nhtsa.gov/recalls?nhtsaId=11036806","",""
"far","79.1467","bmw-x5","2021 BMW X5 xDrive45e","nhtsa-cmpl-11763375","complaint","2026-09-10","Owner complaint 11763375: CHEVROLET SILVERADO 1500 2022","CHEVROLET SILVERADO 1500 2022","I took my truck in to have a bad fuel pump module looked at. During the inspection they found some metal in the oil and it was confirmed by more being in the oil filter. This truck had previoulsy been cleared on the NHTSA Campaign 25V-274, but now it appears that it is a part of that recall. The dealer has initiated the work with the chevy corporate offices and I am working to secure a rental/ loaner car. I am filing this in the event there are any issues getting the new replacement engine.","https://www.nhtsa.gov/recalls?nhtsaId=11763375","",""
"far","79.1467","rivian-r1s","2023 Rivian R1S Adventure, Quad-Motor, Large pack","nhtsa-cmpl-11763973","complaint","2026-09-14","Owner complaint 11763973: MERCEDES-BENZ GLS 450 4MATIC 2022","MERCEDES-BENZ GLS 450 4MATIC 2022","I am writing to formally log an urgent Safety-Critical Incident Report regarding a complete brake system failure on my 2022 Mercedes-Benz GLS450 (VIN: ⁠[XXX]). Incident Details: Date & Time：［XXX］ Vehicle Mileage: Approximate 30k miles Occupants: 5 family members (including 3 children) Maintenance History: Fully and regularly maintained according to manufacturer schedules. What Happened: While driving with my family on the highway, the brake pedal suddenly went completely soft and lost braking power, creating an extremely dangerous, life-threatening situation. The dashboard did not display any advance warning before the failure occurred. Fortunately, I was able to safely coast the vehicle to the shoulder using emergency deceleration. Inspection under the vehicle indicated a severe brake fluid leak/hydraulic pressure loss. The vehicle had to be towed directly to an authorized dealership Enterprise Motorcar [XXX] Our Demands & Requests: As a 2022 model with low mileage and proper maintenance, a sudden failure of a fundamental safety component like the hydraulic braking system—without prior sensor warning—is completely unacceptable and points to potential manufacturing or material defe","https://www.nhtsa.gov/recalls?nhtsaId=11763973","",""
"far","79.1467","rivian-r1s","2023 Rivian R1S Adventure, Quad-Motor, Large pack","nhtsa-cmpl-11764714","complaint","2026-09-16","Owner complaint 11764714: JEEP GRAND WAGONEER 2023","JEEP GRAND WAGONEER 2023","I had to call the fire department because my the auxiliary battery in my Jeep had overheated creating a sulfur-like smell in my garage and eventually into my home. The fire dept recorded the aux battery temp over 200 degrees and the main battery was almost 150 degrees after sitting idle in the garage for over 5 hours and had only drove twice that day for no more than 20 minutes each time. I purchased the vehicle in May of 2023, I believe in Oct of 2023 the dealership had to replace the aux battery, now Aug of 2026 the aux battery failed again overheating and causing the main battery to swell and fail. The dealership was horrible about diagnosing the issue with no real answer and telling me that there is a software update in the works however; I have a friend in the business (works for Stellantis) who tells me that the automaker IS AWARE of these failing aux batteries due to them not shutting off. This known issue puts families at risk of fire and explosion. I do not feel anyone is taking this seriously. The dealership forced me to buy two new batteries, gave no reason why, and basically sent me on my way. I would like to know that someone is going to call on the automaker for a fix","https://www.nhtsa.gov/recalls?nhtsaId=11764714","",""
"far","79.1467","tesla-model-x","2024 Tesla Model X Plaid","nhtsa-cmpl-11764545","complaint","2026-09-15","Owner complaint 11764545: FORD ESCAPE 2021","FORD ESCAPE 2021","Seatbelts in the rear unbuckle themselves while driving. Children sit in the rear seats and the alert light doesn't always go off when not buckled.","https://www.nhtsa.gov/recalls?nhtsaId=11764545","",""
"far","79.1467","kia-telluride","2022 Kia Telluride SX","nhtsa-mc-11036484","manufacturer_communication","2026-08-31","Over-the-air update notice 662.20","CADILLAC VISTIQ 2026","• Updates to enable memory seat buttons to be linked to a user profile. Up to two user profiles can be linked to your vehicle's memory seat buttons. • Surround Vision Recorder, a new feature that allows you to record, watch, and save video from your vehicle's cameras. • Security Recording, a new feature that can automatically begin recording if your vehicle's alarm is triggered while it is parked. • Cabin Glance, a new feature that displays a live feed of the seating area on your infotainment screen. This allows you to check on passengers, such as kids or pets. • Improvements to system responsiveness • Improvements to camera image clarity • Fixes to prevent blank screens and audio drop-outs • Improvements to vehicle software update installation","https://www.nhtsa.gov/recalls?nhtsaId=11036484","",""
"far","79.1467","toyota-tacoma","2024 Toyota Tacoma TRD Off-Road Double Cab","nhtsa-mc-11036410","manufacturer_communication","2026-08-27","Service bulletin A26-011","HONDA CIVIC 2022/2023/2024","Service Bulletin - Under certain conditions, the cylinder head gasket effectiveness may be reduced which may cause vehicles to experience overheating, coolant loss, misfire and/or DTCs P0300 thru P0304 stored.","https://www.nhtsa.gov/recalls?nhtsaId=11036410","",""
"far","79.1467","subaru-outback","2020 Subaru Outback Premium","nhtsa-mc-11036453","manufacturer_communication","2026-08-28","Manufacturer communication B010226DCS","BMW X3 2019/2020; BMW X4 2019/2020; BMW X5 2019/2020; BMW X6 2019/2020; BMW X7 2019/2020","BMW Notice of the Court’s Final Approval for Shark-Fin Antenna Settlement (X3, X4, X5, X6, X7)","https://www.nhtsa.gov/recalls?nhtsaId=11036453","",""
"far","79.1467","subaru-outback","2020 Subaru Outback Premium","nhtsa-mc-11036540","manufacturer_communication","2026-09-01","Service bulletin 632 TSB","NEWMAR BAY STAR 2023/2024/2025/2026/2027; NEWMAR BAY STAR SPORT 2023/2024/2025/2026/2027; NEWMAR KOUNTRY STAR 2024; NEWMAR NORTHERN STAR 2025/2026/2027; NEWMAR VENTANA 2024/2025/2026/2027","Excessive weight may cause the bed lift to stop while retracting to the ceiling for the stored travel position.","https://www.nhtsa.gov/recalls?nhtsaId=11036540","",""
"far","79.1467","bmw-x5","2021 BMW X5 xDrive45e","nhtsa-mc-11037076","manufacturer_communication","2026-09-04","Service bulletin TSTR2648","PORSCHE PIWIS TESTER III ","Information on PIWIS Tester update 44.300.035. PIWIS Tester update applies to all Porsche models that have an OBD2 port.","https://www.nhtsa.gov/recalls?nhtsaId=11037076","",""
"far","79.1467","bmw-x5","2021 BMW X5 xDrive45e","nhtsa-mc-11037326","manufacturer_communication","2026-09-16","Manufacturer communication ZFL-IB-003","MCNEILUS VOLTERRA ZFL 2024/2025","McNeilus Truck and Manufacturing, Inc. has been notified by customers of an issue regarding the power steering system on the Volterra™ ZFL™front loader refuse collection vehicles. McNeilus Truck and Manufacturing, Inc. is working with the steering pump supplier to identify the root cause(s) and a corrective action. A future bulletin will be provided when a corrective action has been identified.","https://www.nhtsa.gov/recalls?nhtsaId=11037326","",""
"far","79.1467","hyundai-ioniq5","2023 Hyundai Ioniq 5 SEL AWD Long Range","nhtsa-mc-11036827","manufacturer_communication","2026-09-03","Service bulletin SB2033-1","THERMO KING PRECEDENT C-600 ; THERMO KING PRECEDENT C-600M ; THERMO KING PRECEDENT S-600 ; THERMO KING PRECEDENT S-600M ; THERMO KING PRECEDENT S-610DE ; THERMO KING PRECEDENT S-610M ; THERMO KING PRECEDENT S-700 ; THERMO KING PRECEDENT S-750I ; THERMO KING SLXI DRC ; THERMO KING SLXI LOCAL ; THERMO KING T-1080S ; THERMO KING T-1080S SPECTRUM ","New Unit Incorrect Fuel Level Sensor Installation Sequence - Alarm Code 98","https://www.nhtsa.gov/recalls?nhtsaId=11036827","",""
"far","79.1467","toyota-camry","2023 Toyota Camry SE","nhtsa-cmpl-11765325","complaint","2026-09-18","Owner complaint 11765325: HYUNDAI PALISADE 2020","HYUNDAI PALISADE 2020","I am reporting severe and recurring oil consumption in my 2020 Hyundai Palisade that could cause engine damage, engine seizure, stalling, or a sudden loss of power while driving. On April 14, 2026, at approximately 89,950 miles, an authorized Hyundai dealership documented that the engine had consumed approximately 1.3 quarts of oil in only 1,275 miles, equivalent to approximately one quart every 982 miles. The vehicle failed Hyundai’s initial oil-consumption test. Hyundai then authorized a combustion-chamber cleaning. On May 12, 2026, at 91,087 miles, the dealership completed the follow-up test and stated that the vehicle passed at that time. On September 14, 2026, at 95,512 miles, I returned to the dealership because the engine again had no measurable oil remaining. Only 4,425 miles had elapsed since the May oil change. The dealership’s repair order states that the vehicle “has no oil again.” I also reported that the vehicle had begun stuttering and rattling when pressing the brake and coming to a stop, creating concern that the engine may already have sustained damage from insufficient lubrication. The dealership initiated another oil-consumption test and instructed me to return ","https://www.nhtsa.gov/recalls?nhtsaId=11765325","",""
"far","79.1467","honda-crv","2023 Honda CR-V Sport Touring Hybrid","nhtsa-cmpl-11760151","complaint","2026-08-27","Owner complaint 11760151: CHEVROLET SILVERADO 1500 2024","CHEVROLET SILVERADO 1500 2024","The contact owns a 2024 Chevrolet Silverado. The contact stated that while driving at 69 MPH when the vehicle experienced a total loss of automotive power and all of the warning lights were illuminated; a message was displayed on the instrument panel ""Reduce Acceleration, Drive with Care"" and the vehicle was towed to a local dealer where it was diagnosed and the contact was advised that engine had experienced catastrophic engine failure as a result of the pistons and rods exploding into the engine, and that the engine would have to be replaced. The vehicle was repaired, however the check engine warning light had remained illuminated. The manufacturer was notified of the failure. The failure mileage was 7,948.","https://www.nhtsa.gov/recalls?nhtsaId=11760151","",""
"far","79.1467","kia-telluride","2022 Kia Telluride SX","nhtsa-mc-11037233","manufacturer_communication","2026-09-09","Warranty program Z05 OL","HYUNDAI ELANTRA 2015/2016/2017/2018; HYUNDAI PALISADE 2020/2021/2022/2023; HYUNDAI SANTA FE HYBRID 2021/2022/2023; HYUNDAI SANTA FE SPORT 2017/2018; HYUNDAI SANTA FE XL 2019; HYUNDAI SONATA 2015/2016/2017/2018/2019; HYUNDAI TUCSON 2017/2018/2019/2020/2021","Certain vehicles may exhibit excessive paint peeling or bubbling of the primer/paint film on the exterior metal body panels: hood, fender(s), roof, door(s), quarter panel(s), and tailgate/trunk. This warranty extension only applies to factory-applied paint and does not cover collision-related paint repairs or vehicles with a salvaged title. Hyundai is extending the warranty coverage for certain white paint colors under these conditions from 3 years and 36,000 miles, to 10 years with unlimited miles from the date of original retail delivery or date of first use, and is valid for original and subsequent owners.","https://www.nhtsa.gov/recalls?nhtsaId=11037233","",""
"far","79.1467","bmw-x5","2021 BMW X5 xDrive45e","nhtsa-cmpl-11759917","complaint","2026-08-27","Owner complaint 11759917: JEEP GRAND CHEROKEE 2026","JEEP GRAND CHEROKEE 2026","I burned my right fingers when I went to Move the metal sharp gear selector knob,I was trying to reverse And the Dial knob was to hot to touch,I had to find a cloth to cover it so I dident burn my hand again, then I was able to move it to reverse and then drive,this very unsafe. My next problem was that in the parking lot the other day I think it was 8/20/2026,I was at a stop sign and took my foot off brake and the car started bucking and almost hit another car driving by,the car is jumping on its own,the salesmen who just sold me the car said this is normal because it’s a turbo,this is extremely dangerous,and my last problem is that there is excessive orange peel on the entire body of the car,and on the hood also,in which is very distracting and takes my line of sight off the road when driving,this is very dangerous in my opinion,all these issues are very serious ,the dealer already knows about the bucking of vehicle because it’s all over the internet,and I submitted a letter to the general manger about the excessive orange peel paint defect,I am confirming toad that I tell them about. Dangerous shift knob heating up and the bucking sudden jolts also,I am calling service dept and ","https://www.nhtsa.gov/recalls?nhtsaId=11759917","",""
"far","79.1467","kia-telluride","2022 Kia Telluride SX","nhtsa-cmpl-11763700","complaint","2026-09-11","Owner complaint 11763700: RAM 1500 2021","RAM 1500 2021","Purchase vehicle new and report issue with steering vibration and wandering feel after purchasing on multiple occasions when having the vehicle serviced by dealership. No issues found was the response each time, but condition continued. Front tire wear indicated something wasn't right. Replaced tires with OEM Goodyear tires even though symptoms persisted. While traveling this past winter in inclement weather vehicle lost traction while crossing a bridge as safe speed. Manage to correct but ended up in the guardrail. Report issue to Stellantis/RAM who investigate and reported no issues. Vehicle was repaired by dealer body and repair shop. Upon pickup vehicle was not drivable due to ""Wobble of Death"". Shop determined it was a bad wheel. Vehicle drove okay but front-end vibration returned. Spoke with shop manager and stated tires has flat spots. Truck was parked for service a long time. Purchase a new set of tires, Michelins thinking it may be the brand that was issue. Condition persists with vibration wear showing tires already,","https://www.nhtsa.gov/recalls?nhtsaId=11763700","",""
"far","79.1467","kia-telluride","2022 Kia Telluride SX","nhtsa-cmpl-11761113","complaint","2026-08-31","Owner complaint 11761113: TOYOTA 4RUNNER 2016","TOYOTA 4RUNNER 2016","I have a 2016 Metallic Gray Toyota 4Runner and there appears to be a clear-coat defect on the hood and roof.","https://www.nhtsa.gov/recalls?nhtsaId=11761113","",""
"far","79.1467","toyota-tacoma","2024 Toyota Tacoma TRD Off-Road Double Cab","nhtsa-inv-DP26009","investigation","2026-09-14","Driveshaft to rear differential connection failure","BMW 540I 2022","The Office of Defects Investigation (ODI) received on September 1, 2026 a defect petition dated August 5, 2026, requesting an investigation into an alleged defect in BMW rear differential assemblies. The petitioner alleges Model year (MY) 2022 BMW 540i vehicles are experiencing a sudden mechanical failure that severs the drive connection between the driveshaft and the rear wheels. This defect petition has been opened to evaluate the issue and determine whether to grant or deny the petition. BMW filed Safety Recall 26V525 on August 12, 2026. The petition can be reviewed at NHTSA.gov under ODI number 11761650.","https://www.nhtsa.gov/recalls?nhtsaId=DP26009","",""
"far","79.1467","toyota-camry","2023 Toyota Camry SE","nhtsa-mc-11036668","manufacturer_communication","2026-09-02","Manufacturer communication CXA 08_26_MDEG NOx","DETROIT DIESEL DD5 ; DETROIT DIESEL DD8 ","CX Advocate for MDEG Exhaust Camshaft","https://www.nhtsa.gov/recalls?nhtsaId=11036668","",""
"far","79.1467","ram-2500","2019 Ram 2500 Laramie Crew Cab","nhtsa-cmpl-11761100","complaint","2026-08-31","Owner complaint 11761100: AUDI RS 3 2026","AUDI RS 3 2026","Door jamb on car states PSI should be COLD 49 PSI. However, the MAX PRESSURE printed on the tire itself, is 50 PSI. Through normal driving as temperature of the tire increases, it put the tire at an unsafe PSI of 53 and higher on hot days. This becomes a dangerous tire to drive on. WIth regular driving, tires will develop deformation driving on normal roads. The slightest bump can cause ""impact damage"" to the tire, to which the tire company and vehicle manufacturer state they are not responsible for the damage. Once there is damage to the tire, this now creates a very unsafe tire to drive on and could blow out and cause an incident. Tire: Bridgestone Potenza Sport 265/30ZR19 (93Y) and 245/35ZR19 (93Y) XL / Extra Load Audi OE specification: R2 ENLITEN Maximum inflation pressure: 50 PSI Maximum load: approximately: 1,433 lb","https://www.nhtsa.gov/recalls?nhtsaId=11761100","",""
"far","79.1467","honda-crv","2023 Honda CR-V Sport Touring Hybrid","nhtsa-cmpl-11763245","complaint","2026-09-09","Owner complaint 11763245: TESLA MODEL Y 2026","TESLA MODEL Y 2026","The car came to a standstill at an intersection with a red light and the proceeded through the red light. I have the video, the car was on FSD I have the video , cannot load it below.","https://www.nhtsa.gov/recalls?nhtsaId=11763245","",""
"far","79.1467","tesla-model-x","2024 Tesla Model X Plaid","nhtsa-cmpl-11762309","complaint","2026-09-05","Owner complaint 11762309: TOYOTA RAV4 2021","TOYOTA RAV4 2021","I have a faulty coolant bypass valve on my 2021 Toyota RAV4. Every time I turn on the air conditioning the service engine required comes up on my notifications a known recall problem for Toyota RAV4’s of this year","https://www.nhtsa.gov/recalls?nhtsaId=11762309","",""
"far","79.1467","toyota-tacoma","2024 Toyota Tacoma TRD Off-Road Double Cab","nhtsa-cmpl-11761984","complaint","2026-09-03","Owner complaint 11761984: FORD ESCAPE 2017","FORD ESCAPE 2017","My Ford Escape Titanium 2.0L 2017 started overheating. The coolant had just disappeared. The car sputtered in the morning with large plumes of white smoke. Due to the overheating my thermostat failed. I brought my car to the Art Hill Ford dealership in Merrilville Indiana for service. After a 5 hour pressure test, Tiffany A Depowski at Art Hill Ford Lincoln brought me to her desk and notified me and confirmed that I need a new engine due to Coolant Intrusion. The check engine light had been on for a couple months. I kept bringing the vehicle to my local mechanic. After he couldn't fix it I brought it to the dealer where they told me my engine needs to be replaced. Fortunately safety wasn't a direct factor. The risk of the engine seizing up while driving was a key factor with safety. The Ford invoice states verified coolant leak, recommend new engine is on the upload I sent under the section J#2","https://www.nhtsa.gov/recalls?nhtsaId=11761984","",""
"far","79.1467","ram-2500","2019 Ram 2500 Laramie Crew Cab","nhtsa-cmpl-11764805","complaint","2026-09-16","Owner complaint 11764805: TOYOTA COROLLA 2012","TOYOTA COROLLA 2012","The paint on my Corolla is And has been for years been bubbling up on the hood. Tried taking it to Middletown Toyota twice and twice paid money to try to get it fixed and it didn't work. Also contacted my insurance company,, Amica, and they saw the hood and said it was a manufacturer defect in paint preparation. I'm concerned about young children possible ingesting the paint accidentally. They ear paint off walls. Or flecks flying off while driving and getting into my wipers. Thank you!","https://www.nhtsa.gov/recalls?nhtsaId=11764805","",""
"far","79.1467","subaru-outback","2020 Subaru Outback Premium","nhtsa-cmpl-11766053","complaint","2026-09-22","Owner complaint 11766053: FORD EXPLORER 2024","FORD EXPLORER 2024","Officer was involved in a crash where the vehicles airbags were deployed. When the driver side seat airbag deployed it vented its gas towards the driver. When this happened the heat from the deployed air melted components on his police utility belt. If not for the police belt there is a high probability that the driver would have suffered burns similar to one of our other officers. We would like to know the reasoning behind the airbag vent being directed towards occupants.","https://www.nhtsa.gov/recalls?nhtsaId=11766053","",""
"far","79.1467","subaru-outback","2020 Subaru Outback Premium","nhtsa-cmpl-11765923","complaint","2026-09-21","Owner complaint 11765923: ACURA RLX 2016","ACURA RLX 2016","The contact owns a 2016 Acura RLX. The contact stated that while driving at various speeds and turning, the rear axle made a rubbing sound. The vehicle was taken to the dealer, where it was diagnosed and determined that the rear axle actuators had failed and needed to be replaced. The contact was informed that the repair was not covered because the 10-year extended warranty had expired. The manufacturer was notified of the failure by phone, and a case was filed, but coverage was denied. The contact was awaiting a callback from an Acura regional manager. The contact stated that the failure was a factory defect. The failure mileage was approximately 44,000.","https://www.nhtsa.gov/recalls?nhtsaId=11765923","",""
"far","79.1467","toyota-tacoma","2024 Toyota Tacoma TRD Off-Road Double Cab","nhtsa-cmpl-11762192","complaint","2026-09-04","Owner complaint 11762192: VOLVO S60 2017","VOLVO S60 2017","The contact owns a 2017 Volvo S60. The contact stated that the vehicle was unable to be locked, and it was possible that the door could open while driving. The contact associated the failure with NHTSA Campaign Number: 19V849000 (Latches/Locks/Linkages); however, the VIN was not included in the recall. The dealer confirmed the failure and determined that the battery drainage had caused the failure. The vehicle was not repaired.","https://www.nhtsa.gov/recalls?nhtsaId=11762192","",""
"far","79.1467","ford-f150","2022 Ford F-150 Lariat SuperCrew","nhtsa-mc-11036481","manufacturer_communication","2026-08-31","Over-the-air update notice 662.20","CADILLAC OPTIQ 2025","• Additional protection for battery health and to help prevent battery drain • Improved charging messaging in the driver display • Improved vehicle diagnostics • Improves traction and stability control when accelerating or on uneven terrain • Improves braking and stopping performance on low-traction surfaces • Improves the performance of assisted braking","https://www.nhtsa.gov/recalls?nhtsaId=11036481","",""
"far","79.1467","kia-telluride","2022 Kia Telluride SX","nhtsa-cmpl-11762764","complaint","2026-09-08","Owner complaint 11762764: JEEP RENEGADE 2017","JEEP RENEGADE 2017","Under normal driving conditions, coolant rapidly started leaking from the engine, and vehicle started overheating. UNKNOWN component failure, vehicle is currently at an independent service station. No warnings prior to overheating.","https://www.nhtsa.gov/recalls?nhtsaId=11762764","",""
"far","79.1467","porsche-911","2022 Porsche 911 Carrera S (992)","nhtsa-cmpl-11763752","complaint","2026-09-11","Owner complaint 11763752: FORD F-150 2015","FORD F-150 2015","I was driving my f150 and all of a sudden it downshifted with a bang into 5th gear. I slowed down and noticed my transmission wouldn't downshift into any other gear. I had to stop truck with it stuck in 5th gear and transmission cooling fan sounded like a turbo fan. There was a wrench light that displayed and when I checked the codes it came up with P0720/P0721/P0722. All pointed to transmission issue. Shortly after they came out with the safety recall and after the ""fix"" my truck thru P0722 code again. Then the customer satisfaction program sent out letter said they would replace the lead frame at no cost even if you had over 150k. I paid over $400 dollars and multiple trips to dealer, and they stated that the truck didn't display Fords specific DTC Codes. My codes were identical to recall in 2014, and deadbeat ford won't replace my lead frame even though it's the same issue since 2011. When will the NHTSA step in an require ford to fix a well-known issue with this transmission?","https://www.nhtsa.gov/recalls?nhtsaId=11763752","",""
"far","79.1467","honda-crv","2023 Honda CR-V Sport Touring Hybrid","nhtsa-mc-11036714","manufacturer_communication","2026-09-02","Service campaign DRW60 Repair a","MAZDA CX-50 2026; MAZDA CX-50 HYBRID 2026","Subject: Notification of Dealer Re-Work (DRW60) – 2026MY CX-50 and CX-50 Hybrid - Rear Door Glass Holder Detach Issue Dear Mazda Dealer Colleagues, Mazda Motor Corporation has decided to conduct a Dealer Re-Work on certain 2026MY CX-50 and CX-50 Hybrid vehicles. Please see the description, model, year, and VIN range below. Concern Outline: On certain subject vehicles, the rear door glass holder may detach from the door glass due to improper urethane adhesion. If the glass holder separates from the door glass, a rattling noise may occur, and the door glass may not roll down. Repair Outline: Replace both rear door glass in the vehicle (the rear door quarter glass is not affected).","https://www.nhtsa.gov/recalls?nhtsaId=11036714","",""
"far","79.1467","tesla-model-x","2024 Tesla Model X Plaid","nhtsa-mc-11036821","manufacturer_communication","2026-09-03","Service bulletin 09-98-22R","SUBARU ASCENT 2019/2020/2021/2022","This bulletin announces the availability of new reprograming files for the Engine Control Module (ECM) developed to remedy the following DTCs: P0016, P0017, P0018, P0019, P0014, P0024, P0128, P2109. If any of the DTCs listed above are found to be stored in the ECM, follow the procedures outlined in the bulletin. This is an revised version of the original bulletin.","https://www.nhtsa.gov/recalls?nhtsaId=11036821","",""
"far","79.1467","kia-telluride","2022 Kia Telluride SX","nhtsa-mc-11036702","manufacturer_communication","2026-09-02","Service bulletin PIT5869B","CADILLAC ESCALADE 2021/2022/2023/2024/2025/2026; CADILLAC ESCALADE ESV 2021/2022/2023/2024/2025/2026; CHEVROLET SUBURBAN 1500 2021/2022/2023/2024/2025/2026; CHEVROLET TAHOE 2021/2022/2023/2024/2025/2026; GMC YUKON 2021/2022/2023/2024/2025/2026; GMC YUKON XL 2021/2022/2023/2024/2025/2026","This PI provides a diagnostic tip when fuse F4DR is opening and dealerships are to inspect the wiring at the center console lid.","https://www.nhtsa.gov/recalls?nhtsaId=11036702","",""
"far","79.1467","porsche-911","2022 Porsche 911 Carrera S (992)","nhtsa-mc-11036585","manufacturer_communication","2026-09-01","Service bulletin CBR 2596 202608","MACK ANTHEM AN (4) 2026/2027; MACK PIONEER PR (4) 2025/2026/2027","The purpose of this CBR is to provide steps on how to correct a customer complaint of a no crank/engine start condition.","https://www.nhtsa.gov/recalls?nhtsaId=11036585","",""
"far","79.1467","bmw-x5","2021 BMW X5 xDrive45e","nhtsa-cmpl-11763869","complaint","2026-09-13","Owner complaint 11763869: SUBARU FORESTER 2020","SUBARU FORESTER 2020","Three times within 30 minutes on short drive, the engine stalled at stop sign or stop light. The car had a half tank of gas, and at the same time as the engine stalled, the miles remaining until empty display showed an anomalous 0.3miles to empty reading. Put the car in park allowed the engine to restart and the range remaining display to return to normal.","https://www.nhtsa.gov/recalls?nhtsaId=11763869","",""
"far","79.1467","subaru-outback","2020 Subaru Outback Premium","nhtsa-cmpl-11760411","complaint","2026-08-28","Owner complaint 11760411: FORD FLEX 2019","FORD FLEX 2019","As with many other 2019 Flex owners, I brought my Ford Flex in for a state inspection and surprise surprise! I have to replace my toe link already! Failure after failure.","https://www.nhtsa.gov/recalls?nhtsaId=11760411","",""
"far","79.1467","rivian-r1s","2023 Rivian R1S Adventure, Quad-Motor, Large pack","nhtsa-cmpl-11765975","complaint","2026-09-21","Owner complaint 11765975: AUDI A6 2024","AUDI A6 2024","The brake vacuum is leaking and it makes the brake hard when the car is off, as soon as I start the car after pushing the brake hard enough, the brake pedal returns to its normal state. I am concerned that if something happens to the break while I am driving, this is very risky. I went to the dealer four times and they are always telling me that the car is normal but before it didn’t have this problem. So the problem is not confirmed by the dealer. Also I have another Audi a6 same model that doesn’t have this problem.","https://www.nhtsa.gov/recalls?nhtsaId=11765975","",""
"far","79.1467","ford-bronco","2023 Ford Bronco Badlands 4-Door","nhtsa-mc-11037364","manufacturer_communication","2026-09-17","Manufacturer communication OTHERDOC_177","JEEP GLADIATOR 2026/2027; JEEP WRANGLER 2026/2027; JEEP WRANGLER 4XE 2026","Radio Over The Air Update to U43.17 R1H Software Version (FOTA) Customers may experience one or more of the following:- Navigation Stability - Android Auto & Carplay stability & connectivity- Distorted/glitchy display prior to start‑up animation- Text appearance display- Widget incorrect display- Turn signal blind spot response timing- Audio cut out - Drive Modes selection- Park assist Guidelines selction","https://www.nhtsa.gov/recalls?nhtsaId=11037364","",""
"far","79.1467","honda-crv","2023 Honda CR-V Sport Touring Hybrid","nhtsa-mc-11036770","manufacturer_communication","2026-09-03","Service bulletin 9100867 Rev 1","RAM 1500 2025/2026/2027","MODULE Air Bag Control CAUTION: If ORC contains active or stored B2207 DTC AND the vehicle contains a Pulse module (or other 3rd party non-approved devices, see below for more details) - DO NOT SUBMIT ORC WARRANTY CLAIM. Please ensure vehicle voltage is within specified limits. Most faults will store after an ignition cycle if the vehicle voltage is within specified limits. Check TERMINAL RETENTION ON CONNECTOR C1 PIN 11, CIRCUT D 282 CAN FD+_2 and repair any loose connection. For Loss OF Communication faults, please follow the diagnostic service routine in Service Library and confirm these steps before ORC replacement. Reference Service Library Section 28 - DTC-Based Diagnostics / MODULE, Body Control (BCM) / Diagnosis and Testing / U0151-00-LOST COMMUNICATION WITH RESTRAINTS CONTROL MODULE. The Standard Procedure / COMMUNICATION DIAGNOSTIC PROCEDURE must be performed before replacing any component(s) or module(s). AT A MINIMUM THESE PROCEEDURES MUST BE CHECKED: 1). (Refer to 28 - DTC-Based Diagnostics/MODULE, Body Control (BCM) / Standard Procedure). 2). COMMUNICATIONS DIAGNOSTIC PROCEDURE - LOSS OF COMMUNICATION DIAGNOSTIC PROCEDURE If the vehicle has ORC fault B2207 - Occupant ","https://www.nhtsa.gov/recalls?nhtsaId=11036770","",""
"far","79.1467","porsche-911","2022 Porsche 911 Carrera S (992)","nhtsa-mc-11036417","manufacturer_communication","2026-08-27","Service bulletin A26-097","HONDA CIVIC 2016/2017; HONDA CIVIC SI 2017","Service Bulletin - Under certain conditions, the cylinder head gasket effectiveness may be reduced which may cause vehicles to experience overheating, coolant loss, misfire and/or DTCs P0300 thru P0304 stored.","https://www.nhtsa.gov/recalls?nhtsaId=11036417","",""
"far","79.1467","toyota-tacoma","2024 Toyota Tacoma TRD Off-Road Double Cab","nhtsa-cmpl-11761919","complaint","2026-09-03","Owner complaint 11761919: HYUNDAI SANTA FE HYBRID 2025","HYUNDAI SANTA FE HYBRID 2025","The contact owns a 2025 Hyundai Santa Fe. The contact stated that while driving 40 MPH, the instrument panel went blank. The contact was able to pull over safely after the failure. The contact associated the failure with NHTSA Campaign Number: 26V047000 (Electrical System); however, the VIN was not include in the recall. The dealer was contacted by phone. The manufacturer was contacted by phone and made aware of the failure. The failure mileage was approximately 7,900.","https://www.nhtsa.gov/recalls?nhtsaId=11761919","",""
"far","79.1467","honda-crv","2023 Honda CR-V Sport Touring Hybrid","nhtsa-cmpl-11761698","complaint","2026-09-02","Owner complaint 11761698: BMW X5 2026","BMW X5 2026","Driving on highway using assisted driving pro (hands off steering wheel and feet off pedals). Speed set for 65 or 67. Driver's phone call came up on display screen. Passenger answered and hung up on screen. Driver did not touch wheel. Car started accelerating. Reached 93 mph before realized what was happening and able to apply brakes. Short time later tried to reengage speed and verbally requested increase to 65 or 67. Car set cruise control to 110. Both passengers heard 65 or 67, definitely not 110. Applied brake and didn't use any driver assistance controls for remainder of trip. Nice weather, no glare, light traffic. Software update was installed the day before. BMW dealership found no problem. National BMW consumer line suggested setting speed manually with buttons on steering wheel instead of verbally.","https://www.nhtsa.gov/recalls?nhtsaId=11761698","",""
"far","79.1467","jeep-wrangler","2022 Jeep Wrangler Unlimited Rubicon 4xe","nhtsa-mc-11037304","manufacturer_communication","2026-09-14","Service bulletin 37911.1.0","VOLVO EX60 2027","This is a TJ - Text only - no attachments - If any unit is not responding in the Network Topology before PDS upgrade, If the car is still on Factory Software, the VIDA diagnostic script ""Disconnect main battery"" to perform the low-voltage system power down will not work. It is required to install SP 80082324 under manual order to complete the low-voltage system power down. follow advice under Service.","https://www.nhtsa.gov/recalls?nhtsaId=11037304","",""
"far","79.1467","toyota-tacoma","2024 Toyota Tacoma TRD Off-Road Double Cab","nhtsa-cmpl-11766326","complaint","2026-09-23","Owner complaint 11766326: HIGHLAND RIDGE FW HIGHLANDER 2019","HIGHLAND RIDGE FW HIGHLANDER 2019","The contact owns a 2019 Highland Ridge Highland RV. The contact stated that while driving 60 MPH and hauling the travel trailer, the axle weld and frame fractured. The contact was unable to pull the trailer. The contact stated that the road was bumpy while driving. The vehicle was towed. There was a fire within the axle three years prior. Lippert Industries, the manufacturer, was contacted by phone. The insurance company inspected the trailer and determined there was a manufacturer defect. An appointment was scheduled but it was uncertain that the RV was repairable.","https://www.nhtsa.gov/recalls?nhtsaId=11766326","",""
"far","79.1467","hyundai-ioniq5","2023 Hyundai Ioniq 5 SEL AWD Long Range","nhtsa-mc-11036423","manufacturer_communication","2026-08-27","Service bulletin B26-003","ACURA INTEGRA 2023/2024/2025/2026","Service Bulletin - Under certain conditions, the cylinder head gasket effectiveness may be reduced which may cause vehicles to experience overheating, coolant loss, misfire and/or DTCs P0300 thru P0304 stored.","https://www.nhtsa.gov/recalls?nhtsaId=11036423","",""
"far","79.1467","bmw-x5","2021 BMW X5 xDrive45e","nhtsa-cmpl-11765000","complaint","2026-09-17","Owner complaint 11765000: FORD ESCAPE 2019","FORD ESCAPE 2019","Vehicle has coolant intrusion into cylinders verified by Ford dealer","https://www.nhtsa.gov/recalls?nhtsaId=11765000","",""
"far","79.1467","subaru-outback","2020 Subaru Outback Premium","nhtsa-cmpl-11765494","complaint","2026-09-19","Owner complaint 11765494: JEEP GRAND CHEROKEE 2016","JEEP GRAND CHEROKEE 2016","While attempting to remove a child's car seat situated in the rear left passenger seat of the jeep, the release latch failed to allow the seat belt to be released. We had to use a pry bar to physically pry the seat belt rearward in the seat, damaging the seat belt latch before the mechanism finally released the latch.","https://www.nhtsa.gov/recalls?nhtsaId=11765494","",""
"far","79.1467","porsche-911","2022 Porsche 911 Carrera S (992)","nhtsa-mc-11036412","manufacturer_communication","2026-08-27","Service bulletin A26-013","HONDA CIVIC HYBRID 2025/2026","Service Bulletin - Under certain conditions, the cylinder head gasket effectiveness may be reduced which may cause vehicles to experience overheating, coolant loss, misfire and/or DTCs P0300 thru P0304 stored.","https://www.nhtsa.gov/recalls?nhtsaId=11036412","",""
"far","79.1467","porsche-911","2022 Porsche 911 Carrera S (992)","nhtsa-mc-11037139","manufacturer_communication","2026-09-08","Manufacturer communication D101 Range Rover 21AUG26","LAND ROVER RANGE ROVER 2023/2024/2025; LAND ROVER RANGE ROVER SPORT 2023/2024/2025","Inadequate penetration of welding between the cells, the battery’s capacity and therefore the vehicle’s electric range may be depleted below the design intent","https://www.nhtsa.gov/recalls?nhtsaId=11037139","",""
"far","79.1467","ford-f150","2022 Ford F-150 Lariat SuperCrew","nhtsa-cmpl-11764285","complaint","2026-09-15","Owner complaint 11764285: KIA SOUL 2019","KIA SOUL 2019","Burns way to much oil then it should for a 2019. I have to put a quart of oil in every 1,000 miles due to the oil consumption the motor does.","https://www.nhtsa.gov/recalls?nhtsaId=11764285","",""
"far","79.1467","kia-telluride","2022 Kia Telluride SX","nhtsa-mc-11036844","manufacturer_communication","2026-09-03","Service bulletin KTB2613","KTM 390 DUKE 2025","Due to an error during vehicle packaging (see Fig. 1), there is a possibility that air has entered the master cylinder of the front brake system from the expansion tank (see Fig. 2). This can result in a spongy brake lever feel. Therefore, KTM North America, Inc. is ordering the bleeding of the master cylinder of the front brake system.","https://www.nhtsa.gov/recalls?nhtsaId=11036844","",""
"far","79.1467","ram-2500","2019 Ram 2500 Laramie Crew Cab","nhtsa-mc-11036476","manufacturer_communication","2026-08-31","Over-the-air update notice 662.40","CHEVROLET SILVERADO EV 2024; GMC SIERRA EV 2024","• Additional protection for battery health and to help prevent battery drain • Improved charging messaging in the driver display • Improved vehicle diagnostics","https://www.nhtsa.gov/recalls?nhtsaId=11036476","",""
"far","79.1467","porsche-911","2022 Porsche 911 Carrera S (992)","nhtsa-mc-11037053","manufacturer_communication","2026-09-04","Service bulletin No. 240-24-5","PORSCHE TAYCAN 2020/2021/2022/2023/2024; PORSCHE TAYCAN 4 CROSS TURISMO 2021/2022/2023/2024; PORSCHE TAYCAN 4S 2020/2021/2022/2023/2024; PORSCHE TAYCAN 4S CROSS TURISMO 2021/2022/2023/2024; PORSCHE TAYCAN CROSS TURISMO 2020/2021/2022/2023; PORSCHE TAYCAN GTS 2022/2023/2024; PORSCHE TAYCAN GTS SPORT TURISMO 2022/2023/2024; PORSCHE TAYCAN TURBO 2020/2021/2022/2023/2024; PORSCHE TAYCAN TURBO CROSS TURISM 2021/2022/2023/2024; PORSCHE TAYCAN TURBO S 2020/2021/2022/2023/2024; PORSCHE TAYCAN TURBO S CROSS TURI 2021/2022/2023/2024","Technical Information for Replacement Requirement for 22 kW High-Voltage Charger - OBC","https://www.nhtsa.gov/recalls?nhtsaId=11037053","",""
"far","79.1467","tesla-model-x","2024 Tesla Model X Plaid","nhtsa-mc-11036394","manufacturer_communication","2026-08-27","Service bulletin PIC6656A","CADILLAC OPTIQ 2025/2026/2027; CHEVROLET EQUINOX EV 2024/2025/2026/2027","This Preliminary information communicates to the technician the direction needed when encounter a noise complaint for the rear disc brakes.","https://www.nhtsa.gov/recalls?nhtsaId=11036394","",""
"far","79.1467","tesla-model-x","2024 Tesla Model X Plaid","nhtsa-mc-11037450","manufacturer_communication","2026-09-23","Service bulletin P003","KENWORTH T680 2025; KENWORTH T880 2025; PETERBILT 579 2025/2026","""KW: A link to the PACCAR Powertrain Prognostics Webcast has been added in the Links section. PB: The chassis list has been updated to include 1 chassis. The total chassis count is now 10. A link to the PACCAR Powertrain Prognostics Webcast has been added in the Links section.""","https://www.nhtsa.gov/recalls?nhtsaId=11037450","",""
"far","79.1467","rivian-r1s","2023 Rivian R1S Adventure, Quad-Motor, Large pack","nhtsa-mc-11037318","manufacturer_communication","2026-09-15","Service campaign N262570770","CADILLAC XT5 2023/2024/2025; CADILLAC XT6 2023/2024/2025; CHEVROLET BLAZER 2024/2025","Certain vehicles may have a condition in which the thermal break tabs induce stress into the radiator causing a coolant leak. Dealers are to cut the thermal break tabs on the radiator.","https://www.nhtsa.gov/recalls?nhtsaId=11037318","",""
"far","79.1467","ram-2500","2019 Ram 2500 Laramie Crew Cab","nhtsa-mc-11037257","manufacturer_communication","2026-09-10","Service bulletin PIT6546","BUICK ENVISION 2026","This Preliminary information describes a condition where engineering is working on a solution to a P0494 DTC stored in the ECM.","https://www.nhtsa.gov/recalls?nhtsaId=11037257","",""
"far","79.1467","ford-f150","2022 Ford F-150 Lariat SuperCrew","nhtsa-cmpl-11765143","complaint","2026-09-17","Owner complaint 11765143: GMC CANYON 2026","GMC CANYON 2026","Intermediate steering column defect causing a pronounced dashboard rattle. The dealer (Putnam GMC, Burlingame, CA) diagnosed the issue under warranty, but the required part is on national backorder with no ship date. The vehicle has been out of service at the dealership since September 2, 2026 awaiting the part. This is a steering-related defect on a brand-new vehicle with approximately 1,500 miles.","https://www.nhtsa.gov/recalls?nhtsaId=11765143","",""
"far","79.1467","ford-f150","2022 Ford F-150 Lariat SuperCrew","nhtsa-mc-11036446","manufacturer_communication","2026-08-28","Service campaign NTB16-079A","NISSAN TITAN XD 2016","VOLUNTARY SERVICE CAMPAIGN 2016 TITAN XD; ELECTRONIC TAILGATE LOCK","https://www.nhtsa.gov/recalls?nhtsaId=11036446","",""
"far","79.1467","ford-bronco","2023 Ford Bronco Badlands 4-Door","nhtsa-cmpl-11762062","complaint","2026-09-04","Owner complaint 11762062: MAZDA CX-5 2023","MAZDA CX-5 2023","When my car starts up, engine rpm is around 1500 or above 1000. If I would switch to reverse, the car sudden jerks back stronger and quicker than I expected even though my foot isn’t on the accelerator pedal and have pressed the brake lightly.","https://www.nhtsa.gov/recalls?nhtsaId=11762062","",""
"far","79.1467","subaru-outback","2020 Subaru Outback Premium","nhtsa-mc-11036869","manufacturer_communication","2026-09-04","Manufacturer communication TT 66 26 01","VOLKSWAGEN TIGUAN 2026","Mis-installed foam blocks for rear lid spoiler","https://www.nhtsa.gov/recalls?nhtsaId=11036869","",""
"far","79.1467","porsche-911","2022 Porsche 911 Carrera S (992)","nhtsa-cmpl-11762868","complaint","2026-09-08","Owner complaint 11762868: TOYOTA C-HR 2021","TOYOTA C-HR 2021","Driving to [XXX] from [XXX] to visit my [XXX] mother. Stopped in [XXX] called my brother to come fallow me the rest of the way because a noise that started under the car was very disturbing. My brother fallowed. Me the rest of the way to [XXX] to my sisters house. This was XXX the following day my sister had me take it into a local shop in town. They said it was the transmission and I knew I couldn’t afford a new transmission I just bought the car a week ago for $17,000. I asked the dealer to help nothing asked Toyota for help nothing . Decided to get a second opinion and took it to AAMCO same diagnosis. This powertrain if it would have seized up while driving I could have been killed or hurt or even worse I could have hurt a child or killed a child. This is unexceptionable. Why is it that they are doing something for people in [XXX] but not the [XXX]. Are we less important? I know they are under investigation but allmost all the companies that are having problems with there cvt transmissions are at least trying to do something. I have multiple sclerosis and this stressed me out so much I went to the emergency room to get care. Please make them take accountability. We are important","https://www.nhtsa.gov/recalls?nhtsaId=11762868","",""
"far","79.1467","ford-mach-e","2023 Ford Mustang Mach-E GT, extended range","nhtsa-mc-11036809","manufacturer_communication","2026-09-03","Service bulletin 16-154-25R","SUBARU ASCENT 2019/2020/2021/2022/2023/2024/2025; SUBARU CROSSTREK 2018/2019/2020/2021/2022/2023/2024/2025/2026; SUBARU FORESTER 2019/2020/2021/2022/2023/2024/2025/2026; SUBARU IMPREZA 2017/2018/2019/2020/2021/2022/2023/2024/2025/2026; SUBARU LEGACY 2018/2019/2020/2021/2022/2023/2024/2025; SUBARU OUTBACK 2018/2019/2020/2021/2022/2023/2024/2025/2026; SUBARU WRX 2022/2023/2024/2025","This Service Information Bulletin announces the release of a new diagnostic assistance application for TR690 and TR580 CVT-equipped vehicles. This is an revised version of the original bulletin.","https://www.nhtsa.gov/recalls?nhtsaId=11036809","",""